项目管理中心策划设计业务收入台账,,,,,,,,,,,,,,,,,,,,,,,,,,,,,,,,,,,,,,,,,,,,,,,,,,,,,,,,,,,,,,,,,,,,,,,,,,,,,,,,,,,,,,,,,,,,,,
合同基本信息,,,,,,,,,,,,,各部门合同额,,,,,,,,,,,,,,,收款条件,,,,节点执行情况,,,,,,,,,,,业务部门履约进展,,,累计,,,,,,各部门收入分配,,,,,,,,,,,,,,各部门回款分配,,,,,,,,,,,,,,法律合规,,,,开始时间,45323.00 ,,,,,,,,,
序号,区域,签订日期,项目名称,项目编号, ,合同编号,类型,甲方合同编号,"甲方单位
名称",总建面,单价描述,合同总金额,客研,创作中心,创作一室,创作二室,创作三室,工程中心,"工程精装
工作室",咨询,BIM中心,"BIM智慧
建造工作室",TOD中心,精装中心,D e si g n R,项目管理,外委归属部门,次序,合同付款节点,比例,合同节点金额,收入金额,形式,收入日期,产值确认金额,产值确认日期,实际开票金额,开票日期,回款金额,回款时间,应收账款,备注,设计进度,"商务
沟通情况",成果确认单确认日期,累计收入,累计开票金额,累计回款金额,剩余收入,已确认收入未开票,已开票未回款,客研,创作中心,创作一室,创作二室,创作三室,工程,"工程精装
工作室",咨询,BIM中心,"BIM智慧
建造工作室",TOD中心,精装中心,DesignR,项目管理,客研,创作中心,创作一室,创作二室,创作三室,工程,"工程精装
工作室",咨询,BIM中心,"BIM智慧
建造工作室",TOD中心,精装中心,DesignR,项目管理,形成方式,合同审批方式,,,结束时间,45351.00 ,,,,,,,,,
说明,区域简称,"统一以XXXX/X/XX的
日期格式，预计签订日期字体标蓝","与项目编号
表的名称一致","与项目编号
表的项目号一致",合同全称，勿简写,法务出具的设计公司编号,方案/施工图/策划/可研/管理/协同,,甲方单位全称,㎡,描述,"为含税价
公式：各部门合同额之和",填写金额，没有写0,填写金额，没有写0,填写金额，没有写0,填写金额，没有写0,填写金额，没有写0,填写金额，没有写0,填写金额，没有写0,填写金额，没有写0,填写金额，没有写0,填写金额，没有写0,,,,"指项目管理
中心",部门：外委金额,付款次序,合同节点描述,合同节点规定比例,节点金额,"指对应节点开票/产值确认单金额
公式：各部门收入求和，预计金额字体标蓝","开票/产值确认单
","为财务入账日期
；预计收入
日期字体标蓝色",输入,以产值确认单确认节点收入的输入日期，直接开票的填“/”,输入,输入开票日期,公式：各部门回款求和，预计金额字体标蓝,"预计回款
时间字体标蓝色，日期以“年/月/10/20/30标记",公式：收入-回款,付款相关内容,业务部门汇报设计进度。例：完成XXXX，XXXX未完成,项目管理中心填写与甲方沟通进展,"资金会日期/
成果确认日期",公式：AB列求和,公式：AG列求和,公式：AI列求和,公式：合同总额-累计收入,公式：累计收入-累计开票,公式：累计开票-累计回款,"手动输入数值，
预计数据字体标蓝","手动输入数值，
预计数据字体标蓝","手动输入数值，
预计数据字体标蓝","手动输入数值，
预计数据字体标蓝","手动输入数值，
预计数据字体标蓝","手动输入数值，
预计数据字体标蓝","手动输入数值，
预计数据字体标蓝","手动输入数值，
预计数据字体标蓝","手动输入数值，
预计数据字体标蓝","手动输入数值，
预计数据字体标蓝",,,,"手动输入数值，
预计数据字体标蓝","手动输入数值，
预计数据字体标蓝","手动输入数值，
预计数据字体标蓝","手动输入数值，
预计数据字体标蓝","手动输入数值，
预计数据字体标蓝","手动输入数值，
预计数据字体标蓝","手动输入数值，
预计数据字体标蓝","手动输入数值，
预计数据字体标蓝","手动输入数值，
预计数据字体标蓝","手动输入数值，
预计数据字体标蓝","手动输入数值，
预计数据字体标蓝",,,,"手动输入数值，
预计数据字体标蓝",直接委托/投标(公开/邀请)/比价,OA/线下,,,合同额,,,收入(不含税）,,,回款,,,,
1,贵州,43631.00 ,张家口万全项目,无,张家口市万全区建筑工程设计合同,CRCCRE-SJ-CZ-2019-007,方案+施工图,CRCCRE-CX-BJRD-ZJK-QQ-2019-007,中铁房地产集团张家口建设开发有限公司（甲方）,355047.68 ,"
方案18元/平米、施工图23.5/平米",14734478.72 ,0.00 ,0.00 ,0.00 ,6390858.24 ,0.00 ,8343620.48 ,0.00 ,0.00 ,0.00 ,0.00 ,0.00 ,,,0.00 ,工程中心：2340639,1.00 ,合同签订后,0.20 ,2946895.74 ,2946895.75 ,产值确认单,43777.00 ,2946895.75 ,43777.00 ,3000000.00 ,43823.00 ,3000000.00 ,43818.00 ,0.35 ,,合同签订,,43631.00 ,9872100.74 ,9872100.74 ,7551420.00 ,4862377.98 ,0.00 ,2320680.74 ,,,,3400469.16 ,,4150951.19 ,,,,,,,,,,,,1300000.00 ,,1700000.00 ,,,,,,,,,投标,线下,,,项目管理中心,0.00 ,,项目管理中心,0.00,,项目管理中心,159.72,,,
,,,,,,,,,,,,,,,,,,,,,,,,,,,,2.00 ,全部规划方案设计部分完成，按照万全区规划委员会上会深度要求完成方案册制作，且通过甲方委托的第三方审核且乙方配合甲方根据第三方审核的结果对其设计图进行调整，并取得规划方案红线图，并经甲方确认七日内。,0.06 ,884068.72 ,884068.72 ,产值确认单,43777.00 ,884068.72 ,43777.00 ,2500000.00 ,43917.00 ,2500000.00 ,43921.00 ,,,完成,,,,,,,,,,,,,,,,,,,,,,,,,,1150000.00 ,,1350000.00 ,,,,,,,,,,,,,TOD与规划研究中心,0.00 ,,TOD与规划研究中心,0.00,,TOD与规划研究中心,0.00,,,
,,,,,,,,,,,,,,,,,,,,,,,,,,,,3.00 ,提供综合管线初步设计图，并经甲方确认七日内,0.04 ,589379.15 ,589379.15 ,产值确认单,43777.00 ,589379.15 ,43777.00 ,1000000.00 ,43938.00 ,1000000.00 ,44134.00 ,,,完成,,,,,,,,,,,,,,,,,,,,,,,,,,460000.00 ,,540000.00 ,,,,,,,,,,,,,创作中心,0.00 ,,创作中心,0.00,,创作中心,74.11,,,
,,,,,,,,,,,,,,,,,,,,,,,,,,,,4.00 ,提供建筑施工图内审图纸（包括施工解释性图纸）后七日内,0.06 ,920904.92 ,920904.92 ,产值确认单,43777.00 ,920904.92 ,43777.00 ,1051420.00 ,44328.00 ,1051420.00 ,44328.00 ,,,完成,,,,,,,,,,,,,,,,,,,,,,,,,,490469.00 ,,560951.00 ,,,,,,,,,,,,,创作一室,95.00 ,,创作一室,0.00,,创作一室,40.00,,,
,,,,,,,,,,,,,,,,,,,,,,,,,,,,5.00 ,根据甲方内审意见，以及市政、园林设计单位意见，完成建筑施工图纸修改，并经甲方确认后七日内,0.05 ,736723.94 ,736723.94 ,产值确认单,43777.00 ,736723.94 ,43777.00 ,,,,,,,完成,,,,,,,,,,,,,,,,,,,,,,,,,,,,,,,,,,,,,,,,,创作二室,200.00 ,,创作二室,0.00,,创作二室,50.00,,,
,,,,,,,,,,,,,,,,,,,,,,,,,,,,6.00 ,建筑施工图完成外审批复，取得外审单位批文，提交正式施工图纸后七日内,0.05 ,736723.94 ,736723.94 ,产值确认单,43777.00 ,736723.94 ,43777.00 ,,,,,,,完成,,,,,,,,,,,,,,,,,,,,,,,,,,,,,,,,,,,,,,,,,创作三室,0.00 ,,创作三室,0.00,,创作三室,0.00,,,
,,,,,,,,,,,,,,,,,,,,,,,,,,,,7.00 ,建筑施工图完成人防批复，取得当地人防单位批文，提交正式施工图纸后七日内,0.03 ,368361.97 ,368361.97 ,产值确认单,43777.00 ,368361.97 ,43777.00 ,,,,,,,完成,,,,,,,,,,,,,,,,,,,,,,,,,,,,,,,,,,,,,,,,,咨询中心,0.00 ,,咨询中心,0.00,,咨询中心,0.00,,,
,,,,,,,,,,,,,,,,,,,,,,,,,,,,8.00 ,取得建设工程规划许可证后七日内,0.03 ,368361.97 ,368361.97 ,产值确认单,43777.00 ,368361.97 ,43777.00 ,,,,,,,完成,,,,,,,,,,,,,,,,,,,,,,,,,,,,,,,,,,,,,,,,,咨询工作室,0.00 ,,咨询工作室,0.00,,咨询工作室,82.77,,,
,,,,,,,,,,,,,,,,,,,,,,,,,,,,9.00 ,全部规划方案设计部分完成，按照万全区规划委员会上会深度要求完成方案册制作，且通过甲方委托的第三方审核且乙方配合甲方根据第三方审核的结果对其设计图进行调整，并取得规划方案红线图，并经甲方确认七日内。,0.10 ,1473447.87 ,2320680.39 ,产值确认单,44532.00 ,2320680.39 ,44547.00 ,700000.00 ,44547.00 ,700000.00 ,44580.00 ,,,,,,,,,,,,,,,2320680.39 ,,,,,,,,,,,,,,700000.00 ,,,,,,,,,,,,,,,工程设计中心,0.00 ,,工程设计中心,0.00,,工程设计中心,0.00,,,
,,,,,,,,,,,,,,,,,,,,,,,,,,,,,,,,,,,,,1620680.74 ,45946.00 ,1620680.74 ,,,,,,,,,,,,,,,,,,,,,,,,,,,,,,1620680.74 ,,,,,,,,,,,,,,,,,,,,,,,,,
,,,,,,,,,,,,,,,,,,,,,,,,,,,,10.00 ,提供综合管线施工图，与外部协作设计单位协调完毕，并经甲方确认七日内,0.04 ,552542.95 ,,,,,,,,,,,,,,,,,,,,,,,,,,,,,,,,,,,,,,,,,,,,,,,,,,,,,精装中心,0.00 ,,精装中心,0.00,,精装中心,0.00,,,
,,,,,,,,,,,,,,,,,,,,,,,,,,,,11.00 ,提供建筑施工图内审图纸（包括施工解释性图纸）后七日内,0.05 ,736723.94 ,,,,,,,,,,,,,,,,,,,,,,,,,,,,,,,,,,,,,,,,,,,,,,,,,,,,,BIM中心,0.00 ,,BIM中心,0.00,,BIM中心,21.80,,,
,,,,,,,,,,,,,,,,,,,,,,,,,,,,12.00 ,根据甲方内审意见，以及市政、园林设计单位意见，完成建筑施工图纸修改，并经甲方确认后七日内,0.04 ,589379.15 ,,,,,,,,,,,,,,,,,,,,,,,,,,,,,,,,,,,,,,,,,,,,,,,,,,,,,"BIM中心
智慧建造工作室",0.00 ,,"BIM中心
智慧建造工作室",1.50,,"BIM中心
智慧建造工作室",0.00,,,
,,,,,,,,,,,,,,,,,,,,,,,,,,,,13.00 ,建筑施工图完成外审批复，取得外审单位批文，提交正式施工图纸后七日内,0.04 ,589379.15 ,,,,,,,,,,,,,,,,,,,,,,,,,,,,,,,,,,,,,,,,,,,,,,,,,,,,,合计(万元）,295.00 ,,合计(万元）,1.50,,合计(万元）,428.40,,,
,,,,,,,,,,,,,,,,,,,,,,,,,,,,14.00 ,建筑施工图完成人防批复，取得当地人防单位批文，提交正式施工图纸后七日内,0.02 ,14734478.72 ,,,,,,,,,,,,,,,,,,,,,,,,,,,,,,,,,,,,,,,,,,,,,,,,,,,,,,,,,,,,,,,
,,,,,,,,,,,,,,,,,,,,,,,,,,,,15.00 ,取得建设工程规划许可证后七日内,0.02 ,14734478.72 ,,,,,,,,,,,,,,,,,,,,,,,,,,,,,,,,,,,,,,,,,,,,,,,,,,,,,,,,,,,,,,,
,,,,,,,,,,,,,,,,,,,,,,,,,,,,16.00 ,提供综合管线施工图，与外部协作设计单位协调完毕，并经甲方确认七日内,0.03 ,14734478.72 ,,,,,,,,,,,,,,,,,,,,,,,,,,,,,,,,,,,,,,,,,,,,,,,,,,,,,,,,,,,,,,,
,,,,,,,,,,,,,,,,,,,,,,,,,,,,17.00 ,项目出正负零后,0.01 ,206282.70 ,,,,,,,,,,,,,,,,,,,,,,,,,,,,,,,,,,,,,,,,,,,,,,,,,,,,,,,,,,,,,,,
,,,,,,,,,,,,,,,,,,,,,,,,,,,,18.00 ,项目结构封顶后七日内,0.02 ,309424.05 ,,,,,,,,,,,,,,,,,,,,,,,,,,,,,,,,,,,,,,,,,,,,,,,,,,,,,,,,,,,,,,,
,,,,,,,,,,,,,,,,,,,,,,,,,,,,19.00 ,项目机电安装、内外装均完成后七日内,0.02 ,257853.38 ,,,,,,,,,,,,,,,,,,,,,,,,,,,,,,,,,,,,,,,,,,,,,,,,,,,,,,,,,,,,,,,
,,,,,,,,,,,,,,,,,,,,,,,,,,,,20.00 ,项目竣工验收完成后七日内,0.02 ,257853.38 ,,,,,,,,,,,,,,,,,,,,,,,,,,,,,,,,,,,,,,,,,,,,,,,,,,,,,,,,,,,,,,,
,,,,,,,,,,,,,,,,,,,,,,,,,,,,21.00 ,项目出正负零后,0.02 ,14734478.72 ,,,,,,,,,,,,,,,,,,,,,,,,,,,,,,,,,,,,,,,,,,,,,,,,,,,,,,,,,,,,,,,
,,,,,,,,,,,,,,,,,,,,,,,,,,,,22.00 ,项目结构封顶后七日内,0.02 ,14734478.72 ,,,,,,,,,,,,,,,,,,,,,,,,,,,,,,,,,,,,,,,,,,,,,,,,,,,,,,,,,,,,,,,
,,,,,,,,,,,,,,,,,,,,,,,,,,,,23.00 ,项目机电安装、内外装均完成后七日内,0.02 ,14734478.72 ,,,,,,,,,,,,,,,,,,,,,,,,,,,,,,,,,,,,,,,,,,,,,,,,,,,,,,,,,,,,,,,
,,,,,,,,,,,,,,,,,,,,,,,,,,,,24.00 ,项目竣工验收完成后七日内,0.02 ,14734478.72 ,0.00 ,,,,,,,0.00 ,,0.00 ,,,,,,,,,,,,,,,,,,,,,,,,,,,,,,,,,,,,,,,,,,,,,,,,,,,,,
2,创投,43617.00 ,平谷夏各庄项目（完成）,无,北京市平谷区夏各庄镇PG11-0100-6103 等地块R2二类居住用地项目建设工程设计优化咨询与BIM业务服务合同,CRCCRE-SJ-ZX-2019-007,咨询+BIM,,北京润谷置业有限公司,178000.00 ,咨询：5元/平米，BIM：3.5元/平米,1513000.00 ,0.00 ,0.00 ,0.00 ,0.00 ,0.00 ,0.00 ,0.00 ,890000.00 ,623000.00 ,0.00 ,0.00 ,,,0.00 ,,1.00 ,签订合同,0.20 ,302600.00 ,302600.00 ,产值确认单,43800.00 ,302600.00 ,43800.00 ,302600.00 ,43931.00 ,302600.00 ,43943.00 ,0.00 ,,完成,,,1086804.72 ,1086804.72 ,1086804.72 ,426195.28 ,0.00 ,0.00 ,,,,,,,,178000.00 ,124600.00 ,,,,,,,,,,,,,178000.00 ,124600.00 ,,,,,,投标,OA,,,,,,,,,,,,,
,,,,,,,,,,,,,,,,,,,,,,,,,,,,2.00 ,完成全部优化咨询工作且向甲方提交优化成果（包括但不限于优化后的设计文件、设计咨询意见书、全专业BIM模型、预制构件模型、BIM碰撞检查报告和项目BIM管综优化建议报告等）并经甲方确认认可,0.40 ,605200.00 ,605200.00 ,产值确认单,43800.00 ,605200.00 ,43800.00 ,605200.00 ,44568.00 ,605200.00 ,44579.00 ,0.00 ,铁建银信，22年7月15日到期,,,,,,,,,,,,,,,,,387600.00 ,217600.00 ,,,,,,,,,,,,,387600.00 ,217600.00 ,,,,,,,,,,,,,,,,,,,,
,,,,,,,,,,,,,,,,,,,,,,,,,,,,,,0.20 ,302600.00 ,179004.72 ,产值确认单,44539.00 ,179004.72 ,44539.00 ,179004.72 ,44568.00 ,179004.72 ,44579.00 ,0.00 ,,,,,,,,,,,,,,,,,,105296.89 ,73707.83 ,,,,,,,,,,,,,105296.89 ,73707.83 ,,,,,,,,,,,,,,,,,,,,
,,,,,,,,,,,,,,,,,,,,,,,,,,,,3.00 ,课题在集团公司立项,0.10 ,151300.00 ,0.00 ,,,,,,,0.00 ,,0.00 ,,,,,,,,,,,,,,,,,,,,,,,,,,,,,,,,,,,,,,,,,,,,,,,,,,,,,
,,,,,,,,,,,,,,,,,,,,,,,,,,,,4.00 ,课题形成最终成果文件,0.10 ,151300.00 ,0.00 ,,,,,,,0.00 ,,0.00 ,,,,,,,,,,,,,,,,,,,,,,,,,,,,,,,,,,,,,,,,,,,,,,,,,,,,,
3,东北,43532.00 ,"长春西派唐颂一期
（完成）",无,中国铁建西派唐颂项目建筑设计咨询服务合同,CRCCRE-SJ-ZX-2019-002,咨询,,长春创华房地产开发有限公司,130000.00 ,全过程咨询：5元/平米,650000.00 ,0.00 ,0.00 ,0.00 ,0.00 ,0.00 ,0.00 ,0.00 ,650000.00 ,0.00 ,0.00 ,0.00 ,,,0.00 ,,1.00 ,合同签订后，甲方在提交全部设计资料给乙方后，五个工作日内支付工 程全额设计优化咨询费的20%给乙方。,0.20 ,130000.00 ,130000.00 ,产值确认单,43797.00 ,130000.00 ,43770.00 ,130000.00 ,43770.00 ,130000.00 ,43799.00 ,0.00 ,,完成,,,632304.30 ,632304.30 ,632304.30 ,17695.70 ,0.00 ,0.00 ,,,,,,,,130000.00 ,,,,,,,,,,,,,,130000.00 ,,,,,,,直委,OA,,,,,,,,,,,,,
,,,,,,,,,,,,,,,,,,,,,,,,,,,,2.00 ,乙方完成施工图阶段的设计咨询工作并经甲方认可，甲方支付工程全额 设计优化咨询费60%给乙方。,0.60 ,390000.00 ,390000.00 ,产值确认单,,390000.00 ,43770.00 ,390000.00 ,43929.00 ,390000.00 ,43948.00 ,0.00 ,,总结报告完成,,,,,,,,,,,,,,,,390000.00 ,,,,,,,,,,,,,,390000.00 ,,,,,,,,,,,,,,,,,,,,,
,,,,,,,,,,,,,,,,,,,,,,,,,,,,3.00 ,工程竣工备案后，甲方支付工程全额设计优化咨询费20%给乙方。,0.20 ,130000.00 ,130000.00 ,产值确认单,,130000.00 ,43770.00 ,112304.30 ,44481.00 ,112304.30 ,45625.00 ,0.00 ,甲方回复暂未竣工备案，超节点开票,,,,,,,,,,,,,,,,,130000.00 ,,,,,,,,,,,,,,112304.30 ,,,,,,,,,,,,,,,,,,,,,
,,,,,,,,,,,,,,,,,,,,,,,,,,,,,/,/,/,-17695.70 ,产值确认单,44479.00 ,-17695.70 ,44479.00 ,,,,,,"按照规证面积结算,2021年签-17695.7元产值",,,,,,,,,,,,,,,,,-17695.70 ,,,,,,,,,,,,,,,,,,,,,,,,,,,,,,,,,,,
4,北方,43566.00 ,天津国印文苑项目（完成）,无,国印文苑项目建筑设计咨询服务合同,CRCCRE-SJ-ZX-2019-001,咨询,,天津弘创置业有限公司,157693.00 ,施工图咨询：5元/平米,788465.00 ,0.00 ,0.00 ,0.00 ,0.00 ,0.00 ,0.00 ,0.00 ,788465.00 ,0.00 ,0.00 ,0.00 ,,,0.00 ,,1.00 ,1)合同签订后，甲方在提交全部设计资料给乙方后，二十个工作日内支付工程全额设计优化咨询费的20%给乙方。,0.20 ,157693.00 ,157693.00 ,产值确认单,43674.00 ,157693.00 ,43674.00 ,157693.00 ,43705.00 ,157693.00 ,43770.00 ,0.00 ,,完成,,,788465.00 ,788465.00 ,788465.00 ,0.00 ,0.00 ,0.00 ,,,,,,,,157693.00 ,,,,,,,,,,,,,,157693.00 ,,,,,,,直委,OA,,,,,,,,,,,,,
,,,,,,,,,,,,,,,,,,,,,,,,,,,,2.00 ,2)乙方完成施工图阶段的设计咨询工作并经甲方认可，二十个工作日内甲方支付工程全额设计优化咨询费80%给乙方。,0.80 ,630772.00 ,630772.00 ,产值确认单,43674.00 ,630772.00 ,43674.00 ,630772.00 ,43929.00 ,630772.00 ,44551.00 ,0.00 ,3个月银信,,,,,,,,,,,,,,,,,630772.00 ,,,,,,,,,,,,,,630772.00 ,,,,,,,,,,,,,,,,,,,,,
5,北方,43817.00 ,济南曹家馆项目（完成）,无,曹家馆项目工程设计顾问咨询服务合同,CRCCRE-SJ-ZX-2019-016,咨询,,中铁房地产集团济南置业有限公司,214465.00 ,全过程咨询：7元/平米，方案：3元/平米,1076114.00 ,0.00 ,0.00 ,443114.00 ,0.00 ,0.00 ,0.00 ,0.00 ,583000.00 ,50000.00 ,0.00 ,0.00 ,,,0.00 ,0.00 ,1.00 ,"合同签订20个工作日内请款, 下月30日前支付
乙方提交优化方案后，下月30日前支付",0.40 ,430445.60 ,450445.60 ,产值确认单,43817.00 ,430445.60 ,43817.00 ,430445.60 ,43929.00 ,450445.60 ,44020.00 ,0.00 ,,完成,,,1080154.80 ,1080154.80 ,1080154.80 ,-4040.80 ,0.00 ,0.00 ,,,169645.60 ,,,,,230800.00 ,50000.00 ,,,,,,,,169645.60 ,,,,,230800.00 ,50000.00 ,,,,,,投标,OA,,,,,,,,,,,,,
,,,,,,,,,,,,,,,,,,,,,,,,,,,,2.00 ,乙方完成方案阶段的设计咨询工作并经甲方书面认可后，下月30日前支付,0.20 ,215222.80 ,205222.80 ,产值确认单,43817.00 ,215222.80 ,43817.00 ,215222.80 ,43929.00 ,205222.80 ,44020.00 ,0.00 ,,,,,,,,,,,,,88622.80 ,,,,,116600.00 ,,,,,,,,,88622.80 ,,,,,116600.00 ,,,,,,,,,,,,,,,,,,,,,
,,,,,,,,,,,,,,,,,,,,,,,,,,,,3.00 ,乙方完成方案阶段的设计咨询工作并经甲方书面认可后，下月30日前支付,0.20 ,215222.80 ,205222.80 ,产值确认单,43817.00 ,215222.80 ,43817.00 ,215222.80 ,43929.00 ,205222.80 ,44020.00 ,0.00 ,,,,,,,,,,,,,88622.80 ,,,,,116600.00 ,,,,,,,,,88622.80 ,,,,,116600.00 ,,,,,,,,,,,,,,,,,,,,,
,,,,,,,,,,,,,,,,,,,,,,,,,,,,4.00 ,乙方完成施工图阶段的设计咨询工作并经甲方书面认可后，下月30日前支付,0.20 ,215222.80 ,219263.60 ,产值确认单,44118.00 ,219263.60 ,44118.00 ,219263.60 ,44123.00 ,219263.60 ,44217.00 ,0.00 ,,,,,,,,,,,,,96222.80 ,,,,,123040.80 ,,,,,,,,,96222.80 ,,,,,123040.80 ,,,,,,,,,,,,,,,,,,,,,
6,北方,43809.00 ,"房山文娱项目
（完成）",无,房山区长阳镇长阳起步区6号地文化娱乐用地项目BIM技术咨询服务合同,CRCCRE-SJ-BIM-2019-007,BIM,,中铁房地产集团北方有限公司,29423.20 ,BIM：12元/平米,353078.40 ,0.00 ,0.00 ,0.00 ,0.00 ,0.00 ,0.00 ,0.00 ,0.00 ,353078.40 ,0.00 ,0.00 ,,,0.00 ,,1.00 ,合同签订后，30个工作日内，支付合同额的20%,0.20 ,70615.68 ,70615.68 ,产值确认单,43808.00 ,/,/,70615.68 ,43839.00 ,70615.68 ,44074.00 ,0.00 ,,,,,353078.40 ,353078.40 ,353078.40 ,0.00 ,0.00 ,0.00 ,,,,,,,,,70615.68 ,,,,,,,,,,,,,,70615.68 ,,,,,,询价,OA,,,,,,,,,,,,,
,,,,,,,,,,,,,,,,,,,,,,,,,,,,2.00 ,乙方提交第一版BIM模型后，经甲方书面确认后，30个工作日内，支付合同额的40%,0.40 ,141231.36 ,141231.36 ,产值确认单,43808.00 ,/,/,141231.36 ,43839.00 ,141231.36 ,44074.00 ,0.00 ,,,,,,,,,,,,,,,,,,,141231.36 ,,,,,,,,,,,,,,141231.36 ,,,,,,,,,,,,,,,,,,,,
,,,,,,,,,,,,,,,,,,,,,,,,,,,,3.00 ,乙方提交所有成果，经甲方书面确认后，30个工作日内，支付合同额的30%,0.30 ,105923.52 ,105923.52 ,产值确认单,44075.00 ,105923.52 ,44075.00 ,105923.52 ,44075.00 ,105923.52 ,45169.00 ,0.00 ,,,,,,,,,,,,,,,,,,,105923.52 ,,,,,,,,,,,,,,105923.52 ,,,,,,,,,,,,,,,,,,,,
,,,,,,,,,,,,,,,,,,,,,,,,,,,,4.00 ,乙方配合施工单位完成的地下室BIM深化工作，经甲方书面确认后30个工作日内双方办理结算，结算完毕后30个工作日内，支付合同额的10%。,0.10 ,35307.84 ,35307.84 ,产值确认单,44538.00 ,35307.84 ,44538.00 ,35307.84 ,45435.00 ,35307.84 ,45595.00 ,0.00 ,,,,,,,,,,,,,,,,,,,35307.84 ,,,,,,,,,,,,,,35307.84 ,,,,,,,,35307.84 ,0.00 ,,,,,,,,,,,
7,北方,43809.00 ,房山文娱项目,无,房山区长阳镇长阳起步区6号地文化娱乐用地项目设计咨询服务合同,CRCCRE-SJ-ZX-2019-013,咨询,CRCCRE-BF-BJZD-WY-QQ-2019-010,中铁房地产集团北方有限公司,29423.20 ,施工图咨询：5元/平米,147116.00 ,0.00 ,0.00 ,0.00 ,0.00 ,0.00 ,0.00 ,0.00 ,147116.00 ,0.00 ,0.00 ,0.00 ,,,0.00 ,,1.00 ,甲方在提交全部设计资料给乙方后，三十个工作日内。,0.20 ,29423.20 ,29423.20 ,开票,43839.00 ,/,/,29423.20 ,43839.00 ,29423.20 ,44074.00 ,0.00 ,,,,,147116.00 ,147116.00 ,147116.00 ,0.00 ,0.00 ,0.00 ,,,,,,,,29423.20 ,,,,,,,,,,,,,,29423.20 ,,,,,,,询价,OA,,,,,,,,,,,,,
,,,,,,,,,,,,,,,,,,,,,,,,,,,,2.00 ,乙方完成施工图阶段的设计咨询工作并经甲方书面认可后，且项目取得施工图设计审查合格书后，三十个工作日内。,0.60 ,88269.60 ,88269.60 ,产值确认单,44089.00 ,88269.60 ,44089.00 ,88269.60 ,44098.00 ,88269.60 ,45169.00 ,0.00 ,,,,,,,,,,,,,,,,,,88269.60 ,,,,,,,,,,,,,,88269.60 ,,,,,,,,,,,,,,,,,,,,,
,,,,,,,,,,,,,,,,,,,,,,,,,,,,3.00 ,项目工程竣工验收全部完成，经甲方书面确认后双方办理结算，结算完毕后三十个工作日内。,0.20 ,29423.20 ,29423.20 ,产值确认单,44880.00 ,29423.20 ,44880.00 ,29423.20 ,45904.00 ,29423.20 ,46021.00 ,0.00 ,抵房租,,,,,,,,,,,,,,,,,29423.20 ,,,,,,,,,,,,,,29423.20 ,,,,,,,,,,,,,,,,,,,,,
8,北方,43929.00 ,正定项目A号、B号地块精装咨询（完成）,CRCCRE-DC-XM-2020-020,石家庄市正定新区239-A号、239-B号用地项目精装咨询服务合同,CRCCRE-SJ-XM-2020-001,管理,,河北兴铁房地产开发有限公司,87017.49 ,/,220000.00 ,,,,,,,,,,,0.00 ,,,220000.00 ,,1.00 ,合同签订后，15个工作日内,0.15 ,33000.00 ,33000.00 ,开票,43931.00 ,/,/,33000.00 ,43931.00 ,33000.00 ,43934.00 ,0.00 ,,完成,,,220000.00 ,220000.00 ,220000.00 ,0.00 ,0.00 ,0.00 ,,,,,,,,,,,,,,33000.00 ,,,,,,,,,,,,,,33000.00 ,询价,OA,,,,,,,,,,,,,
,,,,,,,,,,,,,,,,,,,,,,,,,,,,2.00 ,乙方提交239-A号地块公共区域精装修及软装设计咨询总结报告后15个工作日内。,0.23 ,50600.00 ,51000.00 ,产值确认单,44168.00 ,51000.00 ,44168.00 ,51000.00 ,44169.00 ,51000.00 ,44186.00 ,0.00 ,,,,,,,,,,,,,,,,,,,,,,,,51000.00 ,,,,,,,,,,,,,,51000.00 ,,,,,,,,,,,,,,,
,,,,,,,,,,,,,,,,,,,,,,,,,,,,3.00 ,乙方提交239-B号地块公共区域精装修及软装设计咨询总结报告后15个工作日内。,0.23 ,50600.00 ,51000.00 ,产值确认单,44168.00 ,51000.00 ,44168.00 ,51000.00 ,44169.00 ,51000.00 ,44186.00 ,0.00 ,,,,,,,,,,,,,,,,,,,,,,,,51000.00 ,,,,,,,,,,,,,,51000.00 ,,,,,,,,,,,,,,,
,,,,,,,,,,,,,,,,,,,,,,,,,,,,4.00 ,乙方提交户型全装修/精装修设计（含政策房户型和变异户型）设计咨询总结报告后15个工作日内。,0.39 ,85800.00 ,85000.00 ,产值确认单,44168.00 ,85000.00 ,44168.00 ,85000.00 ,44169.00 ,85000.00 ,44232.00 ,0.00 ,,,,,,,,,,,,,,,,,,,,,,,,85000.00 ,,,,,,,,,,,,,,85000.00 ,,,,,,,,,,,,,,,
9,北方,43929.00 ,正定项目A号、B号地块及售楼处景观咨询（完成）,CRCCRE-DC-XM-2020-017,石家庄市正定新区239-A号、239-B号用地及售楼处展示区用地项目景观咨询服务合同,CRCCRE-SJ-XM-2020-002,管理,,河北兴铁房地产开发有限公司,87017.49 ,/,290000.00 ,,,,,,,,,,0.00 ,0.00 ,,,290000.00 ,,1.00 ,合同签订后，15个工作日内。,0.15 ,43500.00 ,43500.00 ,开票,43931.00 ,/,/,43500.00 ,43931.00 ,43500.00 ,43934.00 ,0.00 ,,完成,,,290000.00 ,290000.00 ,290000.00 ,0.00 ,0.00 ,0.00 ,,,,,,,,,,,,,,43500.00 ,,,,,,,,,,,,,,43500.00 ,询价,OA,,,,,,,,,,,,,
,,,,,,,,,,,,,,,,,,,,,,,,,,,,2.00 ,乙方提交展示区景观方案及施工图阶段的咨询总结报告后15个工作日内。,0.29 ,85000.00 ,85000.00 ,开票,44020.00 ,/,/,85000.00 ,44020.00 ,85000.00 ,44140.00 ,0.00 ,,,,,,,,,,,,,,,,,,,,,,,,85000.00 ,,,,,,,,,,,,,,85000.00 ,,,,,,,,,,,,,,,
,,,,,,,,,,,,,,,,,,,,,,,,,,,,3.00 ,乙方提交239-A号用地大区景观方案及施工图阶段的咨询总结报告后15个工作日内。,0.28 ,80750.00 ,80750.00 ,产值确认单,44168.00 ,80750.00 ,44168.00 ,80750.00 ,44169.00 ,80750.00 ,44186.00 ,0.00 ,,,,,,,,,,,,,,,,,,,,,,,,80750.00 ,,,,,,,,,,,,,,80750.00 ,,,,,,,,,,,,,,,
,,,,,,,,,,,,,,,,,,,,,,,,,,,,4.00 ,乙方提交239-B号用地大区景观方案及施工图阶段的咨询总结报告后15个工作日内。,0.28 ,80750.00 ,80750.00 ,产值确认单,44168.00 ,80750.00 ,44168.00 ,80750.00 ,44169.00 ,80750.00 ,44186.00 ,0.00 ,,,,,,,,,,,,,,,,,,,,,,,,80750.00 ,,,,,,,,,,,,,,80750.00 ,,,,,,,,,,,,,,,
10,北方,43938.00 ,正定项目售楼处精装咨询（完成）,CRCCRE-DC-XM-2020-018,正定新区239#用地项目售楼处、样板间精装修设计咨询服务合同,CRCCRE-SJ-XM-2020-003,管理,,河北兴铁房地产开发有限公司,1700.00 ,/,290000.00 ,,,,,,,,,,0.00 ,0.00 ,,,290000.00 ,,1.00 ,合同签订后，15个工作日内。,0.15 ,43500.00 ,43500.00 ,开票,43939.00 ,/,/,43500.00 ,43939.00 ,43500.00 ,43945.00 ,0.00 ,,完成,,,290000.00 ,290000.00 ,290000.00 ,0.00 ,0.00 ,0.00 ,,,,,,,,,,,,,,43500.00 ,,,,,,,,,,,,,,43500.00 ,询价,OA,,,,,,,,,,,,,
,,,,,,,,,,,,,,,,,,,,,,,,,,,,2.00 ,乙方提交售楼处精装修及软装（不含企业品牌宣传、工艺工法展示区域设计安装）咨询的设计咨询总结报告后15个工作日内。,0.18 ,51000.00 ,51000.00 ,开票,43987.00 ,/,/,51000.00 ,43987.00 ,51000.00 ,44026.00 ,0.00 ,,,,,,,,,,,,,,,,,,,,,,,,51000.00 ,,,,,,,,,,,,,,51000.00 ,,,,,,,,,,,,,,,
,,,,,,,,,,,,,,,,,,,,,,,,,,,,3.00 ,乙方提交企业品牌宣传、工艺工法展示区域设计及安装过程咨询的设计咨询总结报告后15个工作日内。,0.21 ,59500.00 ,59500.00 ,产值确认单,44168.00 ,59500.00 ,44168.00 ,59500.00 ,44169.00 ,59500.00 ,44195.00 ,0.00 ,,,,,,,,,,,,,,,,,,,,,,,,59500.00 ,,,,,,,,,,,,,,59500.00 ,,,,,,,,,,,,,,,
,,,,,,,,,,,,,,,,,,,,,,,,,,,,4.00 ,乙方提交售楼处办公区域精装修及软装咨询的设计咨询总结报告后15个工作日内。,0.29 ,85000.00 ,85000.00 ,产值确认单,44168.00 ,85000.00 ,44168.00 ,85000.00 ,44169.00 ,85000.00 ,44195.00 ,0.00 ,,,,,,,,,,,,,,,,,,,,,,,,85000.00 ,,,,,,,,,,,,,,85000.00 ,,,,,,,,,,,,,,,
,,,,,,,,,,,,,,,,,,,,,,,,,,,,5.00 ,乙方提交样板间精装修及软装咨询的设计咨询总结报告后15个工作日内。,0.18 ,51000.00 ,34000.00 ,开票,43987.00 ,/,/,34000.00 ,43987.00 ,34000.00 ,44026.00 ,0.00 ,,,,,,,,,,,,,,,,,,,,,,,,34000.00 ,,,,,,,,,,,,,,34000.00 ,,,,,,,,,,,,,,,
,,,,,,,,,,,,,,,,,,,,,,,,,,,,,,,,17000.00 ,产值确认单,44168.00 ,,,17000.00 ,44169.00 ,17000.00 ,44195.00 ,0.00 ,,,,,,,,,,,,,,,,,,,,,,,,17000.00 ,,,,,,,,,,,,,,17000.00 ,,,,,,,,,,,,,,,
11,北方,43939.00 ,正定项目A号、B号地块方案,CRCCRE-DC-XM-2020-024,石家庄市正定新区239-A号、239-B号用地项目规划方案设计合同,CRCCRE-SJ-CZ-2020-006,方案,CRCCRE-BF-HBXT-HYCYQ-QQ-2020-001,河北兴铁房地产开发有限公司,合同地上面积174060、地下面积72288规证地上面积174753.06、地下面积75500.59（A地块地上面积93683.57、地下42387.69）（B地块地上面积81069.49、地下面积33112.9）,"方案：地上18元/平米（华汇15、创一3）、地下7元/平米,管理费3元/平米",4378140.00 ,,,504069.00 ,,,,,,,0.00 ,0.00 ,0.00 ,,3874071.00 ,项目中心：3135027,1.00 ,合同签订生效后7个工作日内双方办理计价手续。本合同履行后，定金在第二次付费时抵作设计费。,0.10 ,437814.00 ,437814.00 ,开票,43940.00 ,/,/,437814.00 ,43940.00 ,437814.00 ,43948.00 ,0.00 ,,,"规证面积A地块：136071.26
规证面积B地块：114182.39
结算金额：4424820.16元",,4424820.16 ,4424820.17 ,4424820.16 ,-46680.16 ,0.00 ,0.00 ,,,50406.90 ,,,,,,,,,,,387407.10 ,,,50406.90 ,,,,,,,,,,,387407.10 ,招标,OA,,,,,,,,,,,,,
,,,,,,,,,,,,,,,,,,,,,,,,,,,,2-A,全部方案设计部分完成，按照政府相关部门上会深度要求完成方案册制作，且通过甲方委托的第三方审核，并取得规划许可证后，7个工作日内双方办理计价手续，累计拨付至双方估算总额60%的设计费。,0.50 ,2189070.00 ,1195615.94 ,开票,44041.00 ,/,/,1195615.94 ,44041.00 ,195615.94 ,44587.00 ,695615.94 ,银信,,,,,,,,,,,,140525.36 ,,,,,,,,,,,1055090.58 ,,,30525.36 ,,,,,,,,,,,165090.58 ,,,,,,,,,,,,,,,
,,,,,,,,,,,,,,,,,,,,,,,,,,,,,,,,,,,,,,,500000.00 ,44175.00 ,,,,,,,,,,,,,,,,,,,,,,,,,,,,60000.00 ,,,,,,,,,,,440000.00 ,,,,,,,,,,,,,,,
,,,,,,,,,,,,,,,,,,,,,,,,,,,,,,,,,,,,,,,500000.00 ,44435.00 ,,,,,,,,,,,,,,,,,,,,,,,,,,,,50000.00 ,,,,,,,,,,,450000.00 ,,,,,,,,,,,,,,,
,,,,,,,,,,,,,,,,,,,,,,,,,,,,2-B,全部方案设计部分完成，按照政府相关部门上会深度要求完成方案册制作，且通过甲方委托的第三方审核，并取得规划许可证后，7个工作日内双方办理计价手续，累计拨付至双方估算总额60%的设计费。,0.50 ,,1016794.14 ,产值确认单,44185.00 ,1016794.14 ,44185.00 ,1016794.14 ,44478.00 ,554384.06 ,44587.00 ,,银信,,,,,,,,,,,,,,,,,,,,,,,,,,121604.24 ,,,,,,,,,,,432779.82 ,,,,,,,,,,,,,,,
,,,,,,,,,,,,,,,,,,,,,,,,,,,,,,,,,,,,,,,462410.09 ,44677.00 ,,,,,,,,,,,,,,121604.24 ,,,,,,,,,,,895189.91 ,,,,,,,,,,,,,,462410.09 ,,,,,,,,,,,,,,,
,,,,,,,,,,,,,,,,,,,,,,,,,,,,3-A,建筑专业初步设计及全专业施工图完成且通过甲方委托的第三方审核，并取得施工图审查合格通知书后，7 个工作日内双方办理计价手续，按建设工程规划许可证建筑面积结算设计费用，累计拨付至双方确认结算总额 80%的设计费。,0.20 ,875628.00 ,478246.37 ,开票,44041.00 ,478246.37 ,44041.00 ,478246.37 ,44041.00 ,478246.37 ,44677.00 ,0.00 ,,,,,,,,,,,,,56210.14 ,,,,,,,,,,,422036.23 ,,,56210.14 ,,,,,,,,,,,422036.23 ,,,,,,,,,,,,,,,
,,,,,,,,,,,,,,,,,,,,,,,,,,,,3-B,,0.20 ,,406717.66 ,产值确认单,44185.00 ,406717.66 ,44185.00 ,406717.66 ,44478.00 ,406717.66 ,44677.00 ,,,,,,,,,,,,,,48641.69 ,,,,,,,,,,,358075.96 ,,,48641.69 ,,,,,,,,,,,358075.96 ,,,,,,,,,,,,,,,
,,,,,,,,,,,,,,,,,,,,,,,,,,,,4-A,乙方配合甲方完成项目所有合同约定的设计工作及设计配合工作，全部结构工程施工后7个工作日内双方办理计价手续。按建设工程规划许可证建筑面积结算设计费用。,0.10 ,437814.00 ,447150.04 ,产值确认单,44859.00 ,447150.04 ,44859.00 ,447150.04 ,45142.00 ,200000.00 ,45236.00 ,0.01 ,银信2024.4.23到期,,,,,,,,,,,,54444.94 ,,,,,,,,,,,392705.10 ,,,22700.28 ,,,,,,,,,,,177299.72 ,,,,,,,,,,,,,,,
,,,,,,,,,,,,,,,,,,,,,,,,,,,,,,,,,,,,,,,247150.03 ,45250.00 ,,银信2024.5.13到期,,,,,,,,,,,,,,,,,,,,,,,,,,31744.66 ,,,,,,,,,,,215405.37 ,,,下次开票创一少开3692.79，项管多开3692.79,,,,,,,,,,,,
,,,,,,,,,,,,,,,,,,,,,,,,,,,,5-A,乙方配合甲方以及与本工程施工所有相关单位完成向主管部门全部备案手续后双方办理最终结算手续，支付余下的设计费。,0.05 ,437814.00 ,239123.19 ,产值确认单,44859.00 ,239123.19 ,44859.00 ,442482.02 ,,442482.02 ,,0.00 ,,,,,,,,,,,,,28105.07 ,,,,,,,,,,,211018.12 ,,,31168.57 ,,,,,,,,,,,411313.45 ,,,,,,,,,,,,,,,
,,,,,,,,,,,,,,,,,,,,,,,,,,,,5-B,,0.05 ,,203358.83 ,产值确认单,45268.00 ,203358.83 ,45268.00 ,,,,,,,A地块已经交付，B地块2023年才能竣工验收,,,,,,,,,,,3063.50 ,,,,,,,,,,,200295.33 ,,,,,,,,,,,,,,,,,,,,,,,,,,,,,
12,东北,43907.00 ,长春西派唐颂二期（完成）,CRCCRE-DC-XM-2020-029,中国铁建西派唐颂项目二期建筑设计咨询服务合同,CRCCRE-SJ-ZX-2020-005,咨询,CRCCRE-DB-CCCH-HPJ-EQ-QQ-2020-004,长春创华房地产开发有限公司,200000.00 ,施工图咨询：5元/平米,1000000.00 ,,,,,,,,1000000.00 ,,0.00 ,0.00 ,,,,,1.00 ,合同签订后，甲方在提交首批设计资料给乙方后，五个工作日内支付工程全额设计优化咨询费的20%给乙方。,0.20 ,200000.00 ,200000.00 ,开票,43949.00 ,/,/,200000.00 ,43949.00 ,200000.00 ,43979.00 ,0.00 ,,完成,,,983656.80 ,983656.80 ,983656.80 ,16343.20 ,0.00 ,0.00 ,,,,,,,,200000.00 ,,,,,,,,,,,,,,200000.00 ,,,,,,,直委,OA,,,,,,,,,,,,,
,,,,,,,,,,,,,,,,,,,,,,,,,,,,2.00 ,乙方提交第一版全专业施工图设计咨询报告后，十五个工作日内甲方支付工程全额设计优化咨询费的60%给乙方。,0.60 ,600000.00 ,600000.00 ,产值确认单,44154.00 ,600000.00 ,44154.00 ,600000.00 ,44155.00 ,600000.00 ,44214.00 ,0.00 ,,,,,,,,,,,,,,,,,,600000.00 ,,,,,,,,,,,,,,600000.00 ,,,,,,,,,,,,,,,,,,,,,
,,,,,,,,,,,,,,,,,,,,,,,,,,,,3.00 ,甲方完成施工图审查并取得审查合格证后，十五个工作日内甲方支付工程全额设计优化咨询费的20%给乙方。,0.20 ,200000.00 ,183656.80 ,产值确认单,44154.00 ,183656.80 ,44154.00 ,183656.80 ,44155.00 ,183656.80 ,44214.00 ,0.00 ,,,,,,,,,,,,,,,,,,183656.80 ,,,,,,,,,,,,,,183656.80 ,,,,,,,,,,,,,,,,,,,,,
13,东北,43907.00 ,长春西派唐颂二期（完成）,CRCCRE-DC-XM-2020-030,中国铁建西派唐颂项目二期BIM技术咨询服务合同,CRCCRE-SJ-BIM-2020-002,BIM,CRCCRE-DB-CCCH-HPJ-EQ-QQ-2020-010,长春创华房地产开发有限公司,地下室面积50000㎡，园区小市政99303㎡,BIM：地下室管综优化7.5/平米、园区小市政管综优化6元/平米,970818.00 ,,,,,,,,,970818.00 ,0.00 ,0.00 ,,,0.00 ,,1.00 ,合同签订后 15 个工作日内,0.20 ,194163.60 ,194163.60 ,开票,43949.00 ,/,/,194163.60 ,43949.00 ,194163.60 ,44019.00 ,0.00 ,,完成,,,970818.00 ,970818.00 ,970818.00 ,0.00 ,0.00 ,0.00 ,,,,,,,,,194163.60 ,,,,,,,,,,,,,,194163.60 ,,,,,,直委,OA,,,,,,,,,,,,,
,,,,,,,,,,,,,,,,,,,,,,,,,,,,2.00 ,乙方提交第一版地下室管线 BIM 模型后，15 个工作日 内，支付合同额的 30%,0.30 ,291245.40 ,291245.40 ,产值确认单,44154.00 ,291245.40 ,44154.00 ,291245.40 ,44155.00 ,291245.40 ,44311.00 ,0.00 ,,,,,,,,,,,,,,,,,,,291245.40 ,,,,,,,,,,,,,,291245.40 ,,,,,,,,,,,,,,,,,,,,
,,,,,,,,,,,,,,,,,,,,,,,,,,,,3.00 ,乙方提交第一版地下室管线优化 BIM 模型后，15 个工 作日内，支付合同额的 40%,0.40 ,388327.20 ,388327.20 ,产值确认单,44154.00 ,388327.20 ,44154.00 ,388327.20 ,44155.00 ,388327.20 ,,0.00 ,,,,,,,,,,,,,,,,,,,388327.20 ,,,,,,,,,,,,,,388327.20 ,,,,,,,,,,,,,,,,,,,,
,,,,,,,,,,,,,,,,,,,,,,,,,,,,4.00 ,乙方提交园区场地和小市政管线 BIM 管综优化模型和 地下室、园区场地和小市政管线 BIM 优化报告，15 个工作日内，支付合同额的 10%,0.10 ,97081.80 ,97081.80 ,产值确认单,44154.00 ,97081.80 ,44154.00 ,97081.80 ,44155.00 ,97081.80 ,,0.00 ,,,,,,,,,,,,,,,,,,,97081.80 ,,,,,,,,,,,,,,97081.80 ,,,,,,,,,,,,,,,,,,,,
14,北方,43814.00 ,青岛郑州路项目,无,青岛市北区郑州路两侧用地项目概念规划设计合同,CRCCRE-SJ-CZ-2019-019,可研,,中铁房地产集团济南置业有限公司,700000.00 ,可研：20万/项目,200000.00 ,70000.00 ,,100000.00 ,,,,,,30000.00 ,0.00 ,0.00 ,,,,,1.00 ,乙方按照甲方要求提供结算款请款资料后30日内甲方一次性向乙方支付结算款。,1.00 ,200000.00 ,200000.00 ,产值确认单,43816.00 ,200000.00 ,43816.00 ,,,0.00 ,,200000.00 ,,,,,200000.00 ,0.00 ,0.00 ,0.00 ,200000.00 ,0.00 ,70000.00 ,,100000.00 ,,,,,,30000.00 ,,,,,,,,,,,,,,,,,,,,直委,OA,,,,,,,,,,,,,
15,创投（终止）,43815.00 ,创投可研（终止）,无,可研报告地块方案设计合同,CRCCRE-SJ-CZ-2019-018,可研,,中铁房地产集团张家口建设开发有限公司,/,可研：10万/项目,1000000.00 ,,,350000.00 ,350000.00 ,300000.00 ,,,,,0.00 ,0.00 ,,,,,1.00 ,乙方完成甲方下达任务书的单一项目的所有的方案设计工作并经甲方确认认可后次月30日内，甲方一次性支付乙方该项目方案设计费。,0.30 ,300000.00 ,,,,,,,,0.00 ,,0.00 ,青岛总部大道项目设计方案、杭州富春湾新城核心区开发项目设计方案、徐州原构件厂项目设计方案,,,,0.00 ,0.00 ,0.00 ,1000000.00 ,0.00 ,0.00 ,,,,,,,,,,,,,,,,,,,,,,,,,,,,,直委,OA,,,,,,,,,,,,,
,,,,,,,,,,,,,,,,,,,,,,,,,,,,2.00 ,,0.70 ,700000.00 ,,,,,,,,,,,,,,,,,,,,,,,,,,,,,,,,,,,,,,,,,,,,,,,,,,,,,,,,,,,,,,,
16,北方,43931.00 ,海淀翠湖补充协议（完成）,无,北京市海淀区翠湖科技园HD00-0303-6009、6010地块R2二类居住用地项目建设工程设计补充协议二,CRCCRE-SJ-CZ-2020-002,方案,,北京锐达置业有限公司,/,/,666894.30 ,,,,666894.30 ,,,,,,0.00 ,0.00 ,,,,创二：550000,1.00 ,在本补充协议签订后20个工作日内，甲方向乙方一次性支付方案阶段设计调整工作、施工图优化工作的设计费,1.00 ,666894.30 ,666894.30 ,产值确认单,44126.00 ,666894.30 ,44126.00 ,666894.30 ,44126.00 ,666894.30 ,44165.00 ,0.00 ,,完成,,,666894.30 ,666894.30 ,666894.30 ,0.00 ,0.00 ,0.00 ,,,,666894.30 ,,,,,,,,,,,,,,666894.30 ,,,,,,,,,,,直委,OA,,,,,,,,,,,,,
17,建设,43849.00 ,西山梧桐补充协议,无,中国铁建西山梧桐项目建筑方案设计咨询合同补充协议,CRCCRE-SJ-CZ-2019-003—B1,方案,,中铁建设集团有限公司,98487.00 ,4.80 ,472766.00 ,,,,472766.00 ,,,,,,0.00 ,0.00 ,,,,,1.00 ,价款支付人按照原合同中约定执行,1.00 ,472766.00 ,,,,,,,,0.00 ,,0.00 ,,,,,0.00 ,0.00 ,0.00 ,472766.00 ,0.00 ,0.00 ,,,,472766.00 ,,,,,,,,,,,,,,,,,,,,,,,,,直委,OA,,,,,,,,,,,,,
18,北方,43499.00 ,"唐山高新区A0102项目
（唐颂国际）",无,唐山市高新区项目规划方案设计、施工图设计合同,CRCCRE-SJ-CZ-2019-001,方案+施工图,,唐山启创房地产开发有限公司,"合同：146121.75
工规证：
150023.45",方案：17.5元、施工图：17.5元,5114261.25 ,,,5114261.25 ,,,,,,,0.00 ,0.00 ,,,,创一：2557130.63,1.00 ,合同签订后20个工作日内,0.20 ,1022852.25 ,1022852.25 ,开票,43563.00 ,1022852.25 ,/,1022852.25 ,43563.00 ,1022852.25 ,43728.00 ,0.00 ,,,,,5114261.25 ,5250820.75 ,4602835.12 ,0.00 ,-136559.50 ,647985.63 ,,,1022852.25 ,,,,,,,,,,,,,,1022852.25 ,,,,,,,,,,,,招标,线下,,,,,,,,,,,,,
,,,,,,,,,,,,,,,,,,,,,,,,,,,,2.00 ,设计方案通过规划局审批完成后20个工作日内,0.20 ,1022852.25 ,1022852.25 ,开票,43670.00 ,1022852.25 ,/,1022852.25 ,43670.00 ,1022852.25 ,43798.00 ,0.00 ,汇票,,,,,,,,,,,,1022852.25 ,,,,,,,,,,,,,,1022852.25 ,,,,,,,,,,,,,,,,,,,,,,,,,,
,,,,,,,,,,,,,,,,,,,,,,,,,,,,3.00 ,取得施工图设计文件联合审查意见书后20个工作日内,0.20 ,1022852.25 ,1022852.25 ,产值确认单,43709.00 ,1022852.25 ,43709.00 ,1022852.25 ,43816.00 ,510000.00 ,43978.00 ,0.00 ,,,,,,,,,,,,,1022852.25 ,,,,,,,,,,,,,,510000.00 ,,,,,,,,,,,,,,,,,,,,,,,,,,
,,,,,,,,,,,,,,,,,,,,,,,,,,,,4.00 ,,,,,,,,,,,512852.25 ,44011.00 ,512852.25 ,,,,,,,,,,,,,,,,,,,,,,,,,,,512852.25 ,,,,,,,,,,,,,,,,,,,,,,,,,,
,,,,,,,,,,,,,,,,,,,,,,,,,,,,5.00 ,取得工程规划许可证后20个工作日内,0.20 ,1022852.25 ,1022852.25 ,产值确认单,43769.00 ,1022852.25 ,43769.00 ,1022852.25 ,44324.00 ,1022852.25 ,44376.00 ,0.00 ,511426铁建银信，2022年6月24日到期,,,,,,,,,,,,1022852.25 ,,,,,,,,,,,,,,1022852.25 ,,,,,,,,,,,,,,,,,,,,,,,,,,
,,,,,,,,,,,,,,,,,,,,,,,,,,,,6.00 ,结构全部封顶后20个工作日内,0.10 ,511426.13 ,511426.12 ,产值确认单,44547.00 ,511426.12 ,44547.00 ,511426.12 ,44614.00 ,511426.12 ,44645.00 ,0.00 ,,,,,,,,,,,,,511426.12 ,,,,,,,,,,,,,,511426.12 ,,,,,,,,,,,,,,,,,,,,,,,,,,
,,,,,,,,,,,,,,,,,,,,,,,,,,,,7.00 ,配合取得项目竣工联合验收意见书后20个工作日内,0.10 ,511426.13 ,511426.13 ,产值确认单,44879.00 ,511426.13 ,44879.00 ,647985.63 ,,0.00 ,,511426.13 ,"合同金额：5114261.25元
结算金额：5250820.75元",,,,,,,,,,,,511426.13 ,,,,,,,,,,,,,,,,,,,,,,,,,,,,,,,,,,,,,,,,
19,建设,43521.00 ,门头沟项目,无,西山梧桐项目建筑方案设计咨询合同,CRCCRE-SJ-CZ-2019-003,方案,,中铁建设集团有限公司,100000.00 ,方案：18元/平方,1800000.00 ,,,,1800000.00 ,,,,,,0.00 ,0.00 ,,,,,1.00 ,合同签订生效后30日内。,0.10 ,180000.00 ,180000.00 ,开票,43700.00 ,/,/,180000.00 ,43700.00 ,180000.00 ,43826.00 ,0.00 ,,,,,1692777.34 ,1260000.00 ,1260000.00 ,107222.66 ,432777.34 ,0.00 ,,,,180000.00 ,,,,,,,,,,,,,,180000.00 ,,,,,,,,,,,投标,OA,,,,,,,,,,,,,
,,,,,,,,,,,,,,,,,,,,,,,,,,,,2.00 ,全部建筑方案设计咨询部分完成，按照市住保办专家评审会上会深度要求完成方案册制作，且通过甲方委托的第三方审核且乙方配合甲方根据第三方审核的结果对其设计图进行调整，并取得建筑方案复函后，累计拨付至双方估算总额30%的设计费。,0.20 ,360000.00 ,336420.00 ,开票,43701.00 ,/,/,336420.00 ,43700.00 ,336420.00 ,43826.00 ,0.00 ,,,,,,,,,,,,,,336420.00 ,,,,,,,,,,,,,,336420.00 ,,,,,,,,,,,,,,,,,,,,,,,,,
,,,,,,,,,,,,,,,,,,,,,,,,,,,,3.00 ,全部专业施工图设计完成审查且通过甲方委托的第三方审核且乙方配合甲方根据第三方审核的结果对其设计图进行调整后7个工作日内双方办理计价手续，按建设工程规划许可证建筑面积结算设计费用，累计拨付至双方确认结算总额70%的设计费。,0.40 ,720000.00 ,743580.00 ,开票,44014.00 ,/,/,743580.00 ,44014.00 ,100000.00 ,44124.00 ,152239.50 ,,,,,,,,,,,,,,743580.00 ,,,,,,,,,,,,,,100000.00 ,,,,,,,,,,,,,,,,,,,,,,,,,
,,,,,,,,,,,,,,,,,,,,,,,,,,,,,,,,,,,,,,,491340.50 ,44652.00 ,,,,,,,,,,,,,,,,,,,,,,,,,,,,,491340.50 ,,,,,,,,,,,,,,,,,,,,,,,,,
,,,,,,,,,,,,,,,,,,,,,,,,,,,,,,,,,,,,,,,152239.50 ,,,,,,,,,,,,,,,,,,,,,,,,,,,,,,152239.50 ,,,,,,,,,,,,,,,,,,,,,,,,,
,,,,,,,,,,,,,,,,,,,,,,,,,,,,4.00 ,乙方配合完成甲方完成项目全部结构工程施工后7个工作日内双方办理计价手续。按建设工程规划许可证建筑面积结算设计费用。,0.10 ,180000.00 ,432777.34 ,产值确认单,45287.00 ,432777.34 ,45286.00 ,,,0.00 ,,432777.34 ,"规证面积为：98487.63㎡
结算金额：1772777.34元
减去北方扣建设的8万",,,,,,,,,,,,,432777.34 ,,,,,,,,,,,,,,,,,,,,,,,,,,,,,,,,,,,,,,,
,,,,,,,,,,,,,,,,,,,,,,,,,,,,5.00 ,乙方配合甲方以及与本工程施工所有相关单位完成向主管部门完成全部备案手续后双方办理最终结算手续，支付余下的设计费。,0.20 ,360000.00 ,,,,,,,,0.00 ,,0.00 ,,,,,,,,,,,,,,,,,,,,,,,,,,,,,,,,,,,,,,,,,,,,,,,,,,,,,
,北方,45880.00 ,北京市通州区梨园项目,2866840.72 ,北京市通州区梨园镇强力家居土地一级开发项目FZX-0303-6007地块R2二类居住用地项目设计总包管理服务合同（方案部分）,CRCCRE-SJ-XM-2025-020,设计总包（方案外委）,CRCCRE-BF-BJHY-HYJY-QQ-2025-011,北京弘邑置业有限公司,34189.34 ,26.22 ,896530.00 ,0.00 ,0.00 ,0.00 ,0.00 ,0.00 ,0.00 ,0.00 ,0.00 ,0.00 ,0.00 ,0.00 ,0.00 ,,896530.00 ,项目管理中心,1-建筑,合同签订并提交第一版概念性方案后，经甲方审核确认后,0.20 ,179306.00 ,179306.00 ,产值确认单,45887.00 ,179306.00 ,45887.00 ,179306.00 ,45894.00 ,179306.00 ,45923.00 ,,,,,,2199456.79 ,1951772.11 ,1951779.11 ,-1302926.79 ,247684.68 ,-7.00 ,,,,,,,,,,,,,,179306.00 ,,,,,,,,,,,,,,179306.00 ,,,179306.00 ,0.00 ,,,,,,,,,,,
,,,,,,,,,,,,,,,,,,,,,,,,,,,,2-建筑,方案调整、修改完成经甲方确认后，经甲方审核确认后,0.30 ,268959.00 ,268959.00 ,产值确认单,45887.00 ,268959.00 ,45887.00 ,268959.00 ,45894.00 ,268959.00 ,45923.00 ,,,,,,,,,,,,,,,,,,,,,,,,,268959.00 ,,,,,,,,,,,,,,268959.00 ,,,268959.00 ,0.00 ,,,,,,,,,,,
,,,,,,,,,,,,,,,,,,,,,,,,,,,,3-建筑,方案通过政府相关审批（规划复函）后，经甲方审核确认后,0.20 ,179306.00 ,179306.00 ,产值确认单,45887.00 ,179306.00 ,45887.00 ,179306.00 ,45894.00 ,179306.00 ,45923.00 ,,,,,,,,,,,,,,,,,,,,,,,,,179306.00 ,,,,,,,,,,,,,,179306.00 ,,,,,,,,,,,,,,,
,,,,,,,,,,,,,,,,,,,,,,,,,,,,4-建筑,项目总图、建筑单专业扩初设计图纸完成，并取得《建设工程规划许可证》后，经甲方审核确认后,0.20 ,179306.00 ,179306.00 ,预估,46013.00 ,179306.00 ,,,,0.00 ,,,,,,,,,,,,,,,,,,,,,,,,,,179306.00 ,,,,,,,,,,,,,,,,,,,,,,,,,,,,,
,,,,,,,,,,,,,,,,,,,,,,,,,,,,5-建筑,配合施工完成，至竣工验收完成后按照《建设工程规划许可证》各项建筑面积结算,0.10 ,89653.00 ,0.00 ,,,,,,,0.00 ,,,,,,,,,,,,,,,,,,,,,,,,,,,,,,,,,,,,,,,,,,,,,,,,,,,,,,,
,,,,,北京市通州区梨园镇强力家居土地一级开发项目FZX-0303-6007地块R2二类居住用地项目设计总包管理服务合同（精装部分）,CRCCRE-SJ-XM-2025-020,设计总包（景观外委）,CRCCRE-BF-BJHY-HYJY-QQ-2025-011,北京弘邑置业有限公司,,,450000.00 ,,,,,,,,,,,,,,450000.00 ,项目管理中心,1-景观,大区概念设计成果经甲方确认后2个月内,0.25 ,112500.00 ,112500.00 ,产值确认单,45887.00 ,112500.00 ,45887.00 ,112500.00 ,45894.00 ,112500.00 ,45923.00 ,,,,,,,,,,,,,,,,,,,,,,,,,112500.00 ,,,,,,,,,,,,,,112500.00 ,,,112500.00 ,0.00 ,,,,,,,,,,,
,,,,,,,,,,,,,,,,,,,,,,,,,,,,2-景观,大区方案设计成果完成经甲方确认后2个月内,0.25 ,112500.00 ,112500.00 ,产值确认单,45887.00 ,112500.00 ,45887.00 ,112500.00 ,45894.00 ,112500.00 ,45923.00 ,,,,,,,,,,,,,,,,,,,,,,,,,112500.00 ,,,,,,,,,,,,,,112500.00 ,,,112500.00 ,0.00 ,,,,,,,,,,,
,,,,,,,,,,,,,,,,,,,,,,,,,,,,3-景观,大区施工图设计成果完成经甲方确认后2个月内,0.35 ,157500.00 ,0.00 ,,,,,,,0.00 ,,,,,,,,,,,,,,,,,,,,,,,,,,,,,,,,,,,,,,,,,,,0.00 ,0.00 ,,,,,,,,,,,
,,,,,,,,,,,,,,,,,,,,,,,,,,,,4-景观,景观工程竣工验收合格，本合同办理完成结算后2个月内,0.15 ,67500.00 ,0.00 ,,,,,,,0.00 ,,,,,,,,,,,,,,,,,,,,,,,,,,,,,,,,,,,,,,,,,,,,,,,,,,,,,,,
,,,,,北京市通州区梨园镇强力家居土地一级开发项目FZX-0303-6007地块R2二类居住用地项目设计总包管理服务合同（精装部分）,CRCCRE-SJ-XM-2025-020,设计总包（精装外委）,CRCCRE-BF-BJHY-HYJY-QQ-2025-011,北京弘邑置业有限公司,,,1064260.00 ,,,,,,,,,,,,,,1064260.00 ,项目管理中心,1-展示区,合同签订并提交展示区第一版概念性方案后2个月内,0.20 ,212852.00 ,212852.00 ,产值确认单,45887.00 ,212852.00 ,45887.00 ,212852.00 ,45894.00 ,212852.00 ,45923.00 ,,,,,,,,,,,,,,,,,,,,,,,,,212852.00 ,,,,,,,,,,,,,,212852.00 ,,,212852.00 ,0.00 ,,,,,,,,,,,
,,,,,,,,,,,,,,,,,,,,,,,,,,,,2-展示区,展示区精装概念设计完成经甲方确认后2个月内,0.20 ,212852.00 ,212852.00 ,产值确认单,45887.00 ,212852.00 ,45887.00 ,212852.00 ,45894.00 ,212852.00 ,45923.00 ,,,,,,,,,,,,,,,,,,,,,,,,,212852.00 ,,,,,,,,,,,,,,212852.00 ,,,212852.00 ,0.00 ,,,,,,,,,,,
,,,,,,,,,,,,,,,,,,,,,,,,,,,,3-展示区,展示区精装方案扩初设计完成经甲方确认后2个月内,0.20 ,212852.00 ,212852.00 ,产值确认单,45999.00 ,212852.00 ,45999.00 ,212852.00 ,,212852.00 ,,,,,,,,,,,,,,,,,,,,,,,,,,212852.00 ,,,,,,,,,,,,,,212852.00 ,,,212852.00 ,0.00 ,,,,,,,,,,,
,,,,,,,,,,,,,,,,,,,,,,,,,,,,4-展示区,展示区精装施工图设计完成经甲方确认后2个月内,0.20 ,212852.00 ,212852.00 ,产值确认单,45999.00 ,212852.00 ,45999.00 ,212852.00 ,,212852.00 ,,,,,,,,,,,,,,,,,,,,,,,,,,212852.00 ,,,,,,,,,,,,,,212852.00 ,,,212852.00 ,0.00 ,,,,,,,,,,,
,,,,,,,,,,,,,,,,,,,,,,,,,,,,5-展示区,展示区精装修竣工验收合格并经甲方确认后2个月内,0.20 ,212852.00 ,0.00 ,,,40316.76 ,,,,0.00 ,,,,,,,,,,,,,,,,,,,,,,,,,,,,,,,,,,,,,,,,,,,,,,,,,,,,,,,
,,,,,,,,,,,,201583.80 ,,,,,,,,,,,,,,201583.80 ,项目管理中心,1-公区,合同签订并提交第一版公区及户内概念性方案后2个月内,0.20 ,40316.76 ,40316.76 ,产值确认单,45999.00 ,40316.76 ,45999.00 ,40316.76 ,,40316.76 ,,,,,,,,,,,,,,,,,,,,,,,,,,40316.76 ,,,,,,,,,,,,,,40316.76 ,,,40316.76 ,0.00 ,,,,,,,,,,,
,,,,,,,,,,,,,,,,,,,,,,,,,,,,2-公区,公区及户内精装概念设计完成经甲方确认后2个月内,0.20 ,40316.76 ,40316.76 ,产值确认单,45999.00 ,40316.76 ,45999.00 ,40316.76 ,,40316.76 ,,,,,,,,,,,,,,,,,,,,,,,,,,40316.76 ,,,,,,,,,,,,,,40316.76 ,,,40316.76 ,0.00 ,,,,,,,,,,,
,,,,,,,,,,,,,,,,,,,,,,,,,,,,3-公区,公区及户内精装方案扩初设计完成经甲方确认后2个月内,0.20 ,40316.76 ,40316.76 ,产值确认单,45999.00 ,40316.76 ,45999.00 ,40316.76 ,,40316.76 ,,,,,,,,,,,,,,,,,,,,,,,,,,40316.76 ,,,,,,,,,,,,,,40316.76 ,,,40316.76 ,0.00 ,,,,,,,,,,,
,,,,,,,,,,,,,,,,,,,,,,,,,,,,4-公区,公区及户内精装施工图设计完成经甲方确认后2个月内,0.20 ,40316.76 ,0.00 ,,,34189.34 ,,,,0.00 ,,,,,,,,,,,,,,,,,,,,,,,,,,,,,,,,,,,,,,,,,,,,,,,,,,,,,,,
,,,,,,,,,,,,,,,,,,,,,,,,,,,,5-公区,公区及户内精装修竣工验收合格并经甲方确认后2个月内,0.20 ,40316.76 ,0.00 ,,,16704.04 ,,,,0.00 ,,,,,,,,,,,,,,,,,,,,,,,,,,,,,,,,,,,,,,,,,,,,,,,,,,,,,,,
,,,,,北京市通州区梨园镇强力家居土地一级开发项目FZX-0303-6007地块R2二类居住用地项目设计总包管理服务合同,CRCCRE-SJ-XM-2025-020,咨询,CRCCRE-BF-BJHY-HYJY-QQ-2025-011,北京弘邑置业有限公司,,4+1,170946.70 ,,,,,,,,170946.70 ,,,,,,,,1-咨询,合同签订且乙方开展设计咨询工作并提供设计咨询优化意见且经甲方确认后2个月内,0.20 ,34189.34 ,34189.34 ,产值确认单,45995.00 ,34189.34 ,45995.00 ,34189.34 ,,34189.34 ,46052.00 ,,,,,,,,,,,,,,,,,,,34189.34 ,,,,,,,,,,,,,,34189.34 ,,,,,,,,,34189.34 ,0.00 ,,,,,,,,,,,
,,,,,,,,,,,,,,,,,,,,,,,,,,,,2-咨询,本项目取得《建设工程规划许可证》，提交方案至报规阶段设计咨询报告且经甲方确认后2个月内,0.20 ,34189.34 ,34189.34 ,产值确认单,45995.00 ,34189.34 ,45995.00 ,34189.34 ,,34189.34 ,46052.00 ,,,,,,,,,,,,,,,,,,,34189.34 ,,,,,,,,,,,,,,34189.34 ,,,,,,,,,34189.34 ,0.00 ,,,,,,,,,,,
,,,,,,,,,,,,,,,,,,,,,,,,,,,,3-咨询,本项目取得二维码图纸，提交施工图阶段设计咨询报告且经甲方确认后2个月内,0.40 ,68378.68 ,68378.68 ,预估,46013.00 ,68378.68 ,,,,0.00 ,,,,,,,,,,,,,,,,,,,,68378.68 ,,,,,,,,,,,,,,,,,,,,,,,,,,,,,,,,,,,
,,,,,,,,,,,,,,,,,,,,,,,,,,,,4-咨询,提交最终版设计咨询总结报告且经甲方确认，本项办理完成结算后2个月内,0.20 ,34189.34 ,0.00 ,,,,,,,0.00 ,,,,,,,,,,,,,,,,,,,,,,,,,,,,,,,,,,,,,,,,,,,,,,,,,,,,,,,
,,,,,,,BIM,,,,7元/㎡,83520.22 ,,,,,,,,,83520.22 ,,,,,,,1-BIM,合同签订后2个月内,0.20 ,16704.04 ,16704.04 ,产值确认单,45995.00 ,16704.04 ,45995.00 ,16704.04 ,,16704.04 ,46052.00 ,,,,,,,,,,,,,,,,,,,,16704.04 ,,,,,,,,,,,,,,16704.04 ,,,,,,,,16704.04 ,0.00 ,,,,,,,,,,,
,,,,,,,,,,,,,,,,,,,,,,,,,,,,2-BIM,提交地下车库及地下室BIM模型且经过甲方确认后2个月内,0.50 ,41760.11 ,41760.11 ,产值确认单,45995.00 ,41760.11 ,45995.00 ,41760.11 ,,41760.11 ,46052.00 ,,,,,,,,,,,,,,,,,,,,41760.11 ,,,,,,,,,,,,,,41760.11 ,,,,,,,,41760.11 ,0.00 ,,,,,,,,,,,
,,,,,,,,,,,,,,,,,,,,,,,,,,,,3-BIM,乙方根据甲方优化后的施工图纸提交BIM咨询优化报告、完成BIM咨询范围的交底工作且经过甲方确认后2个月内,0.25 ,20880.06 ,0.00 ,,,,,,,7.00 ,,,,,,,,,,,,,,,,,,,,,,,,,,,,,,,,,,,,,,,,,,,,,,,,,,,,,,,
,,,,,,,,,,,,,,,,,,,,,,,,,,,,4-BIM,项目竣工验收合格，本合同办理完成结算后2个月内,0.05 ,4176.01 ,0.00 ,,,,,,,0.00 ,,,,,,,,,,,,,,,,,,,,,,,,,,,,,,,,,,,,,,,,,,,,,,,,,,,,,,,
20,北方,43782.00 ,天津国印二期三期项目,无,国印书苑、国印雅苑项目建筑设计咨询服务合同,CRCCRE-SJ-ZX-2019-011,咨询,CRCCRE-BF-TJHC-GYYY.SY-QQ-2019-023,天津弘创置业有限公司,"书苑：55900、雅苑：96200
（85500）",书苑（三期）施工图咨询：5元/平米，雅苑（二期）全过程咨询：7元/平,952900.00 ,,,,,,,,952900.00 ,,0.00 ,0.00 ,,,,,1.00 ,甲方提交三期施工图阶段全部设计资料后，乙方于7个工作日内提交国印书苑项目纸质版《施工图设计咨询意见》并经甲方书面认可，甲方三十个工作日内支付该阶段咨询服务费279500元,1.00 ,279500.00 ,279500.00 ,产值确认,45275.00 ,279500.00 ,45275.00 ,279500.00 ,45831.00 ,279500.00 ,46021.00 ,0.00 ,抵房租,咨询工作已完成，缺成果确认单,,,902900.00 ,902900.00 ,902900.00 ,50000.00 ,0.00 ,0.00 ,,,,,,,,279500.00 ,,,,,,,,,,,,,,279500.00 ,,,,,,,直委,OA,,,,,,,,,,,,,
,,,,,,,,,,,,,,,,,,,,,,,,,,,,2.00 ,甲方提交二期方案阶段全部设计资料后，乙方于7个工作日内提交国印雅苑项目电子版《方案阶段设计咨询意见》并经甲方书面认可，甲方三十个工作日内支付该阶段咨询服务费202020元,0.30 ,202020.00 ,202020.00 ,产值确认,44688.00 ,202020.00 ,44688.00 ,202020.00 ,45629.00 ,202020.00 ,46021.00 ,0.00 ,抵房租,,,,,,,,,,,,,,,,,202020.00 ,,,,,,,,,,,,,,202020.00 ,,,,,,,,,202020.00 ,0.00 ,,,,,,,,,,,
,,,,,,,,,,,,,,,,,,,,,,,,,,,,3.00 ,甲方提交二期施工图阶段全部设计资料后，乙方于7个工作日内提交国印雅苑项目纸质版《施工图设计咨询意见》并经甲方书面认可，甲方三十个工作日内支付该阶段咨询服务费471380元,0.70 ,471380.00 ,396480.00 ,产值确认,44882.00 ,396480.00 ,44882.00 ,396480.00 ,45831.00 ,396480.00 ,46021.00 ,,抵房租,,,,,,,,,,,,,,,,,396480.00 ,,,,,,,,,,,,,,396480.00 ,,,,,,,,,,,,,,,,,,,,,
,,,,,,,,,,,,,,,,,,,,,,,,,,,,,,,,24900.00 ,预估,,24900.00 ,,24900.00 ,,24900.00 ,,,85500㎡*7元/㎡*70%,,,,,,,,,,,,,,,,,24900.00 ,,,,,,,,,,,,,,24900.00 ,,,,,,,,,,,,,,,,,,,,,
20,北方,45819.00 ,天津国印二期三期项目,无,国印书苑、国印雅苑项目建筑设计咨询服务合同补充协议（一）,CRCCRE-SJ-ZX-2019-011-B1,咨询,CRCCRE-BF-TJHC-GYYY.SY-QQ-2019-023-补1,天津弘创置业有限公司,书苑：55535.08,3元/㎡,166605.24 ,,,,,,,,166605.24 ,,0.00 ,0.00 ,,,,,1.00 ,乙方提交第一版全专业施工图设计咨询报告后经甲方确认后15个工作日内,0.80 ,133284.19 ,22470.00 ,产值确认,44882.00 ,22470.00 ,44882.00 ,22470.00 ,45831.00 ,22470.00 ,46021.00 ,,抵房租,,,,166605.24 ,166605.24 ,166605.24 ,0.00 ,0.00 ,0.00 ,,,,,,,,22470.00 ,,,,,,,,,,,,,,22470.00 ,,,,,,,直委,OA,,,,,,,,,,,,,
,,,,,,,,,,,,,,,,,,,,,,,,,,,,,,,,110814.19 ,产值确认,45848.00 ,110814.19 ,45848.00 ,110814.19 ,45848.00 ,110814.19 ,46021.00 ,,,,,,,,,,,,,,,,,,,110814.19 ,,,,,,,,,,,,,,110814.19 ,,,,,,,,,,,,,,,,,,,,,
,,,,,,,,,,,,,,,,,,,,,,,,,,,,2.00 ,甲方取得审查合格证双方办理最终结算手续后15个工作日内,0.20 ,33321.05 ,33321.05 ,预估,,33321.05 ,,33321.05 ,,33321.05 ,,,,,,,,,,,,,,,,,,,,33321.05 ,,,,,,,,,,,,,,33321.05 ,,,,,,,,,,,,,,,,,,,,,
21,建设,43736.00 ,平谷夏各庄项目,无,北京市平谷区夏各庄镇PG11-0100-6103等地块R2二类居住用地项目规划方案设计咨询合同,CRCCRE-SJ-CZ-2019-011,方案,,中铁建设集团有限公司,175000.00 ,18.00 ,3150000.00 ,,,3150000.00 ,,,,,,,0.00 ,0.00 ,,,,,1.00 ,全部规划方案设计咨询部分（包含精装修设计方案）完成，按照市住保办专家评审会上会深度要求完成方案册制作，且通过甲方委托的第三方审核且乙方配合甲方根据第三方审核的结果对其设计图进行调整，并取得规划许可证后，累计拨付至双方估算总额20%的设计费后7个工作日内双方办理计价手续。,0.20 ,630000.00 ,630000.00 ,产值确认单,44187.00 ,630000.00 ,44187.00 ,630000.00 ,44265.00 ,200000.00 ,44281.00 ,130000.00 ,,,,,3024000.00 ,2079000.00 ,1949000.00 ,126000.00 ,945000.00 ,130000.00 ,,,630000.00 ,,,,,,,,,,,,,,200000.00 ,,,,,,,,,,,,投标,OA,,,,,,,,,,,,,
,,,,,,,,,,,,,,,,,,,,,,,,,,,,,,,,,,,,,,,300000.00 ,44407.00 ,,,,,,,,,,,,,,,,,,,,,,,,,,,,300000.00 ,,,,,,,,,,,,,,,,,,,,,,,,,,
,,,,,,,,,,,,,,,,,,,,,,,,,,,,2.00 ,全部专业施工图设计（包含精装修设计）且通过甲方委托的第三方审核且乙方配合甲方根据第三方审核的结果对其设计图进行调整后7个工作日内双方办理计价手续，按建设工程规划许可证建筑面积结算设计费用，累计拨付至双方确认结算总额70%的设计费。,0.50 ,1575000.00 ,1449000.00 ,产值确认单,44265.00 ,1449000.00 ,43900.00 ,1449000.00 ,44265.00 ,1000000.00 ,44347.00 ,449000.00 ,商票,,,,,,,,,,,,1449000.00 ,,,,,,,,,,,,,,1000000.00 ,,,,,,,,,,,,,,,,,,,,,,,,,,
,,,,,,,,,,,,,,,,,,,,,,,,,,,,,,,,,,,,,,,449000.00 ,,,,,,,,,,,,,,,,,,,,,,,,,,,,,449000.00 ,,,,,,,,,,,,,,,,,,,,,,,,,,
,,,,,,,,,,,,,,,,,,,,,,,,,,,,3.00 ,乙方配合完成甲方完成项目全部结构工程施工后7个工作日内双方办理计价手续。累计拨付至双方确认结算总额85%的设计费。,0.15 ,472500.00 ,472500.00 ,产值确认单,44901.00 ,472500.00 ,44901.00 ,,,0.00 ,,472500.00 ,规划许可证：177927.21㎡,,,,,,,,,,,,472500.00 ,,,,,,,,,,,,,,,,,,,,,,,,,,,,,,,,,,,,,,,,
,,,,,,,,,,,,,,,,,,,,,,,,,,,,4.00 ,乙方配合甲方以及与本工程施工所有相关单位完成向主管部门完成全部备案手续后双方办理最终结算手续，支付余下的设计费。,0.15 ,472500.00 ,472500.00 ,产值确认单,45287.00 ,472500.00 ,45286.00 ,,,0.00 ,,472500.00 ,,,,,,,,,,,,,472500.00 ,,,,,,,,,,,,,,,,,,,,,,,,,,,,,,,,,,,,,,,,
22,北方,43811.00 ,"朝阳水牛坊项目
（绿建咨询）
完成",无,绿色建筑咨询合同,CRCCRE-SJ-GC-2019-001,绿建咨询,,北京景盛诚泰置业有限公司,148387.00 ,"绿建咨询：
2元/㎡",296774.00 ,,,,,,296774.00 ,,,,,0.00 ,,,,工程中心：200000,Z-1,通过住保办审查，并将评审结果文件资料移交甲方后45个工作日内,0.35 ,85533.70 ,85533.70 ,产值确认单,44126.00 ,85533.70 ,44126.00 ,296774.00 ,45153.00 ,85533.70 ,45625.00 ,0.00 ,,完成,,,296774.00 ,296774.00 ,296774.00 ,0.00 ,0.00 ,0.00 ,,,,,,85533.70 ,,,,,,,,,,,,,,85533.70 ,,,,,,,,,直委,OA,,,,,,,,,,,,,
,,,,,,,,,,,,,,,,,,,,,,,,,,,,Z-2,完成施工图的绿色建筑审核意见，并将建议书移交甲方后45个工作日内,0.40 ,97752.80 ,97752.80 ,产值确认单,44126.00 ,97752.80 ,44126.00 ,,,97752.80 ,,0.00 ,,完成,,,,,,,,,,,,,,97752.80 ,,,,,,,,,,,,,,97752.80 ,,,,,,,,,,,,,,,,,,,,,,,
,,,,,,,,,,,,,,,,,,,,,,,,,,,,Z-3,按照评审意见修改和补充资料至通过绿色建筑设计标识认证，并将评审结果文件资料移交甲方后45个工作日内,0.25 ,61095.50 ,61095.50 ,产值确认单,44859.00 ,61095.50 ,44859.00 ,,,61095.50 ,,0.00 ,,,,,,,,,,,,,,,,61095.50 ,,,,,,,,,,,,,,61095.50 ,,,,,,,,,,,,,,,,,,,,,,,
,,,,,,,,,,,,,,,,,,,,,,,,,,,,G-1,获得规划许可证后45个工作日内,0.35 ,18337.20 ,18337.20 ,产值确认单,44126.00 ,18337.20 ,44126.00 ,,,18337.20 ,,0.00 ,,完成,,,,,,,,,,,,,,18337.20 ,,,,,,,,,,,,,,18337.20 ,,,,,,,,,,,,,,,,,,,,,,,
,,,,,,,,,,,,,,,,,,,,,,,,,,,,G-2,完成施工图的绿色建筑审核意见，并将建议书移交甲方后45个工作日内,0.40 ,20956.80 ,20956.80 ,产值确认单,44126.00 ,20956.80 ,44126.00 ,,,20956.80 ,,0.00 ,,完成,,,,,,,,,,,,,,20956.80 ,,,,,,,,,,,,,,20956.80 ,,,,,,,,,,,,,,,,,,,,,,,
,,,,,,,,,,,,,,,,,,,,,,,,,,,,G-3,按照评审意见修改和补充资料至通过绿色建筑设计标识认证，并将评审结果文件资料移交甲方后45个工作日内,0.25 ,13098.00 ,13098.00 ,产值确认单,44859.00 ,13098.00 ,44859.00 ,,,13098.00 ,,0.00 ,,,,,,,,,,,,,,,,13098.00 ,,,,,,,,,,,,,,13098.00 ,,,,,,,,,,,,,,,,,,,,,,,
23,北方,43180.00 ,房山文娱项目,无,北京市房山区长阳镇起步区6号地03-6-04文化娱乐用地规划方案设计合同,CRCCRE-SJ-CZ-2018-002,方案,,中铁房地产集团北方有限公司,25000.00 ,公建方案：40元/平方,1000000.00 ,,,1000000.00 ,,,,,,,0.00 ,0.00 ,,,,,1.00 ,合同签订之日起30日内支付。,0.20 ,200000.00 ,200000.00 ,开票,43434.00 ,/,/,200000.00 ,43434.00 ,200000.00 ,43501.00 ,0.00 ,,,,,1176928.00 ,900000.00 ,1176928.00 ,-176928.00 ,276928.00 ,-276928.00 ,,,200000.00 ,,,,,,,,,,,,,,200000.00 ,,,,,,,,,,,,投标,OA,,,,,,,,,,,,,
,,,,,,,,,,,,,,,,,,,,,,,,,,,,2.00 ,建筑方案设计经甲方确认并通过政府部门审批后30日内,0.35 ,350000.00 ,350000.00 ,产值确认单,43718.00 ,350000.00 ,43718.00 ,350000.00 ,43833.00 ,350000.00 ,44089.00 ,0.00 ,,,,,,,,,,,,,350000.00 ,,,,,,,,,,,,,,350000.00 ,,,,,,,,,,,,,,,,,,,,,,,,,,
,,,,,,,,,,,,,,,,,,,,,,,,,,,,3.00 ,建筑初步设计经甲方确认取得规划许可证（若初步设计需要通过政府部门审批在甲方取得相应批复文件）30日内,0.35 ,350000.00 ,350000.00 ,产值确认单,43749.00 ,350000.00 ,43749.00 ,350000.00 ,44098.00 ,350000.00 ,44561.00 ,0.00 ,,,,,,,,,,,,,350000.00 ,,,,,,,,,,,,,,350000.00 ,,,,,,,,,,,,,,,,,,,,,,,,,,
,,,,,,,,,,,,,,,,,,,,,,,,,,,,4.00 ,项目竣工验收完实测报告审批通过后双方办理结算，结算完毕后30日内支付至结算款的100%。,0.10 ,100000.00 ,276928.00 ,产值确认单,44879.00 ,276928.00 ,44879.00 ,,,276928.00 ,,0.00 ,,,,,,,,,,,,,276928.00 ,,,,,,,,,,,,,,276928.00 ,,,,,,,,,,,,,,,,,,,,,,,,,,
24,北方,43230.00 ,海淀翠湖科技园项目,无,北京市海淀区翠湖科技园HD00-0303-6009、6010地块R2二类居住用地项目建设工程设计合同,CRCCRE-SJ-CZ-2018-003,方案+施工图,,北京锐达置业有限公司,259842.00 ,方案：18元/平方，施工图：29元/平方,12212574.00 ,,,,12212574.00 ,,,,,,0.00 ,0.00 ,,,,创二：7535418,1.00 ,合同签订后20个工作日内,0.20 ,2338578.00 ,2338578.00 ,开票,43283.00 ,/,/,2338578.00 ,43283.00 ,2338578.00 ,43375.00 ,0.00 ,,,,,12212118.81 ,9159089.11 ,11601512.87 ,455.19 ,3053029.70 ,-2442423.76 ,,,,2338578.00 ,,,,,,,,,,,,,,2338578.00 ,,,,,,,,,,,投标,OA,,,,,,,,,,,,,
,,,,,,,,,,,,,,,,,,,,,,,,,,,,2.00 ,"规划复函批复后20个
工作日",0.10 ,1169289.00 ,1169289.00 ,开票,43283.00 ,/,/,1169289.00 ,43283.00 ,1169289.00 ,43375.00 ,0.00 ,,,,,,,,,,,,,,1169289.00 ,,,,,,,,,,,,,,1169289.00 ,,,,,,,,,,,,,,,,,,,,,,,,,
,,,,,,,,,,,,,,,,,,,,,,,,,,,,3.00 ,"规划许可证批复后20个
工作日",0.10 ,1169289.00 ,1376980.52 ,产值确认,43454.00 ,/,/,1376980.52 ,43485.00 ,1376980.52 ,43538.00 ,0.00 ,按照规证面积调整付款金额，542760.84奖励金额未支付,,,,,,,,,,,,,1376980.52 ,,,,,,,,,,,,,,1376980.52 ,,,,,,,,,,,,,,,,,,,,,,,,,
,,,,,,,,,,,,,,,,,,,,,,,,,,,,4.00 ,施工图完成并取得审查合格书后20个工作日,0.35 ,4092511.00 ,4274241.58 ,开票,43485.00 ,/,/,4274241.58 ,43485.00 ,4274241.58 ,43538.00 ,0.00 ,271380.42㎡,,,,,,,,,,,,,4274241.58 ,,,,,,,,,,,,,,4274241.58 ,,,,,,,,,,,,,,,,,,,,,,,,,
,,,,,,,,,,,,,,,,,,,,,,,,,,,,5.00 ,"项目竣工验收合格后
20个工作日",0.20 ,2338578.00 ,2442423.76 ,产值确认单,44552.00 ,2442423.78 ,44552.00 ,,,2442423.76 ,,0.00 ,9月可以请款,,,已与甲方沟通签字，暂未返回,,,,,,,,,,2442423.76 ,,,,,,,,,,,,,,2442423.76 ,,,,,,,,,,,,,,,,,,,,,,,,,
,,,,,,,,,,,,,,,,,,,,,,,,,,,,6.00 ,结算后支付剩余款项,0.05 ,584645.00 ,610605.94 ,,,,,,,0.00 ,,610605.94 ,2022年底不能竣工,,,,,,,,,,,,,610605.94 ,,,,,,,,,,,,,,,,,,,,,,,,,,,,,,,,,,,,,,,
25,北方,43665.00 ,海淀翠湖项目（完成）,无,北京市海淀区翠湖科技园HD00-0303-6009、6010地块R2二类居住用地项目补充协议一,CRCCRE-SJ-CZ-2018-003-B1,方案+施工图,,北京锐达置业有限公司,,方案：18元/平方，施工图：29元/平方,2700000.00 ,,,,2700000.00 ,,,,,,0.00 ,0.00 ,,,,创二：2700000,1.00 ,"在本补充协议签订后20个工作日内，甲方向乙方一次性支付方案阶段设计调整及施工图设计阶段增加了部分工作的设计费，计人民币壹佰玖拾万元（小写：[1,900,000.00]）。",,1900000.00 ,700000.00 ,产值确认增加至创二,44126.00 ,700000.00 ,44126.00 ,700000.00 ,44126.00 ,700000.00 ,44165.00 ,,,,,,2700000.00 ,2700000.00 ,2700000.00 ,0.00 ,0.00 ,0.00 ,,,,700000.00 ,,,,,,,,,,,,,,700000.00 ,,,,,,,,,,,直委,OA,,,,,,,,,,,,,
,,,,,,,,,,,,,,,,,,,,,,,,,,,,,,,,600000.00 ,,,600000.00 ,,600000.00 ,44326.00 ,600000.00 ,44343.00 ,,,,,,,,,,,,,,,600000.00 ,,,,,,,,,,,,,,600000.00 ,,,,,,,,,,,,,,,,,,,,,,,,,
,,,,,,,,,,,,,,,,,,,,,,,,,,,,,,,,600000.00 ,,,600000.00 ,,600000.00 ,44478.00 ,600000.00 ,44516.00 ,,,,,,,,,,,,,,,600000.00 ,,,,,,,,,,,,,,600000.00 ,,,,,,,,,,,,,,,,,,,,,,,,,
,,,,,,,,,,,,,,,,,,,,,,,,,,,,2.00 ,"本补充协议签订后20个工作日内，甲方向乙方支付后期优化设计费总额的50%，计人民币肆拾万元（小写：[400,000.00]）。",,400000.00 ,400000.00 ,产值确认增加至创二,44185.00 ,400000.00 ,44185.00 ,400000.00 ,44478.00 ,400000.00 ,44516.00 ,,,,,,,,,,,,,,,400000.00 ,,,,,,,,,,,,,,400000.00 ,,,,,,,,,,,,,,,,,,,,,,,,,
,,,,,,,,,,,,,,,,,,,,,,,,,,,,3.00 ,"乙方提交本补充协议所要求的“优化设计成果”后20个工作日内，甲方向乙方支付后期优化设计费总额的50%，计人民币肆拾万元（小写[400,000.00]）",,400000.00 ,400000.00 ,产值确认增加至创二,44185.00 ,400000.00 ,44185.00 ,400000.00 ,44478.00 ,400000.00 ,44516.00 ,,,,,,,,,,,,,,,400000.00 ,,,,,,,,,,,,,,400000.00 ,,,,,,,,,,,,,,,,,,,,,,,,,
26,北方,43165.00 ,金达可研（完成）,无,概念规划设计咨询合同,CRCCRE-SJ-CZ-2018-010,可研,,中铁房地产集团北京金达世纪房地产开发有限公司,7个,可研：5万/个,350000.00 ,,,100000.00 ,250000.00 ,,,,,,0.00 ,0.00 ,,,,,1.00 ,乙方向甲方提交所有成果文件并经过甲方确认后 7 个工作日内，乙方有权向甲方提起本合同约定的全部设计费用的付款申请。甲方在收到请款函、费用账单及发票等相关文件后，于 7 个工作日内将设计费汇入乙方的账户，并通知乙方。,1.00 ,350000.00 ,350000.00 ,开票,43434.00 ,/,/,350000.00 ,43495.00 ,350000.00 ,43291.00 ,0.00 ,一室：昌平东三旗011地块项目、通州新城0204街区项目         二室：密云新城、昌平北七家镇项目、平谷项目、下花园酒店、石景山东下庄,,,,350000.00 ,350000.00 ,350000.00 ,0.00 ,0.00 ,0.00 ,,,100000.00 ,250000.00 ,,,,,,,,,,,,,100000.00 ,250000.00 ,,,,,,,,,,,直委,OA,,,,,,,,,,,,,
27,北方,43180.00 ,正达可研,无,概念规划设计咨询合同,CRCCRE-SJ-CZ-2017-025,可研,CRCC-ZDZY-5H-QQ-2017-0329,中铁房地产集团北方有限公司,8个,可研：5万/个,400000.00 ,,,200000.00 ,200000.00 ,,,,,,0.00 ,0.00 ,,,,,1.00 ,每月20日前，乙方向甲方提交本月概念规划设计成果文件，经甲方确认无误后，乙方按甲方要求提交本月请款资料（包括不限于请款函、《工作任务单》、双方签字确认的土地强排方案等），甲方将于次月底前向乙方一次性支付全部设计费用。,,,0.00 ,,,,,,,0.00 ,,0.00 ,"一室：
1.北京大兴区瀛海镇区YZ00-0803-0512
2.0514地块及C07-3地块项目
3.大兴魏善庄镇项目
4.北京大兴黄村DX000202号地块项目
5.北京大兴庞各庄项目",,,,0.00 ,0.00 ,0.00 ,400000.00 ,0.00 ,0.00 ,,,,,,,,,,,,,,,,,,,,,,,,,,,,,直委,OA,,,,,,,,,,,,,
29,北方,43458.00 ,弘创强排（完成）,无,天津市及其周边区域土地强排方案设计合作协议,CRCCRE-SJ-CZ-2018-043,可研,,天津弘创置业有限公司,6个,可研：5万/个,300000.00 ,,,300000.00 ,,,,,,,0.00 ,0.00 ,,,,,1.00 ,每月25日，双方对截止本月25日已经完成竞拍的宗地进行顾问费用计价。乙方按要求向甲方提交请款资料（请款函、双方签字确认的土地强排方案），并提供等额合法合规的增值税专用发票，甲方在收到发票后10个工作日内向乙方支付相应费用。,1.00 ,300000.00 ,300000.00 ,开票,43600.00 ,/,/,300000.00 ,43600.00 ,300000.00 ,43657.00 ,0.00 ,,,,,300000.00 ,300000.00 ,300000.00 ,0.00 ,0.00 ,0.00 ,,,300000.00 ,,,,,,,,,,,,,,300000.00 ,,,,,,,,,,,,直委,OA,,,,,,,,,,,,,
30,东北,43111.00 ,长春西派府项目（完成）,无,"中国铁建·西派府项目
建筑设计（优化）咨询服务合同",CRCCRE-SJ-ZX-2018-003,咨询,,长春玖华房地产开发有限公司,226728.25 ,咨询：5元/平米,1133641.00 ,,,,,,,,1133641.00 ,,0.00 ,0.00 ,,,,,1.00 ,合同签订后，甲方在提交全部设计资料给乙方后，五个工作日内支付工 程全额设计优化咨询费的 20%给乙方。,0.20 ,226728.20 ,226231.00 ,开票,43595.00 ,/,/,226231.00 ,43595.00 ,226231.00 ,43728.00 ,0.00 ,扣掉2000，规证面积226230.5平方米，结算合同额为1131153,完成,,,1131153.00 ,1131153.00 ,1131153.00 ,2488.00 ,0.00 ,0.00 ,,,,,,,,226231.00 ,,,,,,,,,,,,,,226231.00 ,,,,,,,直委,OA,,,,,,,,,,,,,
,,,,,,,,,,,,,,,,,,,,,,,,,,,,2.00 , 乙方完成施工图阶段的设计咨询工作并经甲方认可，甲方支付工程全额 设计优化咨询费 60%给乙方。,0.60 ,680184.60 ,678693.00 ,开票,43595.00 ,/,/,678693.00 ,43595.00 ,678693.00 ,43728.00 ,0.00 ,,,,,,,,,,,,,,,,,,678693.00 ,,,,,,,,,,,,,,678693.00 ,,,,,,,,,,,,,,,,,,,,,
,,,,,,,,,,,,,,,,,,,,,,,,,,,,3.00 ,工程竣工备案后，甲方支付工程全额设计优化咨询费 20%给乙方。,0.20 ,226728.20 ,226728.20 ,产值确认,44175.00 ,226728.20 ,44175.00 ,226229.00 ,44277.00 ,226229.00 ,44314.00 ,499.20 ,21年调整产值，抵扣-499.2元,,,,,,,,,,,,,,,,,226728.20 ,,,,,,,,,,,,,,226229.00 ,,,,,,,,,,,,,,,,,,,,,
,,,,,,,,,,,,,,,,,,,,,,,,,,,,,/,/,/,-499.20 ,产值确认,44275.00 ,-499.20 ,44275.00 ,,,,,,,,,,,,,,,,,,,,,,,-499.20 ,,,,,,,,,,,,,,,,,,,,,,,,,,,,,,,,,,,
31,北方,43444.00 ,"西山梧桐项目
（完结）",无,中国铁建西山梧桐项目设计咨询服务合同,CRCCRE-SJ-ZX-2018-009,咨询,,北京嘉达置业有限公司,100000.00 ,咨询：5元/平米,500000.00 ,,,,,,,,500000.00 ,,0.00 ,0.00 ,,,,,1.00 ,咨询人提交方案阶段咨询告，经发包人负责人书面确认定稿后,0.40 ,200000.00 ,200000.00 ,开票,43485.00 ,/,/,200000.00 ,43485.00 ,200000.00 ,43656.00 ,0.00 ,,,,,492438.15 ,492438.15 ,492438.15 ,7561.85 ,0.00 ,0.00 ,,,,,,,,200000.00 ,,,,,,,,,,,,,,200000.00 ,,,,,,,投标,OA,,,,,,,,,,,,,
,,,,,,,,,,,,,,,,,,,,,,,,,,,,2.00 ,咨询人提交施工图阶段咨询报告，经发包人负责人书面确认定稿，且项目取得施工图设计审查合格书后,0.40 ,200000.00 ,200000.00 ,开票,43485.00 ,/,/,200000.00 ,43485.00 ,200000.00 ,43656.00 ,0.00 ,,,,,,,,,,,,,,,,,,200000.00 ,,,,,,,,,,,,,,200000.00 ,,,,,,,,,,,,,,,,,,,,,
,,,,,,,,,,,,,,,,,,,,,,,,,,,,3.00 ,项目工程竣工验收全部完成，经发包人负责人书面确认并办理结算完成后,0.20 ,100000.00 ,92438.15 ,产值确认单,45247.00 ,92438.15 ,45247.00 ,92438.15 ,45421.00 ,92438.15 ,45558.00 ,0.00 ,,年底竣工,,,,,,,,,,,,,,,,92438.15 ,,,,,,,,,,,,,,92438.15 ,,,,,,,,,,,,,,,,,,,,,
32,北方,43393.00 ,"北京朝阳马家湾项目
（完成）",无,绿色建筑咨询服务合同,CRCCRE-SJ-GC-2018-005,绿建咨询,,北京景盛诚泰置业有限公司,133156.00 ,绿建咨询：2元/平方,266312.00 ,,,,,,266312.00 ,,,,0.00 ,0.00 ,,,,工程：150000,1.00 ,"通过住保办审查，并将评审结果文件资料移交甲方后45个工作日内
",0.35 ,93209.20 ,93209.20 ,产值确认,43756.00 ,93209.20 ,43756.00 ,93209.20 ,43969.00 ,93209.20 ,44042.00 ,0.00 ,,,,,266312.00 ,266312.00 ,266312.00 ,0.00 ,0.00 ,0.00 ,,,,,,93209.20 ,,,,,,,,,,,,,,93209.20 ,,,,,,,,,直委,线下,,,,,,,,,,,,,
,,,,,,,,,,,,,,,,,,,,,,,,,,,,2.00 ,完成施工图的绿色建筑审核意见，并将建议书移交甲方后45个工作日内,0.40 ,106524.80 ,106524.80 ,产值确认,43756.00 ,106524.80 ,43756.00 ,106524.80 ,43969.00 ,106524.80 ,44042.00 ,0.00 ,,,,,,,,,,,,,,,,106524.80 ,,,,,,,,,,,,,,106524.80 ,,,,,,,,,,,,,,,,,,,,,,,
,,,,,,,,,,,,,,,,,,,,,,,,,,,,3.00 ,按照评审意见修改和补充资料至通过绿色建筑设计标识认证，并将评审结果文件资料移交甲方后45个工作日内,0.25 ,66578.00 ,66578.00 ,产值确认,44900.00 ,66578.00 ,44900.00 ,66578.00 ,45153.00 ,66578.00 ,45173.00 ,0.00 ,,,,,,,,,,,,,,,,66578.00 ,,,,,,,,,,,,,,66578.00 ,,,,,,,,,,,,,,,,,,,,,,,
33,北方,43327.00 ,"北京朝阳马家湾项目
（完成）",无,北京市朝阳区豆各庄乡马家湾村1306-606地块项目设计合同,CRCCRE-SJ-HS-2018-001,方案+施工图,,北京景盛诚泰置业有限公司,"合同：130997
结算：133156",方案：13元/平方、施工图：29元/平方（含装配式）,3024853.00 ,,,,,,3024853.00 ,,,,0.00 ,0.00 ,,,,1702961.00 ,1.00 ,全部规划方案设计部分完成，按照市住保办专家评审会上会深度要求完成方案册制作，且通过甲方委托的第三方审核且乙方配合甲方根据第三方审核的结果对其设计图进行调整，并取得规划方案复函后，累计拨付至双方估算总额30%的设计费后7个工作日内双方办理计价手续。,0.30 ,907455.90 ,907456.00 ,开票,43435.00 ,/,/,907456.00 ,43435.00 ,907456.00 ,43617.00 ,0.00 ,,,,,3052920.00 ,3052920.00 ,3052920.00 ,-28067.00 ,0.00 ,0.00 ,,,,,,907456.00 ,,,,,,,,,,,,,,907456.00 ,,,,,,,,,投标,线下,,,,,,,,,,,,,
,,,,,,,,,,,,,,,,,,,,,,,,,,,,2.00 ,全部专业施工图设计完成审查且通过甲方委托的第三方审核且乙方配合甲方根据第三方审核的结果对其设计图进行调整后7个工作日内双方办理计价手续，按建设工程规划许可证建筑面积结算设计费用，累计拨付至双方确认结算总额70%的设计费。,0.40 ,1209941.20 ,1209941.00 ,开票,43556.00 ,/,/,1209941.00 ,43556.00 ,1209941.00 ,43770.00 ,0.00 ,,,,,,,,,,,,,,,,1209941.00 ,,,,,,,,,,,,,,1209941.00 ,,,,,,,,,,,,,,,,,,,,,,,
,,,,,,,,,,,,,,,,,,,,,,,,,,,,3.00 ,乙方配合完成甲方完成项目全部结构工程施工后7个工作日内双方办理计价手续。累计拨付至双方确认结算总额80%的设计费。,0.10 ,302485.30 ,324939.00 ,产值确认单,44126.00 ,324939.00 ,44126.00 ,324939.00 ,44221.00 ,324939.00 ,44314.00 ,0.00 ,,,,,,,,,,,,,,,,324939.00 ,,,,,,,,,,,,,,324939.00 ,,,,,,,,,,,,,,,,,,,,,,,
,,,,,,,,,,,,,,,,,,,,,,,,,,,,4.00 ,乙方配合甲方以及与本工程施工所有相关单位完成向主管部门完成全部备案手续后双方办理最终结算手续，支付余下的设计费。,0.20 ,604970.60 ,610584.00 ,产值确认单,44547.00 ,610584.00 ,44547.00 ,610584.00 ,45279.00 ,610584.00 ,45282.00 ,0.00 ,"外委华通：
1731028元
设计咨询：1343678.49元",,,,,,,,,,,,,,,610584.00 ,,,,,,,,,,,,,,610584.00 ,,,,,,,,,,,,,,,,,,,,,,,
34,北方,43327.00 ,朝阳水牛坊项目,无,"北京市朝阳区豆各庄乡水牛坊村1306-635
地块、1306-636地块A8社区综合服务用地项目设计合同",CRCCRE-SJ-HS-2018-003,方案+施工图,CRCCRE-BF-BJJS-WTG-QQ-2018-006,北京景盛诚泰置业有限公司,"合同：130660
结算：148387",方案：13元/平方、施工图：30元/平方（含装配式）,3959614.00 ,,,,,,3959614.00 ,,,,0.00 ,0.00 ,,,,工程：1698580,1.00 ,全部规划方案设计部分完成，按照市住保办专家评审会上会深度要求完成方案册制作，且通过甲方委托的第三方审核且乙方配合甲方根据第三方审核的结果对其设计图进行调整，并取得规划方案复函后，累计拨付至双方估算总额30%的设计费后7个工作日内双方办理计价手续。,0.30 ,1187884.20 ,1187884.00 ,产值确认单,43707.00 ,1187884.00 ,43707.00 ,1187884.00 ,43758.00 ,842306.00 ,43950.00 ,,,,,,4456982.00 ,4456982.00 ,3908949.58 ,-497368.00 ,0.00 ,548032.42 ,,,,,,1187884.00 ,,,,,,,,,,,,,,842306.00 ,,,,,,,,,投标,线下,,,,,,,,,,,,,
,,,,,,,,,,,,,,,,,,,,,,,,,,,,,,,,,,,,,,,345578.00 ,44000.00 ,,,,,,,,,,,,,,,,,,,,,,,,,,,,,,,345578.00 ,,,,,,,,,,,,,,,,,,,,,,,
,,,,,,,,,,,,,,,,,,,,,,,,,,,,2.00 ,全部专业施工图设计完成审查且通过甲方委托的第三方审核且乙方配合甲方根据第三方审核的结果对其设计图进行调整后7个工作日内双方办理计价手续，按建设工程规划许可证建筑面积结算设计费用，累计拨付至双方确认结算总额70%的设计费。,0.40 ,1583845.60 ,1932003.00 ,产值确认单,44126.00 ,1932003.00 ,44126.00 ,1932003.00 ,44225.00 ,650000.00 ,44377.00 ,,按照规证面积结算，铁建银信2021年12月24日到期,,,,,,,,,,,,,,,1932003.00 ,,,,,,,,,,,,,,650000.00 ,,,,,,,,,,,,,,,,,,,,,,,
,,,,,,,,,,,,,,,,,,,,,,,,,,,,,,,,,,,,,,,1282003.00 ,44439.00 ,,按照规证面积结算，铁建银信2022年2月23日到期,,,,,,,,,,,,,,,,,,,,,,,,,,,,,1282003.00 ,,,,,,,,,,,,,,,,,,,,,,,
,,,,,,,,,,,,,,,,,,,,,,,,,,,,3.00 ,乙方配合完成甲方完成项目全部结构工程施工后7个工作日内双方办理计价手续。累计拨付至双方确认结算总额80%的设计费。,0.10 ,395961.40 ,445698.23 ,产值确认单,44547.00 ,445698.23 ,44547.00 ,789062.58 ,45978.00 ,789062.58 ,46021.00 ,,抵房租,,,,,,,,,,,,,,,445698.23 ,,,,,,,,,,,,,,789062.58 ,,,,,,,,,,,,,,,,,,,,,,,
,,,,,,,,,,,,,,,,,,,,,,,,,,,,4.00 ,乙方配合甲方以及与本工程施工所有相关单位完成向主管部门完成全部备案手续后双方办理最终结算手续，支付余下的设计费。,0.20 ,791922.80 ,891817.77 ,产值确认单,44876.00 ,891817.77 ,44876.00 ,548032.42 ,,,,891817.77 ,"1306-635规证面积为：122191㎡
1306-636规证面积为：26196㎡
华通外委费金额，暂不抵房租",,,,,,,,,,,,,,,891817.77 ,,,,,,,,,,,,,,548032.42 ,,,,,,,,,,,,,,,,,,,,,,,
,,,,,,,,,,,,,,,,,,,,,,,,,,,,5.00 ,结算后减少设计费421元,0.00 ,-421.00 ,-421.00 ,产值确认单,45904.00 ,-421.00 ,45904.00 ,,,,,-421.00 ,,,,,,,,,,,,,,,,-421.00 ,,,,,,,,,,,,,,,,,,,,,,,,,,,,,,,,,,,,,
35,北方,43256.00 ,西山梧桐项目（完成）,无,西山梧桐项目地上标准户型精装修建模BIM服务合同,CRCCRE-SJ-BIM-2018-003,BIM,CRCCRE-BF-BJJD-XSWT-SJ-2018-003,北京嘉达置业有限公司,52066.00 ,BIM：户型精装建模5.73元/平方,298500.00 ,,,,,,,,,298500.00 ,0.00 ,0.00 ,,,,,1.00 ,乙方完成BIM模型及管综优化报告，并经甲方认可，甲方支付工程BIM全额BIM技术应用服务费用60%给乙方。,0.60 ,179100.00 ,179100.00 ,开票,43525.00 ,/,/,179100.00 ,43525.00 ,179100.00 ,43605.00 ,0.00 ,,,,,298500.00 ,298500.00 ,298500.00 ,0.00 ,0.00 ,0.00 ,,,,,,,,,179100.00 ,,,,,,,,,,,,,,179100.00 ,,,,,,询价,OA,,,,,,,,,,,,,
,,,,,,,,,,,,,,,,,,,,,,,,,,,,2.00 ,乙方完成标准单元BIM精装修模型和预制构件拆分模型，并经甲方认可，甲方支付工程BIM全额BIM技术应用服务费用40%给乙方。,0.40 ,119400.00 ,119400.00 ,产值确认单,43718.00 ,/,/,119400.00 ,45628.00 ,119400.00 ,45652.00 ,0.00 ,找金苏,,,,,,,,,,,,,,,,,,119400.00 ,,,,,,,,,,,,,,119400.00 ,,,,,,,,,,,,,,,,,,,,
36,北方,43424.00 ,"北京马家湾项目
（完成）",无,北京市朝阳区豆各庄乡马家湾村1306-606地块R2二类居住用地项目BIM技术应用咨询服务合同,CRCCRE-SJ-BIM-2018-011,BIM,,北京景盛诚泰置业有限公司,133156.00 ,BIM:建模4元/平方,532624.00 ,,,,,,,,,532624.00 ,0.00 ,0.00 ,,,,,1.00 ,乙方提交第一版BIM模型后,0.40 ,213049.60 ,213049.60 ,产值确认单,43819.00 ,213049.60 ,43819.00 ,213049.60 ,44228.00 ,213049.60 ,44495.00 ,0.00 ,,,,,532624.00 ,532624.00 ,532624.00 ,0.00 ,0.00 ,0.00 ,,,,,,,,,213049.60 ,,,,,,,,,,,,,,213049.60 ,,,,,,投标,线下,,,,,,,,,,,,,
,,,,,,,,,,,,,,,,,,,,,,,,,,,,2.00 ,乙方提交所有成果,0.40 ,213049.60 ,213049.60 ,产值确认单,43819.00 ,213049.60 ,43819.00 ,213049.60 ,44228.00 ,213049.60 ,44495.00 ,0.00 ,,,,,,,,,,,,,,,,,,,213049.60 ,,,,,,,,,,,,,,213049.60 ,,,,,,,,,,,,,,,,,,,,
,,,,,,,,,,,,,,,,,,,,,,,,,,,,3.00 ,乙方配合施工方完成地下室BIM施工应用，经甲方确认,0.20 ,106524.80 ,53262.40 ,产值确认单,43819.00 ,53262.40 ,43819.00 ,106524.80 ,45153.00 ,53262.40 ,45173.00 ,0.00 ,,,,,,,,,,,,,,,,,,28938.50 ,24323.90 ,,,,,,,,,,,,,28938.50 ,24323.90 ,,,,,,,,,,,,,,,,,,,,
,,,,,,,,,,,,,,,,,,,,,,,,,,,,,同上,,,53262.40 ,产值确认单,44536.00 ,53262.40 ,44536.00 ,,,53262.40 ,45173.00 ,,,,,产值确认单已签,,,,,,,,,,,,,,,53262.40 ,,,,,,,,,,,,,,53262.40 ,0.00 ,,,,,,,,,,,,,,,,,,,
37,北方,43424.00 ,"北京水牛坊项目
（完成）",无,北京市朝阳区豆各庄乡水牛坊村1306-635地块R2二类居住用地项目BIM技术应用咨询服务合同,CRCCRE-SJ-BIM-2018-012,BIM,,北京景盛诚泰置业有限公司,"合同：
121971
结算：
122191",BIM:建模4元/平方,487884.00 ,,,,,,,,,487884.00 ,0.00 ,0.00 ,,,,,1.00 ,乙方提交第一版BIM模型后,0.40 ,195153.60 ,195153.60 ,产值确认单,43819.00 ,195153.60 ,43819.00 ,488764.00 ,45153.00 ,195153.60 ,45625.00 ,0.00 ,"合同金额为487884.00元
结算金额为488764.00元",完成,,,488764.00 ,488764.00 ,488764.00 ,-880.00 ,0.00 ,0.00 ,,,,,,,,,195153.60 ,,,,,,,,,,,,,,195153.60 ,,,,,,投标,线下,,,,,,,,,,,,,
,,,,,,,,,,,,,,,,,,,,,,,,,,,,2.00 ,乙方提交所有成果,0.40 ,195153.60 ,97576.80 ,产值确认单,43819.00 ,97576.80 ,43819.00 ,,,97576.80 ,,0.00 ,,,,,,,,,,,,,,,,,,26440.00 ,71136.80 ,,,,,,,,,,,,,26440.00 ,71136.80 ,,,,,,,,,,,,,,,,,,,,
,,,,,,,,,,,,,,,,,,,,,,,,,,,,,同上,,,195153.60 ,产值确认单,44536.00 ,195153.60 ,44536.00 ,,,195153.60 ,,0.00 ,,,,产值确认单已签,,,,,,,,,,,,50000.00 ,,,145153.60 ,,,,,,,,,,,50000.00 ,,,145153.60 ,,,,,,,,,,,,,,,,,,,,
,,,,,,,,,,,,,,,,,,,,,,,,,,,,3.00 ,乙方配合施工方完成地下室BIM施工应用，经甲方确认,0.20 ,97576.80 ,,,,,,,,,,,,,,,,,,,,,,,,,,,,,,,,,,,,,,,,,,,,,,,,,,,,,,,,,,,,,,,
,,,,,,,,,,,,,,,,,,,,,,,,,,,,,,,,880.00 ,产值确认单,45153.00 ,880.00 ,45153.00 ,,,880.00 ,,,,,,产值确认单已签,,,,,,,,,,,,,,,880.00 ,,,,,,,,,,,,,,880.00 ,,,,,,,,,,,,,,,,,,,,
38,北方,43137.00 ,雄安高铁项目（完成）,无,地块取地项目咨询顾问服务合同,CRCCRE-SJ-CH-2018-001,策划,,北京欣达置业有限公司,2个,策划：5万/个,100000.00 ,100000.00 ,,,,,,,,,0.00 ,0.00 ,,,,,1.00 ,每月20日前，双方就本月发生的顾问费用进行去人，并由甲方出具书面确认资料。乙方在25日前，按甲方要求提交本月请款资料（包括不限于请款函、《工作任务单》、双方签字确认的地块取地可行性研究报告等），甲方将于次月底向乙方支付本月进度款。,1.00 ,100000.00 ,100000.00 ,开票,43230.00 ,/,/,100000.00 ,43230.00 ,100000.00 ,43291.00 ,0.00 ,,,,,100000.00 ,100000.00 ,100000.00 ,0.00 ,0.00 ,0.00 ,100000.00 ,,,,,,,,,,,,,,100000.00 ,,,,,,,,,,,,,,直委,OA,,,,,,,,,,,,,
39,创投,43272.00 ,长租公寓课题研究（转出）,无,长租公寓产品线研究咨询服务协议,CRCCRE-SJ-CH-2018-008,策划,CRCC-CX-ZL-2018-002,中铁房地产集团创新产业投资有限公司,,,1500000.00 ,1000000.00 ,,,500000.00 ,,,,,,0.00 ,0.00 ,,,,"策划：450000,创二：350000",1.00 ,本协议签订后30个工作日内，甲方支付咨询服务费用总额的20%作为第一期款项,0.20 ,300000.00 ,300000.00 ,开票,43383.00 ,/,/,300000.00 ,43291.00 ,300000.00 ,43305.00 ,0.00 ,剩下款型见补充协议,,,,300000.00 ,300000.00 ,300000.00 ,1200000.00 ,1200000.00 ,0.00 ,300000.00 ,,,,,,,,,,,,,,300000.00 ,,,,,,,,,,,,,,直委,OA,,,,,,,,,,,,,
40,北方,43343.00 ,山东菏泽项目（执行完成）,无,项目投资拓展可行性研究顾问服务协议,CRCCRE-SJ-CH-2018-013,策划,,中铁房地产集团北方有限公司,2个,策划：10万/个、5万/个,150000.00 ,150000.00 ,,,,,,,,,0.00 ,0.00 ,,,,,1.00 ,乙方完成甲方最终认可的顾问服务报告，甲方验收并作出书面认可后，甲方于下月30日之前支付乙方相应的顾问服务费用,1.00 ,150000.00 ,150000.00 ,开票,43354.00 ,/,/,150000.00 ,43354.00 ,150000.00 ,43415.00 ,0.00 ,合同执行完成,,,,150000.00 ,150000.00 ,150000.00 ,0.00 ,0.00 ,0.00 ,150000.00 ,,,,,,,,,,,,,,150000.00 ,,,,,,,,,,,,,,直委,OA,,,,,,,,,,,,,
41,东北,42919.00 ,大连山语城项目（完成）,无,大连市大城（2016）-17号地块规划方案设计合同,CRCCRE-SJ-CZZX-2017-004,方案,,大连京信置业有限公司,174782.00 ,方案：14.8元/平方,2420373.60 ,,,,2420373.60 ,,,,,,0.00 ,0.00 ,,,,,1.00 ,双方确认甲方向乙方支付合同定金，本合同签订生效十五日内，甲方已经支付的定金抵作设计费,0.10 ,242037.36 ,258677.36 ,开票,42865.00 ,/,/,258677.36 ,42865.00 ,258677.36 ,43040.00 ,0.00 ,,完成,,,2420373.60 ,2420373.60 ,2420373.60 ,0.00 ,0.00 ,0.00 ,,,,258677.36 ,,,,,,,,,,,,,,258677.36 ,,,,,,,,,,,投标,OA,,,,,,,,,,,,,
,,,,,,,,,,,,,,,,,,,,,,,,,,,,2.00 ,建筑方案设计（含总规划方案设计及单体方案设计）经甲方确认并通过政府部门审批后十五日内,0.35 ,738970.76 ,738970.76 ,开票,42865.00 ,/,/,738970.76 ,42865.00 ,738970.76 ,43040.00 ,0.00 ,,,,,,,,,,,,,,738970.76 ,,,,,,,,,,,,,,738970.76 ,,,,,,,,,,,,,,,,,,,,,,,,,
,,,,,,,,,,,,,,,,,,,,,,,,,,,,3.00 ,配合甲方取得规划许可证十五日内,0.35 ,847130.76 ,905370.76 ,开票,42865.00 ,/,/,905370.76 ,42865.00 ,905370.76 ,43040.00 ,0.00 ,,,,,,,,,,,,,,905370.76 ,,,,,,,,,,,,,,905370.76 ,,,,,,,,,,,,,,,,,,,,,,,,,
,,,,,,,,,,,,,,,,,,,,,,,,,,,,4.00 ,乙方完成配合、深化设计配合等工作，竣工验收后十五日内,0.20 ,484074.72 ,517354.72 ,产值确认,44288.00 ,517354.72 ,44288.00 ,517354.72 ,44411.00 ,517354.72 ,44431.00 ,0.00 ,,,,,,,,,,,,,,517354.72 ,,,,,,,,,,,,,,517354.72 ,,,,,,,,,,,,,,,,,,,,,,,,,
42,北方,42901.00 ,密云及顺义项目（完成）,无,"密云新城0102街区MY00-0102-6002地块项目
及顺义区仁和镇第5街区05-03-04-3地块项目
概念规划咨询设计合同",CRCCRE-SJ-CZZX-2017-008,可研,,中铁房地产集团北京金达世纪房地产开发有限公司,2个,可研：5万/个,100000.00 ,,,,100000.00 ,,,,,,0.00 ,0.00 ,,,,,1.00 ,设计费用按双方约定金额一次性付款,1.00 ,100000.00 ,100000.00 ,开票,42925.00 ,/,/,100000.00 ,42925.00 ,100000.00 ,42925.00 ,0.00 ,合同执行完成,,,,100000.00 ,100000.00 ,100000.00 ,0.00 ,0.00 ,0.00 ,,,,100000.00 ,,,,,,,,,,,,,,100000.00 ,,,,,,,,,,,直委,OA,,,,,,,,,,,,,
43,创投,42965.00 ,"创新可研
（未执行）",无,概念规划设计咨询服务协议,CRCCRE-SJ-CZZX-2017-012,可研,CRCC-CX-TZ-2017-005,中铁房地产集团创新产业投资有限公司,6个,,300000.00 ,,,300000.00 ,,,,,,,0.00 ,0.00 ,,,,,1.00 ,根据集团公司关于《中铁房地产集团设计咨询有限公司业务发展指导意见》，本协议设计收费按照建设用地面积进行收费，10公顷以下为10万元/项（不含税金额94340元，增值税金额5660元，税率6%。）；10公顷以上为1万元/公顷。设计收费总价在30万元以下时按照本条款计费标准取费；如遇特大项目、特殊项目或设计收费总价超过30万元时，设计收费需根据项目具体情况由双方协商确定,,,0.00 ,,,,,,,0.00 ,,0.00 ,"合同未执行，已到期
一室：海淀环保园6001地块项目、天津北辰、四川绵阳项目、深圳市坪山区G13302-8025地块项目、深圳市龙岗区G05425-1027地块项目。
二室：三亚崖山项目1#地、三亚崖山项目2#地、万全区114商业地块、北京小红门项目、三里庄回迁项目、安徽蚌埠可研项目",,,,0.00 ,0.00 ,0.00 ,300000.00 ,0.00 ,0.00 ,,,,,,,,,,,,,,,,,,,,,,,,,,,,,直委,OA,,,,,,,,,,,,,
44,创投,43095.00 ,成都青城山项目,无,"概念规划设计咨询服务协议
补充协议01",CRCCRE-SJ-CZZX-2017-012-B1,可研,CRCC-CX-TZ-2017-005-B1,中铁房地产集团创新产业投资有限公司,,,150000.00 ,,,150000.00 ,,,,,,,0.00 ,0.00 ,,,,,1.00 ,服务费支付方式：本补充协议签订生效后十日内，甲方预付本项目概念规划设计咨询服务费的30%，即人民币45000元整（大写：肆万伍仟元整。其中不含税金额为42452.83元，税金2547.17元，增值税税率6%），作为项目启动资金；,0.30 ,45000.00 ,45000.00 ,开票,43657.00 ,/,/,45000.00 ,43657.00 ,45000.00 ,43657.00 ,0.00 ,,,,,45000.00 ,45000.00 ,45000.00 ,105000.00 ,0.00 ,0.00 ,,,45000.00 ,,,,,,,,,,,,,,45000.00 ,,,,,,,,,,,,直委,OA,,,,,,,,,,,,,
,,,,,,,,,,,,,,,,,,,,,,,,,,,,2.00 ,剩余服务费根据乙方提交的设计成果及实际产生的服务情况进行结算，在乙方提交甲乙双方共同确认的本项目概念规划设计方案最终成果后，甲方向乙方结清本补充协议约定的服务费用。,0.70 ,105000.00 ,0.00 ,,,,,,,0.00 ,,0.00 ,,,,,,,,,,,,,,,,,,,,,,,,,,,,,,,,,,,,,,,,,,,,,,,,,,,,,
45,北方,43077.00 ,天津弘创可研（完成）,无,概念规划咨询设计合同,CRCCRE-SJ-CZ-2017-019,可研,CRCCRE-BJZD-TJ-016,中铁房地产集团北方有限公司,8个,可研：5万/个,400000.00 ,,,400000.00 ,,,,,,,0.00 ,0.00 ,,,,,1.00 ,每月25日，双方对截止本月25日已经完成竞拍,1.00 ,400000.00 ,400000.00 ,开票,43108.00 ,/,/,400000.00 ,43108.00 ,400000.00 ,43291.00 ,0.00 ,"天津勤俭桥项目
天津津滨保（挂）2016-3
天津津滨保（挂）2016-4(1)
天津津滨保（挂）2016-4(2)
天津津南区二八公路西侧项目
天津东丽区张贵庄路-程州路A地块
天津武清2-04地块
天津武清5-09地块",,,,400000.00 ,400000.00 ,400000.00 ,0.00 ,0.00 ,0.00 ,,,400000.00 ,,,,,,,,,,,,,,400000.00 ,,,,,,,,,,,,直委,OA,,,,,,,,,,,,,
46,北方,43054.00 ,嘉业强排（完成）,无,土地强排方案设计合同,CRCCRE-SJ-CZ-2017-020,可研,,中铁嘉业（北京）投资有限公司,4个,可研：5万/个,200000.00 ,,,50000.00 ,150000.00 ,,,,,,0.00 ,0.00 ,,,,,1.00 ,双方就发生的顾问费用进行阶段性确认，由甲方设计部出具书面确认资料。乙方在阶段完成当月的25日前，按甲方要求提交本月请款资料（包括不限于请款函、《工作任务单》、双方签字确认的土地强排方案等），甲方将于次月底向乙方支付相应阶段的进度款。,1.00 ,200000.00 ,200000.00 ,开票,43230.00 ,/,/,200000.00 ,43230.00 ,200000.00 ,43230.00 ,0.00 ,,,,,200000.00 ,200000.00 ,200000.00 ,0.00 ,0.00 ,0.00 ,,,50000.00 ,150000.00 ,,,,,,,,,,,,,50000.00 ,150000.00 ,,,,,,,,,,,直委,OA,,,,,,,,,,,,,
47,创投,42963.00 ,创新战略协议（完成）,无,项目营销咨询顾问服务协议,CRCCRE-SJ-CHZX-2017-003,策划,,中铁房地产集团创新产业投资有限公司,16个,策划：6万/个,1440000.00 ,960000.00 ,,,,,,,,,,0.00 ,,,,,1.00 ,合同执行完毕。根据实际委托项目情况，最终结算金额为96万元整。其中包含：                            已付款96万：都江堰市青城山项目6万、都江堰市进入报告6万、绵阳高教园商业中心项目6万、阳市教育园可研项目6万、海南城市进入性6万、三亚崖城镇海湾项目6万、天津北辰经济技术开发区项目6万、天津北辰双街镇科创大厦项目6万、淄博大数据小镇项目6万、大连隽景项目6万、深圳长租公寓项目24万、合肥新站项目土地可研报告及政府汇报稿12万。,0.50 ,480000.00 ,480000.00 ,开票,43240.00 ,/,/,480000.00 ,43240.00 ,480000.00 ,43327.00 ,0.00 ,,,,,1440000.00 ,1440000.00 ,1440000.00 ,0.00 ,0.00 ,0.00 ,480000.00 ,,,,,,,,,,,,,,480000.00 ,,,,,,,,,,,,,,直委,OA,,,,,,,,,,,,,
,,,,,,,,,,,,,,,,,,,,,,,,,,,,,,0.50 ,480000.00 ,480000.00 ,产值确认,43156.00 ,480000.00 ,43240.00 ,480000.00 ,43544.00 ,480000.00 ,43641.00 ,0.00 ,,,,,,,,,,,480000.00 ,,,,,,,,,,,,,,480000.00 ,,,,,,,,,,,,,,,,,,,,,,,,,,,,
,,,,,,,,,,,,,480000.00 ,,,,,,,,,,,,,,,2.00 ,未付款48万：南京创新园区项目6万、张家口114亩地块项目6万、张家口200亩地块项目6万、张家口一、二级开发项目15万/万全古城15万,,480000.00 ,480000.00 ,开票,44150.00 ,/,/,480000.00 ,44150.00 ,316405.00 ,44165.00 ,,未付款48万签订到营销的协议中,,,,,,,,,,480000.00 ,,,,,,,,,,,,,,316405.00 ,,,,,,,,,,,,,,,,,,,,,,,,,,,,
,,,,,,,,,,,,,,,,,,,,,,,,,,,,,,,,,,,,,,,163595.00 ,44270.00 ,,,,,,,,,,,,,,,,,,,,,,,,,,163595.00 ,,,,,,,,,,,,,,,,,,,,,,,,,,,,
48,北方,42860.00 ,嘉业策划（完成）,无,地块取地项目咨询顾问服务合同,CRCCRE-SJ-CH-2017-005,策划,,中铁嘉业（北京）投资有限公司,2个,,150000.00 ,150000.00 ,,,,,,,,,0.00 ,0.00 ,,,,,1.00 ,双方就发生的顾问费用进行阶段性确认，由甲方出具书面确认资料。乙方在阶段完成当月的25日前，按甲方要求提交本月请款资料（包括不限于请款函、《工作任务单》、双方签字确认的顾问服务报告等），甲方将于次月底向乙方支付相应款项。,1.00 ,150000.00 ,150000.00 ,开票,43291.00 ,/,/,150000.00 ,43291.00 ,150000.00 ,43291.00 ,0.00 ,,,,,150000.00 ,150000.00 ,150000.00 ,0.00 ,0.00 ,0.00 ,150000.00 ,,,,,,,,,,,,,,150000.00 ,,,,,,,,,,,,,,直委,OA,,,,,,,,,,,,,
49,东北,42712.00 ,长春洋浦大街项目（完成）,无,长春市洋浦大街项目规划方案设计合同,CRCCRE-SJ-CZZX-2016-003,方案,,长春玖华房地产开发有限公司,229665.00 ,方案：14.8元/平方 ,3399042.00 ,,,3399042.00 ,,,,,,,0.00 ,0.00 ,,,,,1.00 ,合同定金，本合同签订后十五日内，本合同生效后，定金抵作设计费,0.10 ,339904.20 ,339904.00 ,开票,42775.00 ,/,/,339904.00 ,42775.00 ,339904.00 ,42802.00 ,0.00 ,,完成,,,3348211.40 ,3348211.40 ,3348211.40 ,50830.60 ,0.00 ,0.00 ,,,339904.00 ,,,,,,,,,,,,,,339904.00 ,,,,,,,,,,,,投标,OA,,,,,,,,,,,,,
,,,,,,,,,,,,,,,,,,,,,,,,,,,,2.00 ,建筑方案设计（含总规划方案设计及单体方案设计）经甲方确认并通过政府部门审批后十五日内,0.35 ,1189664.70 ,2338665.00 ,开票,43141.00 ,/,/,2338665.00 ,43141.00 ,2338665.00 ,43169.00 ,0.00 ,按照规证面积调整合同额为3348211.4元，在第二次请款中已经调整,,,,,,,,,,,,2338665.00 ,,,,,,,,,,,,,,2338665.00 ,,,,,,,,,,,,,,,,,,,,,,,,,,
,,,,,,,,,,,,,,,,,,,,,,,,,,,,3.00 ,建筑初步设计经甲方确认并通过政府部门审批且甲方取得规划许可证十五日内,0.35 ,1189664.70 ,,开票,43141.00 ,/,/,,,,,0.00 ,,,,,,,,,,,,,,,,,,,,,,,,,,,,,,,,,,,,,,,,,,,,,,,,,,,,,
,,,,,,,,,,,,,,,,,,,,,,,,,,,,4.00 ,乙方完成施工图配合、优化配合工作且所有建筑单体施工图审查合格，竣工备案后十五日内,0.20 ,679808.40 ,669642.40 ,产值确认,44175.00 ,669642.40 ,44175.00 ,669642.40 ,44277.00 ,669642.40 ,44313.00 ,0.00 ,21年调整产值，0.12元,,,,,,,,,,,,669642.40 ,,,,,,,,,,,,,,669642.40 ,,,,,,,,,,,,,,,,,,,,,,,,,,
50,东北,42667.00 ,长春花语城项目（完成）,无,长春花语城建筑设计咨询服务合同,CRCCRE-SJ-ZX-2016-002,咨询,,长春中铁房地产开发有限公司,97083.00 ,咨询：2元/平方,194166.00 ,,,,,,,,194166.00 ,,0.00 ,0.00 ,,,,,1.00 ,合同签订后，甲方应提交全部设计资料给乙方和丙方，并于五个工作日内支付工程全额设计优化咨询费的20%。,0.20 ,38833.20 ,38833.20 ,开票,42791.00 ,/,/,38833.20 ,42791.00 ,38833.20 ,42936.00 ,0.00 ,,完成,,,194166.00 ,194166.00 ,194166.00 ,0.00 ,0.00 ,0.00 ,,,,,,,,38833.20 ,,,,,,,,,,,,,,38833.20 ,,,,,,,直委,OA,,,,,,,,,,,,,
,,,,,,,,,,,,,,,,,,,,,,,,,,,,2.00 ,全部施工图审查通过后，同时乙、丙方完成全部工作并经甲方认可，甲方支付工程剩余设计优化咨询费给乙方、丙方,0.80 ,155332.80 ,155332.80 ,开票,42791.00 ,/,/,155332.80 ,42791.00 ,155332.80 ,42936.00 ,0.00 ,,,,,,,,,,,,,,,,,,155332.80 ,,,,,,,,,,,,,,155332.80 ,,,,,,,,,,,,,,,,,,,,,
51,北方,43888.00 ,海淀翠湖项目,CRCCRE-DC-XM-2020-031,北京市海淀区翠湖科技园HD00-0303-6009、6010地块R2二类居住用地项目BIM技术咨询服务合同,CRCCRE-SJ-BIM-2020-001,BIM,,中国铁建大桥工程局集团有限公司,271380.42 ,,810000.00 ,,,,,,,,,810000.00 ,0.00 ,0.00 ,,,,,1.00 ,乙方提交第一版地下车库BIM模型后，15个工作日内，支付合同额的40%,0.40 ,324000.00 ,324000.00 ,开票,44020.00 ,/,/,810000.00 ,44020.00 ,200000.00 ,44165.00 ,,,,,,810000.00 ,810000.00 ,810000.00 ,0.00 ,0.00 ,0.00 ,,,,,,,,,324000.00 ,,,,,,,,,,,,,,200000.00 ,,,,,,直委,OA,,,,,,,,,,,,,
,,,,,,,,,,,,,,,,,,,,,,,,,,,,,,,,,,,/,/,,44020.00 ,150000.00 ,44232.00 ,,银信,,,,,,,,,,,,,,,,,,,,,,,,,,,,,,,,150000.00 ,,,,,,,,,,,,,,,,,,,,
,,,,,,,,,,,,,,,,,,,,,,,,,,,,2.00 ,乙方提交第一版地下车库优化BIM模型后，15个工作日内，支付合同额的40%,0.40 ,324000.00 ,324000.00 ,开票,44020.00 ,/,/,,44020.00 ,350000.00 ,44579.00 ,,一年期建行E信通,,,,,,,,,,,,,,,,,,324000.00 ,,,,,,,,,,,,,,350000.00 ,,,,,,,,,,,,,,,,,,,,
,,,,,,,,,,,,,,,,,,,,,,,,,,,,3.00 ,乙方提交BIM管综优化报告，15个工作日内，支付合同额的20%,0.20 ,162000.00 ,162000.00 ,开票,44020.00 ,/,/,,44020.00 ,110000.00 ,,,,,,,,,,,,,,,,,,,,,162000.00 ,,,,,,,,,,,,,,110000.00 ,,,,,,,,,,,,,,,,,,,,
52,北方,43968.00 ,正定售楼处项目（完成）,CRCCRE-DC-XM-2020-023,正定新区239号地块售楼处施工图设计合同,CRCCRE-SJ-GC-2020-006,施工图,,河北兴铁房地产开发有限公司,2000.00 ,20万/个,200000.00 ,,,,,,200000.00 ,,,,0.00 ,0.00 ,,,,,1.00 ,合同签订生效后7个工作日内双方办理计价手续。本合同履行后，定金抵作设计费。,0.20 ,40000.00 ,40000.00 ,开票,44033.00 ,/,/,40000.00 ,44033.00 ,40000.00 ,44468.00 ,0.00 ,一年期铁建银信,完成,,,200000.00 ,200000.00 ,200000.00 ,0.00 ,0.00 ,0.00 ,,,,,,40000.00 ,,,,,,,,,,,,,,40000.00 ,,,,,,,,,询价,OA,,,,,,,,,,,,,
,,,,,,,,,,,,,,,,,,,,,,,,,,,,2.00 ,乙方提交全专业施工图纸后，7个工作日内双方办理计价手续，累计拨付至双方估算总额80%的设计费。,0.60 ,120000.00 ,120000.00 ,产值确认单,44091.00 ,产值确认单,44091.00 ,120000.00 ,44545.00 ,120000.00 ,44554.00 ,0.00 ,银信，22年5.25到期,,,,,,,,,,,,,,,120000.00 ,,,,,,,,,,,,,,120000.00 ,,,,,,,,,,,,,,,,,,,,,,,
,,,,,,,,,,,,,,,,,,,,,,,,,,,,3.00 ,施工完成后，7个工作日内双方办理计价手续，累计拨付至双方估算总额100%的设计费。,0.20 ,40000.00 ,40000.00 ,产值确认单,44091.00 ,产值确认单,44091.00 ,40000.00 ,44545.00 ,40000.00 ,44554.00 ,0.00 ,,,,,,,,,,,,,,,,40000.00 ,,,,,,,,,,,,,,40000.00 ,,,,,,,,,,,,,,,,,,,,,,,
53,北方,43964.00 ,天津国印四期项目,CRCCRE-DC-XM-2020-013,国印四期项目建筑设计咨询服务合同,CRCCRE-SJ-ZX-2020-007,咨询,,天津弘创置业有限公司,四期 68800，消防站4460,四期咨询：7元/平米，消防站：5元/平米,503900.00 ,,,,,,,,503900.00 ,,0.00 ,0.00 ,,,,,1.00 ,合同签订后，乙方完成施工图阶段的设计咨询工作并经甲方认可后，乙方提供请款函、增值税专用发票等请款相关资料后，甲方在30个工作日内支付全部设计咨询费用的80%。,0.80 ,403120.00 ,403120.00 ,开票,44022.00 ,开票,44022.00 ,403120.00 ,44022.00 ,403120.00 ,44316.00 ,0.00 ,一年期铁建银信,,,,503900.00 ,478705.00 ,478705.00 ,0.00 ,25195.00 ,0.00 ,,,,,,,,403120.00 ,,,,,,,,,,,,,,403120.00 ,,,,,,,直委,OA,,,,,,,,,,,,,
,,,,,,,,,,,,,,,,,,,,,,,,,,,,2.00 ,所有建筑单体正负零施工完成后，乙方提供请款函、增值税专用发票等请款相关资料后，甲方在30个工作日内支付全部设计咨询费用的15%。,0.15 ,75585.00 ,75585.00 ,产值确认单,45251.00 ,75585.00 ,45251.00 ,72240.00 ,,72240.00 ,,3345.00 ,,,,,,,,,,,,,,,,,,75585.00 ,,,,,,,,,,,,,,72240.00 ,,,,,,,,,,,,,,,,,,,,,
,,,,,,,,,,,,,,,,,,,,,,,,,,,,,,,,,,,,,3345.00 ,,3345.00 ,,-3345.00 ,,,,,,,,,,,,,,,,,,,,,,,,,,,,,,,,3345.00 ,,,,,,,,,,,,,,,,,,,,,
,,,,,,,,,,,,,,,,,,,,,,,,,,,,3.00 ,结构施工全部封顶后，甲乙双方办理最终结算后，乙方提供请款函、增值税专用发票等请款相关资料后，甲方在30个工作日内支付结算后的剩余金额。,0.05 ,25195.00 ,25195.00 ,,,,,,,0.00 ,,25195.00 ,,,,,,,,,,,,,,,,,,25195.00 ,,,,,,,,,,,,,,,,,,,,,,,,,,,,,,,,,,,
54,北方,43970.00 ,"正定项目A号地块咨询
（完成）",CRCCRE-DC-XM-2020-026,石家庄市正定新区239-A地块用地项目设计咨询服务合同,CRCCRE-SJ-ZX-2020-009,咨询,,河北兴铁房地产开发有限公司,136071.26 ,咨询：7元/平方,924910.00 ,,,,,,,,924910.00 ,,0.00 ,0.00 ,,,,,1.00 ,合同签订后30个工作日内，付该地块咨询费用的20%。,0.20 ,184982.00 ,184982.00 ,开票,43986.00 ,/,/,184982.00 ,43986.00 ,184982.00 ,44469.00 ,0.00 ,,,,,924910.00 ,924910.00 ,924910.00 ,0.00 ,0.00 ,0.00 ,,,,,,,,184982.00 ,,,,,,,,,,,,,,184982.00 ,,,,,,,直委,OA,,,,,,,,,,,,,
,,,,,,,,,,,,,,,,,,,,,,,,,,,,2.00 ,乙方完成方案阶段的设计咨询工作，提交电子版《方案阶段设计咨询意见》，甲方取得建设工程规划许可证后，30个工作日内，双方根据建设工程规划许可证面积进行结算，付至结算费用的40%,0.20 ,184982.00 ,184982.00 ,产值确认单,44091.00 ,184982.00 ,44091.00 ,184982.00 ,44452.00 ,184982.00 ,44559.00 ,0.00 ,,,,,,,,,,,,,,,,,,184982.00 ,,,,,,,,,,,,,,184982.00 ,,,,,,,,,,,,,,,,,,,,,
,,,,,,,,,,,,,,,,,,,,,,,,,,,,3.00 ,乙方完成施工图阶段的设计咨询工作且向甲方提交优化成果（包括但不限于优化后的设计文件、设计咨询意见书），全专业施工图通过甲方委托的第三方审核，并取得施工图审查合格通知书后，30个工作日内，付至结算费用的98%。,0.58 ,536447.80 ,536447.80 ,产值确认单,44091.00 ,536447.80 ,44091.00 ,536447.80 ,44452.00 ,536447.80 ,44559.00 ,0.00 ,,,,,,,,,,,,,,,,,,536447.80 ,,,,,,,,,,,,,,536447.80 ,,,,,,,,,,,,,,,,,,,,,
,,,,,,,,,,,,,,,,,,,,,,,,,,,,4.00 ,乙方配合甲方以及与本工程施工所有相关单位至竣工验收并取得竣工备案表，双方办理最终结算手续，按照建设工程规划许可证建筑面积结算并支付余下的设计费。,0.02 ,18498.20 ,27037.04 ,产值确认单,44091.00 ,27037.04 ,44091.00 ,18498.20 ,45663.00 ,18498.20 ,45680.00 ,8538.84 ,,,,,,,,,,,,,,,,,,27037.04 ,,,,,,,,,,,,,,18498.20 ,,,,,,,,,,,,,,,,,,,,,
,,,,,,,,,,,,,,,,,,,,,,,,,,,,,,,,-8538.84 ,产值确认单,45904.00 ,-8538.84 ,45904.00 ,,,,,-8538.84 ,,,,,,,,,,,,,,,,,,-8538.84 ,,,,,,,,,,,,,,,,,,,,,,,,,,,,,,,,,,,
55,北方,43980.00 ,正定项目C号、D号地块方案     （完成）,CRCCRE-DC-XM-2020-025,石家庄市正定新区239-C号、239-D号用地项目规划方案设计合同,CRCCRE-SJ-CZ-2020-008,方案,,河北兴铁房地产开发有限公司,321380.00 ,"方案：地上18元/平米（华汇15、创一3）、地下7元/平米,管理费3元/平米",5832724.00 ,,,685341.00 ,,,,,,,,0.00 ,,,5147383.00 ,项目管理中心：4183243,1.00 ,合同签订生效后7个工作日内双方办理计价手续。本合同履行后，定金在第二次付费时抵作设计费。,0.10 ,583272.40 ,583272.40 ,开票,44033.00 ,/,/,583272.40 ,44033.00 ,583272.40 ,44043.00 ,0.00 ,,,,,1896000.00 ,1896000.00 ,1896000.00 ,3936724.00 ,0.00 ,0.00 ,,,68534.10 ,,,,,,,,,,,514738.30 ,,,68534.10 ,,,,,,,,,,,514738.30 ,招标,OA,,,,,,,,,,,,,
,,,,,,,,,,,,,,,,,,,,,,,,,,,,2.00 ,全部方案设计部分完成，按照政府相关部门上会深度要求完成方案册制作，且通过甲方委托的第三方审核，并取得规划许可证后，7个工作日内双方办理计价手续，累计拨付至双方估算总额60%的设计费。,0.50 ,2916362.00 ,1312727.60 ,产值确认单,44553.00 ,1312727.60 ,44553.00 ,1312727.60 ,44859.00 ,500000.00 ,44865.00 ,112727.60 ,,,,,,,,,,,,,148400.09 ,,,,,,,,,,,1164327.51 ,,,0.00 ,,,,,,,,,,,500000.00 ,,,,,,,,,,,,,,,
,,,,,,,,,,,,,,,,,,,,,,,,,,,,,,,,,,,,,,,500000.00 ,44895.00 ,,2023/5/26到期铁建银信,,,,,,,,,,,,,,,,,,,,,,,,,,148400.09 ,,,,,,,,,,,351599.91 ,,,,,,,,,,,,,,,
,,,,,,,,,,,,,,,,,,,,,,,,,,,,,,,,,,,,,,,200000.00 ,44916.00 ,,,,,,,,,,,,,,,,,,,,,,,,,,,,0.00 ,,,,,,,,,,,200000.00 ,,,,,,,,,,,,,,,
,,,,,,,,,,,,,,,,,,,,,,,,,,,,,,,,,,,,,,,112727.60 ,45040.00 ,,2023/10/20到期铁建银信,,,,,,,,,,,,,,,,,,,,,,,,,,0.00 ,,,,,,,,,,,112727.60 ,,,,,,,,,,,,,,,
,,,,,,,,,,,,,,,,,,,,,,,,,,,,3.00 ,建筑专业初步设计及全专业施工图完成且通过甲方委托的第三方审核，并取得施工图审查合格通知书后，7 个工作日内双方办理计价手续，按建设工程规划许可证建筑面积结算设计费用，累计拨付至双方确认结算总额 80%的设计费。,0.20 ,1166544.80 ,0.00 ,,,0.00 ,,,,0.00 ,,0.00 ,,,,,,,,,,,,,,,,,,,,,,,,,,,,,,,,,,,,,,,,,,,,,,,,,,,,,
,,,,,,,,,,,,,,,,,,,,,,,,,,,,4.00 ,乙方配合甲方完成项目所有合同约定的设计工作及设计配合工作，全部结构工程施工后7个工作日内双方办理计价手续。按建设工程规划许可证建筑面积结算设计费用。,0.10 ,583272.40 ,0.00 ,,,0.00 ,,,,0.00 ,,0.00 ,,,,,,,,,,,,,,,,,,,,,,,,,,,,,,,,,,,,,,,,,,,,,,,,,,,,,
,,,,,,,,,,,,,,,,,,,,,,,,,,,,5.00 ,乙方配合甲方以及与本工程施工所有相关单位完成向主管部门全部备案手续后双方办理最终结算手续，支付余下的设计费。,0.10 ,583272.40 ,0.00 ,,,0.00 ,,,,0.00 ,,0.00 ,,,,,,,,,,,,,,,,,,,,,,,,,,,,,,,,,,,,,,,,,,,,,,,,,,,,,
56,外部,44012.00 ,门头沟装配式深化,CRCCRE-DC-XM-2020-069,门头沟区永定镇冯村、何各庄地区棚户区改造项目装配式深化设计服务合同,CRCCRE-SJ-BIM-2020-010,BIM智慧建造工作室,,中科建（北京）工程技术研究院有限公司,23906.22 ,BIM:4元/平方,95625.00 ,,,,,,,,,,95625.00 ,0.00 ,,,,,1.00 ,乙方提交13，14，16，17，19，21号楼标准层预制构件深化图并经甲方确认后十五个工作日内,0.60 ,57375.00 ,57375.00 ,产值确认单,44075.00 ,57375.00 ,44075.00 ,57375.00 ,44077.00 ,57375.00 ,44200.00 ,0.00 ,,完成,,,95625.00 ,95425.00 ,95625.00 ,0.00 ,200.00 ,-200.00 ,,,,,,,,,,57375.00 ,,,,,,,,,,,,,,57375.00 ,,,,,直委,OA,,,,,,,,,,,,,
,,,,,,,,,,,,,,,,,,,,,,,,,,,,2.00 ,乙方提交13，14，16，17，19，21号楼顶层预制构件深化图并经甲方确认后十五个工作日内,0.40 ,38250.00 ,38250.00 ,产值确认单,44175.00 ,38050.00 ,44175.00 ,38050.00 ,44545.00 ,38250.00 ,44592.00 ,0.00 ,,,,,,,,,,,,,,,,,,,,38250.00 ,,,,,,,,,,,,,,38250.00 ,,,,,,,,,,,,,,,,,,,
,外部,45717.00 ,中铁建设金华西关项目,,金华西关1#地块建筑设计咨询服务合同,CRCCRE-SJ-ZX-2025-002,咨询,CSGX-JHSJHXG1HD-HT2025QQ-SJ01,中铁建设集团金华置业有限公司,85409.00平方米,3元/平方米，另有0.5元/平方米为优化奖励，优化量超过合同金额5倍,298931.50 ,,,,,,,,298931.50 ,,,,,,,,1.00 ,"乙方完成方案阶段的设计优化咨询工作并提交优化报告后，经设计部确认，配合工规证获取后结算合同金额(不含优化奖励金额)的30%,次月25日前支付结算金额的100%。",0.30 ,89679.45 ,89679.45 ,,,,,,,,,,,,,,,,,,,,,,,,,,,89679.45 ,,,,,,,,,,,,,,,,,,,,,,,,,,,,,,,,,,,
,,,,,,,,,,,,,,,,,,,,,,,,,,,,2.00 ,"乙方提交第一版全专业施工图设计优化咨询报告后，配合获取图审合格证后结算合同金额(不含优化奖励金额)的30%,次月25日前支付结算金额的100%。",0.30 ,89679.45 ,89679.45 ,,,,,,,,,,,,,,,,,,,,,,,,,,,89679.45 ,,,,,,,,,,,,,,,,,,,,,,,,,,,,,,,,,,,
,,,,,,,,,,,,,,,,,,,,,,,,,,,,3.00 ,"乙方完成该项目设计优化咨询总结报告并经甲方认可后，结算合同金额(不含优化奖励金额)
的30%,次月25日前支付结算金额的100%。",0.30 ,89679.45 ,0.00 ,,,,,,,,,,,,,,,,,,,,,,,,,,,,,,,,,,,,,,,,,,,,,,,,,,,,,,,,,,,,,,
,,,,,,,,,,,,,,,,,,,,,,,,,,,,4.00 ,完成所有后续服务，且项目整体竣工验收后办理最终结算，次月25日前支付至最终结算金额的100%。,0.10 ,29893.15 ,0.00 ,,,,,,,,,,,,,,,,,,,,,,,,,,,,,,,,,,,,,,,,,,,,,,,,,,,,,,,,,,,,,,
,外部,45717.00 ,中铁建设金华西关项目,,金华西关2#地块建筑设计咨询服务合同,CRCCRE-SJ-ZX-2025-001,咨询,CSGX-JHSJHXG2HD-HT2025QQ-SJ02,中铁建设集团金华置业有限公司,135138.80平方米,3元/平方米，另有0.5元/平方米为优化奖励，优化量超过合同金额5倍,472985.80 ,,,,,,,,472985.80 ,,,,,,,,1.00 ,"乙方完成方案阶段的设计优化咨询工作并提交优化报告后，经设计部确认，配合工规证获取后结算合同金额(不含优化奖励金额)的30%,次月25日前支付结算金额的100%。",0.30 ,141895.74 ,141895.74 ,,,,,,,,,,,,,,,,,,,,,,,,,,,141895.74 ,,,,,,,,,,,,,,,,,,,,,,,,,,,,,,,,,,,
,,,,,,,,,,,,,,,,,,,,,,,,,,,,2.00 ,"乙方提交第一版全专业施工图设计优化咨询报告后，配合获取图审合格证后结算合同金额(不含优化奖励金额)的30%,次月25日前支付结算金额的100%。",0.30 ,141895.74 ,141895.74 ,,,,,,,,,,,,,,,,,,,,,,,,,,,141895.74 ,,,,,,,,,,,,,,,,,,,,,,,,,,,,,,,,,,,
,,,,,,,,,,,,,,,,,,,,,,,,,,,,3.00 ,"乙方完成该项目设计优化咨询总结报告并经甲方认可后，结算合同金额(不含优化奖励金额)
的30%,次月25日前支付结算金额的100%。",0.30 ,141895.74 ,0.00 ,,,,,,,,,,,,,,,,,,,,,,,,,,,,,,,,,,,,,,,,,,,,,,,,,,,,,,,,,,,,,,
,,,,,,,,,,,,,,,,,,,,,,,,,,,,4.00 ,完成所有后续服务，且项目整体竣工验收后办理最终结算，次月25日前支付至最终结算金额的100%。,0.10 ,47298.58 ,0.00 ,,,,,,,,,,,,,,,,,,,,,,,,,,,,,,,,,,,,,,,,,,,,,,,,,,,,,,,,,,,,,,
57,外部,44071.00 ,逸品汇商业中心项目（完成）,CRCCRE-DC-XM-2020-052,逸品汇商业中心项目建筑设计咨询服务合同,CRCCRE-SJ-ZX-2020-010,咨询,,中铁房地产开发（保定）有限公司,31700.00 ,咨询：3元/平方,95100.00 ,,,,,,,,95100.00 ,,,0.00 ,,,,,1.00 ,乙方提交甲方方案阶段的设计咨询总结报告15个工作日内。,0.80 ,76080.00 ,76080.00 ,"产值确认单
",44076.00 ,76080.00 ,44075.00 ,76080.00 ,44076.00 ,76080.00 ,44097.00 ,0.00 ,,完成,,,95100.00 ,95100.00 ,95100.00 ,0.00 ,0.00 ,0.00 ,,,,,,,,76080.00 ,,,,,,,,,,,,,,76080.00 ,,,,,,,直委,OA,,,,,,,,,,,,,
,,,,,,,,,,,,,,,,,,,,,,,,,,,,2.00 ,甲方取得建设工程规划许可证后15个工作日内，双方根据建设工程规划许可证面积进行结算。,0.20 ,19020.00 ,19020.00 ,产值确认单,44208.00 ,19020.00 ,44208.00 ,19020.00 ,44208.00 ,19020.00 ,44221.00 ,0.00 ,,,,,,,,,,,,,,,,,,19020.00 ,,,,,,,,,,,,,,19020.00 ,,,,,,,,,,,,,,,,,,,,,
58,华森,44067.00 ,贵安国际数字文化产业园二期（完成）,无,贵安国际数字文化产业园二期项目设计咨询服务合同,CRCCRE-SJ-XM-2020-010,咨询,,深圳华森建筑与工程设计顾问有限公司,约125000,咨询：5.4元/平方,673000.00 ,,,,,,,,,,,0.00 ,,,673000.00 ,,1.00 ,合同签订后七个工作日内。,0.20 ,134600.00 ,134600.00 ,产值确认单,44075.00 ,134600.00 ,44075.00 ,134600.00 ,44076.00 ,134600.00 ,44175.00 ,0.00 ,产值计入项目管理中心，从江门项目拨给工程中心,完成,,,673000.00 ,673000.00 ,673000.00 ,0.00 ,0.00 ,0.00 ,,,,,,,,,,,,,,134600.00 ,,,,,,,,,,,,,,134600.00 ,直委,OA,,,,,,,,,,,,,
,,,,,,,,,,,,,,,,,,,,,,,,,,,,2.00 ,乙方完成设计咨询工作、提交全专业设计咨询总结报告并经甲方签署成果确认单（附件二）后七个工作日内。,0.80 ,538400.00 ,538400.00 ,产值确认单,44075.00 ,538400.00 ,44075.00 ,538400.00 ,44076.00 ,538400.00 ,44175.00 ,0.00 ,,,,,,,,,,,,,,,,,,,,,,,,538400.00 ,,,,,,,,,,,,,,538400.00 ,,,,,,,,,,,,,,,
59,北方,44050.00 ,"正定项目A号地块BIM设计
（完成）",CRCCRE-DC-XM-2020-008,中国铁建花语城一期工程项目（原名：正定新区239-A地块项目）BIM设计合同,CRCCRE-SJ-BIM-2020-015,BIM,CRCCRE-BF-HBXT-HYCYQ-QQ-2020-037,河北兴铁房地产开发有限公司,"园区场地和小市政管线部分面积暂定46651.99平方米,地库36812.8平方米,户型精装606平方米",BIM：地下室管综优化7.5/平米、园区小市政管综优化6元/平米、户型精装150元/平米,646907.94 ,,,,,,,,,646907.94 ,,0.00 ,,,,,1.00 ,合同签订后15个工作日内，双方办理计价手续。本合同履行后，定金抵作设计费。,0.20 ,129381.59 ,129381.59 ,产值确认单,44091.00 ,129381.59 ,44091.00 ,129381.59 ,44449.00 ,129381.59 ,44559.00 ,0.00 ,规证面积42387.69,,,,645320.94 ,646907.94 ,646907.94 ,1587.00 ,-1587.01 ,0.00 ,,,,,,,,,129381.59 ,,,,,,,,,,,,,,129381.59 ,,,,,,投标,OA,,,,,,,,,,,,,
,,,,,,,,,,,,,,,,,,,,,,,,,,,,2.00 ,乙方提交第一版地下车库及地下室BIM模型、户型全专业建模BIM模型且经过甲方确认后15个工作日内双方办理计价手续，按照建设工程规划许可证面积结算设计费。,0.30 ,194072.38 ,194072.38 ,产值确认单,44091.00 ,179345.88 ,44091.00 ,194072.38 ,44449.00 ,194072.38 ,44559.00 ,0.00 ,,,,,,,,,,,,,,,,,,,194072.38 ,,,,,,,,,,,,,,194072.38 ,,,,,,,,,,,,,,,,,,,,
,,,,,,,,,,,,,,,,,,,,,,,,,,,,3.00 ,乙方在甲方提供施工图的基础上，提交园区场地和小市政BIM模型且经过甲方确认后15个工作日内双方办理计价手续，按照建设工程规划许可证面积结算设计费。,0.30 ,194072.38 ,194072.38 ,产值确认单,44452.00 ,252065.74 ,44452.00 ,194072.38 ,44449.00 ,194072.38 ,44559.00 ,0.00 ,,,,,,,,,,,,,,,,,,,194072.38 ,,,,,,,,,,,,,,194072.38 ,,,,,,,,,,,,,,,,,,,,
,,,,,,,,,,,,,,,,,,,,,,,,,,,,4.00 ,乙方根据甲方优化后的施工图纸提交BIM设计优化报告、完成BIM范围的交底工作且经过甲方确认后15个工作日内双方办理计价手续，按照建设工程规划许可证面积结算设计费。,0.18 ,116443.43 ,116443.43 ,产值确认单,44452.00 ,123969.50 ,44452.00 ,116443.43 ,44449.00 ,116443.43 ,44559.00 ,0.00 ,,,,,,,,,,,,,,,,,,,116443.43 ,,,,,,,,,,,,,,116443.43 ,,,,,,,,,,,,,,,,,,,,
,,,,,,,,,,,,,,,,,,,,,,,,,,,,5.00 ,乙方跟踪项目进度，完成设计变更的BIM模型更改，至项目取得竣工备案表后，按照建设工程规划许可证面积进行结算，次月支付剩余合同额。,0.02 ,39388.26 ,39388.26 ,产值确认单,44452.00 ,39388.26 ,44452.00 ,12938.16 ,45663.00 ,12938.16 ,45680.00 ,26450.10 ,,,,,,,,,,,,,,,,,,,39388.26 ,,,,,,,,,,,,,,12938.16 ,,,,,,,,,,,,,,,,,,,,
,,,,,,,,,,,,,,,,,,,,,,,,,,,,,,,-26450.10 ,-28037.11 ,产值确认单,45667.00 ,-26450.10 ,45667.00 ,,,0.00 ,,-28037.11 ,,,,,,,,,,,,,,,,,,,-28037.11 ,,,,,,,,,,,,,,,,,,,,,,,,,,,,,,,,,,
60,创投,44141.00 ,创投可研(完成),/,可研报告地块方案设计合同,CRCCRE-SJ-CZ-2020-014,可研,,中铁房地产集团创新产业投资有限公司,5个地块,10万/地块,500000.00 ,,,200000.00 ,200000.00 ,100000.00 ,,,,,,0.00 ,,,,,1.00 ,"每个意向地块方案设计费按人民币100,000元（大写：壹拾万元整）统一标准收取",0.60 ,300000.00 ,300000.00 ,产值确认单,44166.00 ,300000.00 ,44166.00 ,300000.00 ,44187.00 ,300000.00 ,44232.00 ,0.00 ,,,,,400000.00 ,400000.00 ,400000.00 ,100000.00 ,0.00 ,0.00 ,,,100000.00 ,200000.00 ,,,,,,,,,,,,,100000.00 ,200000.00 ,,,,,,,,,,,,,,,,,,,,,,,,,
,,,,,,,,,,,,,,,,,,,,,,,,,,,,2.00 ,"每个意向地块方案设计费按人民币100,000元（大写：壹拾万元整）统一标准收取",0.20 ,100000.00 ,100000.00 ,开票,44516.00 ,100000.00 ,44516.00 ,100000.00 ,44516.00 ,100000.00 ,44531.00 ,0.00 ,武汉武昌倒口湖A6地块项目10万元,,,,,,,,,,,,,100000.00 ,,,,,,,,,,,,,,100000.00 ,,,,,,,,,,,,,,,,,,,,,,,,,
61,东北,44119.00 ,西派唐颂二期BIM补充协议（完成）,无,中国铁建西派唐颂项目二期BIM技术咨询服务合同补充协议,CRCCRE-SJ-BIM-2020-002-B1,BIM,CRCCRE-DB-CCCH-HPJ-EQ-QQ-2020-010-B1,长春创华房地产开发有限公司,,,40000.00 ,,,,,,,,,40000.00 ,,0.00 ,,,,,1.00 ,执行原合同。,1.00 ,40000.00 ,40000.00 ,产值确认单,44155.00 ,40000.00 ,44155.00 ,40000.00 ,44155.00 ,40000.00 ,44306.00 ,0.00 ,,,,,40000.00 ,40000.00 ,40000.00 ,0.00 ,0.00 ,0.00 ,,,,,,,,,40000.00 ,,,,,,,,,,,,,,40000.00 ,,,,,,,,,,,,,,,,,,,,
62,东北,44132.00 ,长春超强西街地块项目（完成云璟）,CRCCRE-DC-XM-2020-072,超强西街178地块项目建筑设计咨询服务合同,CRCCRE-SJ-ZX-2020-014,咨询,CRCCRE-DB-CCJX-COXJ-00-2020-009,长春京新房地产开发有限公司,118040.29平方米,咨询：7/平方,826282.03 ,,,,,,,,826282.03 ,,,0.00 ,,,,,1.00 ,合同签订后，甲方在提交首批设计资料给乙方后，五个工作日内支付本合同暂定总价的20%给乙方。,0.20 ,165256.41 ,165256.41 ,产值确认单,44166.00 ,165256.41 ,44166.00 ,165256.41 ,44200.00 ,165256.41 ,44231.00 ,0.00 ,,完成,,,826282.03 ,826282.03 ,826282.03 ,0.00 ,0.00 ,0.00 ,,,,,,,,165256.41 ,,,,,,,,,,,,,,165256.41 ,,,,,,,直委,OA,,,,,,,,,,,,,
,,,,,,,,,,,,,,,,,,,,,,,,,,,,2.00 ,乙方完成附件一中的全部工作并提交第一版全专业施工图设计咨询报告且报告经过甲方认可后，十五个工作日内甲方支付合同暂定总价的60%给乙方。,0.40 ,330512.81 ,330512.81 ,产值确认单,44166.00 ,330512.81 ,44166.00 ,330512.81 ,44200.00 ,330512.81 ,44231.00 ,0.00 ,,,,,,,,,,,,,,,,,,330512.81 ,,,,,,,,,,,,,,330512.81 ,,,,,,,,,,,,,,,,,,,,,
,,,,,,,,,,,,,,,,,,,,,,,,,,,,3.00 ,甲方完成施工图审查并取得审查合格证后，双方根据建设工程规划许可证及乙方工作成果，办理最终结算手续，并于结算手续办理完毕后的十五个工作日内，甲方支付至最终经结算合同总价的100%。,0.40 ,330512.81 ,330512.81 ,产值确认单,44166.00 ,330512.81 ,44166.00 ,330512.81 ,44200.00 ,330512.81 ,44231.00 ,0.00 ,,,,,,,,,,,,,,,,,,330512.81 ,,,,,,,,,,,,,,330512.81 ,,,,,,,,,,,,,,,,,,,,,
63,东北,44123.00 ,长春超强西街地块项目（完成云璟）,CRCCRE-DC-XM-2020-085,超强西街179地块项目BIM技术咨询服务合同,CRCCRE-SJ-BIM-2020-021,BIM,CRCCRE-DB-CCJX-CQX1-0Q-2020-010,长春京新房地产开发有限公司,31523.18平方米,地下室管综优化7.5/平米,236423.85 ,,,,,,,,,236423.85 ,,0.00 ,,,,,1.00 ,合同签订后 15 个工作日内,0.20 ,47284.77 ,47284.77 ,产值确认单,44166.00 ,47284.77 ,44166.00 ,47284.77 ,44210.00 ,47284.77 ,44223.00 ,0.00 ,,完成,,,236423.85 ,236423.85 ,236423.85 ,0.00 ,0.00 ,0.00 ,,,,,,,,,47284.77 ,,,,,,,,,,,,,,47284.77 ,,,,,,直委,OA,,,,,,,,,,,,,
,,,,,,,,,,,,,,,,,,,,,,,,,,,,2.00 ,乙方提交第一版地下室管线 BIM 模型后，15 个工作日内，支付合同额的 40%。,0.40 ,94569.54 ,94569.54 ,产值确认单,44166.00 ,94569.54 ,44166.00 ,94569.54 ,44210.00 ,94569.54 ,44223.00 ,0.00 ,,,,,,,,,,,,,,,,,,,94569.54 ,,,,,,,,,,,,,,94569.54 ,,,,,,,,,,,,,,,,,,,,
,,,,,,,,,,,,,,,,,,,,,,,,,,,,3.00 ,乙方提交地下室管线优化 BIM 模型及 BIM 优化报告后，15 个工作日内，支付合同额的 40%。,0.40 ,94569.54 ,94569.54 ,产值确认单,44166.00 ,94569.54 ,44166.00 ,94569.54 ,44387.00 ,94569.54 ,44405.00 ,0.00 ,,,,,,,,,,,,,,,,,,,94569.54 ,,,,,,,,,,,,,,94569.54 ,,,,,,,,,,,,,,,,,,,,
64,外部,44165.00 ,北京城市副中心项目（完成）,CRCCRE-DC-XM-2020-096,中建钢构天津有限公司深化设计分包合同,CRCCRE-SJ-BIM-2020-025,BIM智慧建造工作室,,中建钢构天津有限公司,6500吨,55元/吨,357500.00 ,,,,,,,,,,357500.00 ,0.00 ,,,,,1.00 ,乙方履行完合同约定的所有义务，提交所有深化设计图纸并经过审核后，向甲方提交结算书，双方在30天内办理结算，结算完成90天甲方支付至乙方结算价的100%。,1.00 ,357500.00 ,309837.82 ,产值确认单,44538.00 ,309837.82 ,44538.00 ,309837.82 ,44538.00 ,309837.82 ,44588.00 ,0.00 ,,完成,,,309837.82 ,309837.82 ,309837.82 ,47662.18 ,0.00 ,0.00 ,,,,,,,,,,309837.82 ,,,,,,,,,,,,,,309837.82 ,,,,,直委,OA,,,,,,,,,,,,,
,外部,45628.00 ,香港HAFC航天走廊项目,,【HAFC】项目【CPE】系统【 加工图】设计服务合同,CRCCRE-SJ-BIM-2024-011,BIM智慧建造工作室,FEZH-ZT-2024-1113,远东幕墙（珠海）有限公司,7750.00 ,20元/㎡,157200.00 ,,,,,,,,,,157200.00 ,,,,,,1.00 ,合同签订后支付定金,0.20 ,31440.00 ,31440.00 ,产值确认单,45660.00 ,31440.00 ,45660.00 ,31440.00 ,45767.00 ,31440.00 ,45660.00 ,,,,,,,,,,,,,,,,,,,,,31440.00 ,,,,,,,,,,,,,,31440.00 ,,,,,,,,,,,,,,,,,,,
,,,,,,,,,,,,,,,,,,,,,,,,,,,,2.00 ,第一批模型成果文件交付并经甲方确认质量合格,0.20 ,31440.00 ,31440.00 ,产值确认单,45767.00 ,31440.00 ,45767.00 ,31440.00 ,45767.00 ,31440.00 ,45803.00 ,,,,,,,,,,,,,,,,,,,,,31440.00 ,,,,,,,,,,,,,,31440.00 ,,,,,,,,,,,,,,,,,,,
,,,,,,,,,,,,,,,,,,,,,,,,,,,,3.00 ,第二批模型成果文件交付并经甲方确认质量合格,0.20 ,31440.00 ,31440.00 ,产值确认单,45767.00 ,31440.00 ,45767.00 ,31440.00 ,45767.00 ,31440.00 ,45803.00 ,,,,,,,,,,,,,,,,,,,,,31440.00 ,,,,,,,,,,,,,,31440.00 ,,,,,,,,,,,,,,,,,,,
,,,,,,,,,,,,,,,,,,,,,,,,,,,,4.00 ,第三批模型成果文件交付并经甲方确认质量合格,0.20 ,31440.00 ,31440.00 ,产值确认单,45767.00 ,31440.00 ,45767.00 ,31440.00 ,45767.00 ,31440.00 ,45803.00 ,,,,,,,,,,,,,,,,,,,,,31440.00 ,,,,,,,,,,,,,,31440.00 ,,,,,,,,,,,,,,,,,,,
,,,,,,,,,,,,,,,,,,,,,,,,,,,,5.00 ,第四批模型成果文件交付并经甲方确认质量合格,0.20 ,31440.00 ,31440.00 ,产值确认单,45821.00 ,31440.00 ,45821.00 ,31440.00 ,45821.00 ,31440.00 ,45854.00 ,,,,,,,,,,,,,,,,,,,,,31440.00 ,,,,,,,,,,,,,,31440.00 ,,,,,,,,,,,,,,,,,,,
65,外部,44175.00 ,海口党校项目（雄安）（完成）,CRCCRE-DC-XM-2020-107,中共海口市委党校（市行政学院、社会主义学院）新校区项目建筑设计咨询服务合同,CRCCRE-SJ-GC-2020-012,设计分包,,天津华汇工程建筑设计有限公司,创作二室总建面159606.13平方米，工程中心总建面165054.18平方米，咨询总建面165054.18平方米，BIM总建面160000平方米,创作二室5.4元/平方米，工程中心17.9元/平方米，咨询1.9元/平方米，BIM4元/平方米,1471490.00 ,,,,524575.00 ,,,,310000.00 ,636915.00 ,,0.00 ,,,,,1.00 ,乙方完成初步设计咨询工作并经甲方及业主确认后30日内，甲方向乙方支付工程全额设计优化咨询费的30%。,0.30 ,441447.00 ,441447.00 ,产值确认单,44175.00 ,441447.00 ,44175.00 ,441447.00 ,44181.00 ,441447.00 ,44190.00 ,0.00 ,汇票,完成,,,1471490.00 ,1471490.00 ,1471490.00 ,0.00 ,0.00 ,0.00 ,,,,157372.50 ,,,,93000.00 ,191074.50 ,,,,,,,,,157372.50 ,,,,93000.00 ,191074.50 ,,,,,,直委,OA,,,,,,,,,,,,,
,,,,,,,,,,,,,,,,,,,,,,,,,,,,2.00 ,乙方提交施工图设计咨询报告，甲方完成施工图审查并取得审查合格证后30日内，甲方向乙方支付工程全额设计优化咨询费的60%。,0.60 ,882894.00 ,882894.00 ,产值确认单,44175.00 ,882894.00 ,44175.00 ,882894.00 ,44181.00 ,882894.00 ,44558.00 ,0.00 ,,,,,,,,,,,,,,314745.00 ,,,,186000.00 ,382149.00 ,,,,,,,,,314745.00 ,,,,186000.00 ,382149.00 ,,,,,,,,,,,,,,,,,,,,
,,,,,,,,,,,,,,,,,,,,,,,,,,,,3.00 ,竣工验收完成后30日内，甲方向乙方支付至工程全额设计优化咨询费结算额的95%。,0.05 ,73574.50 ,147149.00 ,产值确认单,44537.00 ,147149.00 ,44537.00 ,147149.00 ,44537.00 ,147149.00 ,44585.00 ,0.00 ,,,,,,,,,,,,,,52457.50 ,,,,31000.00 ,63691.50 ,,,,,,,,,52457.50 ,,,,31000.00 ,63691.50 ,,,,,,,,,,,,,,,,,,,,
,,,,,,,,,,,,,,,,,,,,,,,,,,,,4.00 ,施工图竣工结算完成后30日内，甲方向乙方支付剩余款项。,0.05 ,73574.50 ,,,,,,,,,,,,,,,,,,,,,,,,,,,,,,,,,,,,,,,,,,,,,,,,,,,,,,,,,,,,,,,
,雄安,45896.00 ,雄安站枢纽片区2号地项目C1-=05-01地块7#02栋6层东侧办公室项目,,雄安站枢纽片区2号地项目C1-05-01地块7#02栋6层东侧办公室项目精装修硬装设计委托合同,CRCCRE-SJ-YJ-2025-009,精装,crccre-xa-xacsfz-qq-2025-039,中铁建河北雄安城市发展有限公司,,,39105.00 ,,,,,,,,,,,,,,,,1.00 ,乙方出具完整施工图设计成果，根据甲方要求开具相应金额的增值税专用发票；经甲方审核确认后30工作日内，支付设计费用合同总价的70%；,0.70 ,27373.50 ,27373.50 ,产值确认单,45925.00 ,27373.50 ,45925.00 ,27373.50 ,45926.00 ,27373.50 ,45952.00 ,,,,,,,,,,,,,,,,,,,,,,,,27373.50 ,,,,,,,,,,,,,,27373.50 ,,,,,,,,,,,,,,,,
,,,,,,,,,,,,,,,,,,,,,,,,,,,,2.00 ,工程竣工验收并取得项目竣工联合验收意见书后，根据甲方要求开具相应金额的增值税专用发票；经甲方审核确认后30工作日内，支付至设计费用合同总价的90%；,0.20 ,7821.00 ,7821.00 ,预估,46052.00 ,,,,,7821.00 ,46052.00 ,,,,,,,,,,,,,,,,,,,,,,,,7821.00 ,,,,,,,,,,,,,,,,,,,,,,,,,,,,,,
,,,,,,,,,,,,,,,,,,,,,,,,,,,,3.00 ,结算完成后15个工作日内乙方根据甲方要求请款，乙方按照甲方审核后的金额，开具相应金额的增值税专用发票；经甲方审核确认后30工作日内，支付至双方确认结算价款的100%。,0.10 ,3910.50 ,3910.50 ,预估,46203.00 ,,,,,,,,,,,,,,,,,,,,,,,,,,,,,,3910.50 ,,,,,,,,,,,,,,,,,,,,,,,,,,,,,,
,雄安,45945.00 ,雄安站枢纽片区2号地项目C1-=05-01地块7#02栋6层东侧办公室项目,,《雄安站枢纽片区2号地项目C1-05-01地块7#02栋6层东侧办公室精装方案及施工图设计委托合同》补充协议,"CRCCRE-SJ-YJ-2025-009-B1
",精装,crccre-xa-xacsfz-qq-2025-039-B1,中铁建河北雄安城市发展有限公司,,,19552.50 ,,,,,,,,,,,,,,,,1.00 ,乙方出具完整施工图设计成果，根据甲方要求开具相应金额的增值税专用发票；经甲方审核确认后30工作日内，支付设计费用合同总价的70%；,0.70 ,13686.75 ,,,,,,,,,,,,,,,,,,,,,,,,,,,,,,,,,,,,,,,,,,,,,,,,,,,,,,,,,,,,,,,
,,,,,,,,,,,,,,,,,,,,,,,,,,,,2.00 ,工程竣工验收并取得项目竣工联合验收意见书后，根据甲方要求开具相应金额的增值税专用发票；经甲方审核确认后30工作日内，支付至设计费用合同总价的90%；,0.20 ,3910.50 ,,,,,,,,,,,,,,,,,,,,,,,,,,,,,,,,,,,,,,,,,,,,,,,,,,,,,,,,,,,,,,,
,,,,,,,,,,,,,,,,,,,,,,,,,,,,3.00 ,结算完成后15个工作日内乙方根据甲方要求请款，乙方按照甲方审核后的金额，开具相应金额的增值税专用发票；经甲方审核确认后30工作日内，支付至双方确认结算价款的100%。,0.10 ,1955.25 ,,,,,,,,,,,,,,,,,,,,,,,,,,,,,,,,,,,,,,,,,,,,,,,,,,,,,,,,,,,,,,,
66,外部,44175.00 ,海口妇幼项目（雄安）,CRCCRE-DC-XM-2020-108,海口市琼山区妇幼保健院迁址新建项目二期（妇幼健康服务综合大楼）建筑设计咨询服务合同,CRCCRE-SJ-CZ-2020-020,设计分包,,天津华汇工程建筑设计有限公司,创作总建面159606.13平方米，工程中心总建面165054.18平方米，咨询总建面165054.18平方米，BIM总建面160000平方米,创作二室5.4元/平方米，工程中心17.9元/平方米，咨询1.9元/平方米，BIM4元/平方米,1431769.00 ,,,,345425.00 ,,1086344.00 ,,,,,0.00 ,,,,,1.00 ,乙方完成方案设计咨询工作并经甲方及业主确认后30日内，甲方向乙方支付工程全额设计优化咨询费的30%。,0.30 ,429530.70 ,429530.70 ,产值确认单,44175.00 ,1288592.10 ,44175.00 ,1288592.10 ,44181.00 ,429530.70 ,45684.00 ,0.00 ,,,,,1288592.10 ,1288592.10 ,1288592.10 ,143176.90 ,0.00 ,0.00 ,,,,103627.50 ,,325903.20 ,,,,,,,,,,,,103627.50 ,,325903.20 ,,,,,,,,,直委,OA,,,,,,,,,,,,,
,,,,,,,,,,,,,,,,,,,,,,,,,,,,2.00 ,乙方完成初步设计咨询工作并经甲方及业主确认后30日内，甲方向乙方支付工程全额设计优化咨询费的60%。,0.60 ,859061.40 ,524546.80 ,,,,,,,524546.80 ,45684.00 ,0.00 ,,,,,,,,,,,,,,126550.85 ,,397995.95 ,,,,,,,,,,,,126550.85 ,,397995.95 ,,,,,,,,,,,,,,,,,,,,,,,
,,,,,,,,,,,,,,,,,,,,,,,,,,,,,,,,334514.60 ,,,,,,,334514.60 ,,0.00 ,,,,,,,,,,,,,,80704.15 ,,253810.45 ,,,,,,,,,,,,80704.15 ,,253810.45 ,,,,,,,,,,,,,,,,,,,,,,,
,,,,,,,,,,,,,,,,,,,,,,,,,,,,3.00 ,竣工验收完成后30日内，甲方向乙方支付至工程全额设计优化咨询费结算额的95%。,0.05 ,71588.45 ,0.00 ,,,,,,,0.00 ,,0.00 ,,,,,,,,,,,,,,,,,,,,,,,,,,,,,,,,,,,,,,,,,,,,,,,,,,,,,
,,,,,,,,,,,,,,,,,,,,,,,,,,,,4.00 ,竣工结算完成后30日内，甲方向乙方支付剩余款项,0.05 ,71588.45 ,0.00 ,,,,,,,0.00 ,,0.00 ,,,,,,,,,,,,,,,,,,,,,,,,,,,,,,,,,,,,,,,,,,,,,,,,,,,,,
67,外部,44176.00 ,海口金融中心项目（雄安）（完成）,CRCCRE-DC-XM-2020-106,海口金融中心项目建筑设计咨询服务合同,CRCCRE-SJ-GC-2020-011,设计分包,,天津华汇工程建筑设计有限公司,创作总建面159606.13平方米，工程中心总建面165054.18平方米，咨询总建面165054.18平方米，BIM总建面160000平方米,创作二室5.4元/平方米，工程中心17.9元/平方米，咨询1.9元/平方米，BIM4元/平方米,1873656.00 ,,,,,,1873656.00 ,,,,,0.00 ,,,,,1.00 ,乙方完成初步设计咨询工作并经甲方及业主确认后30日内，甲方向乙方支付工程全额设计优化咨询费的30%。,0.30 ,562096.80 ,1686290.40 ,产值确认单,44175.00 ,1686290.40 ,44175.00 ,1686290.40 ,44181.00 ,1686290.40 ,44190.00 ,0.00 ,,完成,,,1873656.00 ,1873656.00 ,1873656.00 ,0.00 ,0.00 ,0.00 ,,,,,,1686290.40 ,,,,,,,,,,,,,,1686290.40 ,,,,,,,,,直委,OA,,,,,,,,,,,,,
,,,,,,,,,,,,,,,,,,,,,,,,,,,,2.00 ,乙方提交施工图设计咨询报告，甲方完成施工图审查并取得审查合格证后30日内，甲方向乙方支付工程全额设计优化咨询费的60%。,0.60 ,1124193.60 ,,,,,,,,,,,,,,,,,,,,,,,,,,,,,,,,,,,,,,,,,,,,,,,,,,,,,,,,,,,,,,,
,,,,,,,,,,,,,,,,,,,,,,,,,,,,3.00 ,竣工验收完成后30日内，甲方向乙方支付至工程全额设计优化咨询费结算额的95%。,0.05 ,93682.80 ,187365.60 ,产值确认单,44537.00 ,187365.60 ,44537.00 ,187365.60 ,44537.00 ,187365.60 ,44586.00 ,0.00 ,,,,,,,,,,,,,,,,187365.60 ,,,,,,,,,,,,,,187365.60 ,,,,,,,,,,,,,,,,,,,,,,,
,,,,,,,,,,,,,,,,,,,,,,,,,,,,4.00 ,施工图竣工结算完成后30日内，甲方向乙方支付剩余款项。,0.05 ,93682.80 ,,,,,,,,,,,,,,,,,,,,,,,,,,,,,,,,,,,,,,,,,,,,,,,,,,,,,,,,,,,,,,,
68,雄安,44182.00 ,雄安容东片区项目（完成）,CRCCRE-DC-XM-2020-028,"容东片区B2、C组团安置房及配套设施项目
设计驻场及设计优化咨询服务合同",CRCCRE-SJ-XM-2020-022,驻场+设计咨询,,中铁建河北雄安城市建设有限公司,咨询面积330000平方米,咨询：3元/平方,4862000.00 ,260000.00 ,,640000.00 ,1160000.00 ,,220000.00 ,,1802000.00 ,,,0.00 ,,,780000.00 ,,Z-1,Z-1甲方根据乙方驻场的人员数量、时间等情况（驻场人员名单及工时表作为驻场结算依据，附件一），于2020年12月31日。S-1乙方完成本合同规定的设计优化咨询工作内容，经甲方确认通过后15个工作日内，甲方向乙方支付全部设计优化咨询部分费用,2020年驻场+设计咨询,4562000.00 ,4562000.00 ,产值确认单,44185.00 ,4562000.00 ,44185.00 ,4562000.00 ,44189.00 ,4562000.00 ,44307.00 ,0.00 ,,完成,,,4862000.00 ,4862000.00 ,4862000.00 ,0.00 ,0.00 ,0.00 ,260000.00 ,,640000.00 ,1160000.00 ,,220000.00 ,,1802000.00 ,,,,,,480000.00 ,260000.00 ,,640000.00 ,1160000.00 ,,220000.00 ,,1802000.00 ,,,,,,480000.00 ,直委,OA,,,,,,,,,,,,,
,,,,,,,,,,,,,,,,,,,,,,,,,,,,Z-2,甲方根据乙方驻场的人员数量、时间等情况（驻场人员名单及工时表作为驻场结算依据，附件一），2021年5月31日进行结算。,,300000.00 ,300000.00 ,产值确认单,44418.00 ,300000.00 ,44418.00 ,300000.00 ,44418.00 ,300000.00 ,44433.00 ,0.00 ,,,,,,,,,,,,,,,,,,,,,,,,300000.00 ,,,,,,,,,,,,,,300000.00 ,,,,,,,,,,,,,,,
,雄安,45402.00 ,雄安站枢纽片区2号地项目四标段,,雄安站枢纽片区2号地项目四标段施工图设计合同,CRCCRE-SJ-XM-2024-007,施工图设计+专项设计,,中铁建河北雄安城市发展有限公司,171613.31 ,商业25，公寓17，办公23，人防地下室25，非人防地下室17，专项20.43,3757130.27 ,,,,,,3593718.26 ,,145234.92 ,,,,,,18177.09 ,工程中心,1.00 ,乙方出具主体工程完整施工图设计成果，经甲方确认后30工作日内,0.50 ,1878565.14 ,1795709.28 ,产值确认单,45628.00 ,1795709.28 ,45628.00 ,1795709.28 ,45629.00 ,1795709.28 ,45638.00 ,0.00 ,,,,,,,,,,,,,,,,1714132.93 ,,72502.23 ,,,,,,9074.12 ,,,,,,1714132.93 ,,72502.23 ,,,,,,9074.12 ,,,,,,,,,,,,,,,
,,,,,,,,,,,,,,,,,,,,,,,,,,,,2.00 ,甲方取得三函（施工意见登记的复函）后,0.20 ,751426.05 ,713925.81 ,产值确认单,45628.00 ,713925.81 ,45628.00 ,713925.81 ,45629.00 ,713925.81 ,45638.00 ,0.00 ,,,,,,,,,,,,,,,,681295.27 ,,29000.89 ,,,,,,3629.65 ,,,,,,681295.27 ,,29000.89 ,,,,,,3629.65 ,,,,,,,,,,,,,,,
,,,,,,,,,,,,,,,,,,,,,,,,,,,,3.00 ,主体工程竣工验收并取得项目竣工联合验收意见书后30工作日内,0.20 ,751426.05 ,0.00 ,,,,,,,0.00 ,,0.00 ,,,,,,,,,,,,,,,,,,,,,,,,,,,,,,,,,,,,,,,,,,,,,,,,,,,,,
,,,,,,,,,,,,,,,,,,,,,,,,,,,,4.00 ,项目整体交付使用且双方签订结算协议书后30工作日内,0.10 ,375713.03 ,0.00 ,,,,,,,0.00 ,,0.00 ,,,,,,,,,,,,,,,,,,,,,,,,,,,,,,,,,,,,,,,,,,,,,,,,,,,,,
,,,,,,,,,,,,3506059.92 ,,,,,,3506059.92 ,,,,,,,,,工程中心,1.00 ,设计人完成专项设计工作的30%，经甲方确认进度后30工作日内,0.20 ,701211.98 ,701211.98 ,预估,46203.00 ,,,,,701211.98 ,46203.00 ,0.00 ,,,,,,,,,,,,,,,,701211.98 ,,,,,,,,,,,,,,701211.98 ,,,,,,,,,,,,,,,,,,,,,,,
,,,,,,,,,,,,,,,,,,,,,,,,,,,,2.00 ,设计人完成专项设计工作的50%，经甲方确认进度后30工作日内,0.10 ,350605.99 ,350605.99 ,预估,46203.00 ,,,,,350605.99 ,46203.00 ,0.00 ,,,,,,,,,,,,,,,,350605.99 ,,,,,,,,,,,,,,350605.99 ,,,,,,,,,,,,,,,,,,,,,,,
,,,,,,,,,,,,,,,,,,,,,,,,,,,,3.00 ,设计人完成专项设计工作的70%，经甲方确认进度后30工作日内,0.20 ,701211.98 ,701211.98 ,预估,46203.00 ,,,,,701211.98 ,,0.00 ,,,,,,,,,,,,,,,,701211.98 ,,,,,,,,,,,,,,701211.98 ,,,,,,,,,,,,,,,,,,,,,,,
,,,,,,,,,,,,,,,,,,,,,,,,,,,,4.00 ,设计人完成专项设计工作的90%，经甲方确认进度后30工作日内,0.20 ,701211.98 ,,,,,,,,0.00 ,,0.00 ,,,,,,,,,,,,,,,,701211.98 ,,,,,,,,,,,,,,,,,,,,,,,,,,,,,,,,,,,,,
,,,,,,,,,,,,,,,,,,,,,,,,,,,,5.00 ,专项设计部分竣工验收并取得项目竣工联合验收意见书后30工作日内,0.20 ,701211.98 ,0.00 ,,,,,,,0.00 ,,0.00 ,,,,,,,,,,,,,,,,,,,,,,,,,,,,,,,,,,,,,,,,,,,,,,,,,,,,,
,,,,,,,,,,,,,,,,,,,,,,,,,,,,6.00 ,项目整体交付使用且双方签订结算协议书后30工作日内,0.10 ,350605.99 ,0.00 ,,,,,,,0.00 ,,0.00 ,,,,,,,,,,,,,,,,,,,,,,,,,,,,,,,,,,,,,,,,,,,,,,,,,,,,,
,雄安,45106.00 ,雄安站枢纽片区2号地项目二标段,,雄安站枢纽片区2号地项目二标段施工图设计合同（主体施工图部分）,CRCCRE-SJ-GC-2023-005,"0708地块
主体施工图",,中铁建河北雄安城市发展有限公司,住宅47981.10，底商2261.90，商业11602.40，办公29680.60，酒店21984，人防8020，非人防52090.82,住宅，底商，非人防17，商业25，办公23，酒店40，人防25,1262906.79 ,,,,,,1162261.80 ,,89449.77 ,,,,,,11195.22 ,工程中心,1.00 ,0708地块施工图50%,0.50 ,631453.40 ,631453.39 ,产值确认单,45287.00 ,631453.39 ,45287.00 ,631453.39 ,45301.00 ,631453.39 ,45317.00 ,0.00 ,,,,,,,,,,,,,,,,581130.90 ,,44724.89 ,,,,,,5597.61 ,,,,,,581130.90 ,,44724.89 ,,,,,,5597.61 ,,,,,,,,,,,,,,,
,,,,,,,,,,,,,,,,,,,,,,,,,,,,2.00 ,0708地块取得三函70%,0.20 ,252581.36 ,252581.36 ,产值确认单,45287.00 ,252581.36 ,45287.00 ,252581.36 ,45301.00 ,252581.36 ,45317.00 ,0.00 ,,,,,,,,,,,,,,,,232452.36 ,,17889.95 ,,,,,,2239.04 ,,,,,,232452.36 ,,17889.95 ,,,,,,2239.04 ,,,,,,,,,,,,,,,
,,,,,,,,,,,,,,,,,,,,,,,,,,,,3.00 ,主体工程竣工验收并取得项目竣工联合验收意见书后30日内，支付至主体工程设计费用的90%,0.20 ,252581.36 ,0.00 ,,,,,,,0.00 ,,0.00 ,,,,,,,,,,,,,,,,,,,,,,,,,,,,,,,,,,,,,,,,,,,,,,,,,,,,,
,,,,,,,,,,,,,,,,,,,,,,,,,,,,4.00 ,项目整体交付使用且双方签订结算协议书后30日内，支付至主体工程双方确认结算价款的100%,0.10 ,126290.68 ,0.00 ,,,,,,,0.00 ,,0.00 ,,,,,,,,,,,,,,,,,,,,,,,,,,,,,,,,,,,,,,,,,,,,,,,,,,,,,
,,,,,,,"未开地块
主体施工图",,中铁建河北雄安城市发展有限公司,,,2529341.95 ,,,,,,2289063.78 ,,213550.90 ,,,,,,26727.27 ,工程中心,1.00 ,乙方出具主体工程完整施工图设计成果，经甲方确认后30日内，支付主体工程设计费用的50%,0.50 ,1264670.98 ,0.00 ,,,,,,,0.00 ,,0.00 ,,,,,,,,,,,,,,,,,,,,,,,,,,,,,,,,,,,,,,,,,,,,,,,,,,,,,
,,,,,,,,,,,,,,,,,,,,,,,,,,,,2.00 ,甲方取得三函后，支付至主体工程设计费用的70%,0.20 ,505868.39 ,0.00 ,,,,,,,0.00 ,,0.00 ,,,,,,,,,,,,,,,,,,,,,,,,,,,,,,,,,,,,,,,,,,,,,,,,,,,,,
,,,,,,,,,,,,,,,,,,,,,,,,,,,,3.00 ,主体工程竣工验收并取得项目竣工联合验收意见书后30日内，支付至主体工程设计费用的90%,0.20 ,505868.39 ,0.00 ,,,,,,,0.00 ,,0.00 ,,,,,,,,,,,,,,,,,,,,,,,,,,,,,,,,,,,,,,,,,,,,,,,,,,,,,
,,,,,,,,,,,,,,,,,,,,,,,,,,,,4.00 ,项目整体交付使用且双方签订结算协议书后30日内，支付至主体工程双方确认结算价款的100%,0.10 ,252934.20 ,0.00 ,,,,,,,0.00 ,,0.00 ,,,,,,,,,,,,,,,,,,,,,,,,,,,,,,,,,,,,,,,,,,,,,,,,,,,,,
,,45106.00 ,雄安站枢纽片区2号地项目二标段,,"雄安站枢纽片区2号地项目
二标段施工图设计合同
（专项设计部分）",,0708地块专项外委,,中铁建河北雄安城市发展有限公司,71692.63 ,18.43 ,1321295.17 ,,,,,,1321295.17 ,,,,,,,,,工程中心,1.00 ,"0708地块专项
（干完90%，确认70%）",0.70 ,924906.62 ,924906.62 ,产值确认单,45622.00 ,924906.62 ,45622.00 ,924906.62 ,45622.00 ,924906.62 ,45638.00 ,0.00 ,,,,,,,,,,,,,,,,924906.62 ,,,,,,,,,,,,,,924906.62 ,,,,,,,,,,,,,,,,,,,,,,,
,,,,,,,,,,,,,,,,,,,,,,,,,,,,2.00 ,"0708地块专项
（专项设计部分竣工验收并取得项目竣工联合验收意见书后30日内，支付至专项设计费用的90%）",0.20 ,264259.03 ,0.00 ,,,,,,,0.00 ,,0.00 ,,,,,,,,,,,,,,,,,,,,,,,,,,,,,,,,,,,,,,,,,,,,,,,,,,,,,
,,,,,,,,,,,,,,,,,,,,,,,,,,,,3.00 ,"0708地块专项
（项目整体交付使用且双方签订结算协议书后30日内，支付至专项设计双方确认结算价款的100%）",0.10 ,132129.52 ,0.00 ,,,,,,,0.00 ,,0.00 ,,,,,,,,,,,,,,,,,,,,,,,,,,,,,,,,,,,,,,,,,,,,,,,,,,,,,
,,,,,,,"未开地块
专项外委",,中铁建河北雄安城市发展有限公司,101928.19 ,18.43 ,1878536.54 ,,,,,,1878536.54 ,,,,,,,,,工程中心,1.00 ,设计人完成专项设计工作的30%，经甲方确认进度后30日内，支付至专项设计费用的20%,0.20 ,375707.31 ,0.00 ,,,,,,,0.00 ,,0.00 ,,,,,,,,,,,,,,,,,,,,,,,,,,,,,,,,,,,,,,,,,,,,,,,,,,,,,
,,,,,,,,,,,,,,,,,,,,,,,,,,,,2.00 ,设计人完成专项设计工作的50%，经甲方确认进度后30日内，支付至专项设计费用的30%,0.10 ,187853.65 ,0.00 ,,,,,,,0.00 ,,0.00 ,,,,,,,,,,,,,,,,,,,,,,,,,,,,,,,,,,,,,,,,,,,,,,,,,,,,,
,,,,,,,,,,,,,,,,,,,,,,,,,,,,3.00 ,设计人完成专项设计工作的70%，经甲方确认进度后30日内，支付至专项设计费用的50%,0.20 ,375707.31 ,0.00 ,,,,,,,0.00 ,,0.00 ,,,,,,,,,,,,,,,,,,,,,,,,,,,,,,,,,,,,,,,,,,,,,,,,,,,,,
,,,,,,,,,,,,,,,,,,,,,,,,,,,,4.00 ,设计人完成专项设计工作的90%，经甲方确认进度后30日内，支付至专项设计费用的70%,0.20 ,375707.31 ,0.00 ,,,,,,,0.00 ,,0.00 ,,,,,,,,,,,,,,,,,,,,,,,,,,,,,,,,,,,,,,,,,,,,,,,,,,,,,
,,,,,,,,,,,,,,,,,,,,,,,,,,,,5.00 ,专项设计部分竣工验收并取得项目竣工联合验收意见书后30日内，支付至专项设计费用的90%,0.20 ,375707.31 ,0.00 ,,,,,,,0.00 ,,0.00 ,,,,,,,,,,,,,,,,,,,,,,,,,,,,,,,,,,,,,,,,,,,,,,,,,,,,,
,,,,,,,,,,,,,,,,,,,,,,,,,,,,6.00 ,项目整体交付使用且双方签订结算协议书后30日内，支付至专项设计双方确认结算价款的100%,0.10 ,187853.65 ,0.00 ,,,,,,,0.00 ,,0.00 ,,,,,,,,,,,,,,,,,,,,,,,,,,,,,,,,,,,,,,,,,,,,,,,,,,,,,
69,北方,44182.00 ,济南置业可研（完成）,/,济南长清区大柿子园D-1地块、济南虞山东项目概念规划方案设计合同,CRCCRE-SJ-CZ-2020-021,可研,,中铁房地产集团济南置业有限公司,,5万元/项目,100000.00 ,,,100000.00 ,,,,,,,,0.00 ,,,,,1.00 ,乙方完成合同约定的全部工作，按甲方要求提交请款资料（包括不限于请款函、《工作任务单》、双方签字确认的顾问服务报告等），甲方将于次月30日前向乙方支付相应款项。,1.00 ,100000.00 ,100000.00 ,产值确认单,44189.00 ,100000.00 ,44189.00 ,100000.00 ,44300.00 ,100000.00 ,44314.00 ,0.00 ,,完成,,,100000.00 ,100000.00 ,100000.00 ,0.00 ,0.00 ,0.00 ,,,100000.00 ,,,,,,,,,,,,,,100000.00 ,,,,,,,,,,,,直委,OA,,,,,,,,,,,,,
70,南沙,44193.00 ,南沙坦尾旧改项目,CRCCRE-DC-XM-2020-110,中国铁建南沙坦尾旧改项目(复建地块)建筑规划方案设计合同,CRCCRE-SJ-CZ-2020-022,方案,,广州南沙中铁实业发展有限公司,335000.00 ,13元/平方米,4355000.00 ,,,4355000.00 ,,,,,,,,0.00 ,,,,,1.00 ,合同签订后，设计人根据发包人要求提供请款材料及增值税专用发票，经发包人审核确认后，次月25日前支付,0.20 ,871000.00 ,871000.00 ,产值确认,44287.00 ,871000.00 ,44287.00 ,871000.00 ,44288.00 ,871000.00 ,44309.00 ,0.00 ,合同额的15%拆给咨询中心，咨询中心拆54035给创作二室,,,,3919500.00 ,3919500.00 ,3919500.00 ,435500.00 ,0.00 ,0.00 ,,,740350.00 ,54035.00 ,,,,76615.00 ,,,,,,,,,740350.00 ,54035.00 ,,,,76615.00 ,,,,,,,招标,OA,,,,,,,,,,,,,
,,,,,,,,,,,,,,,,,,,,,,,,,,,,2.00 ,建筑方案深化完成，即总图、典型单体（平立剖）设计完成并取得甲方书面确认函，设计人根据发包人要求提供请款材料及增值税专用发票，经发包人审核确认后，次月25日前支付,0.20 ,871000.00 ,871000.00 ,产值确认单,44921.00 ,871000.00 ,44921.00 ,871000.00 ,45210.00 ,871000.00 ,45226.00 ,0.00 ,6月已拿地,,,,,,,,,,,,655950.10 ,,,,,207646.40 ,,,,,,7403.50 ,,,655950.10 ,,,,,207646.40 ,,,,,,7403.50 ,,,,,,,,,,,,,,,
,,,,,,,,,,,,,,,,,,,,,,,,,,,,3.00 ,方案调整、修改完成并通过政府审查后（规划复函），设计人根据发包人要求提供请款材料及增值税专用发票，经发包人审核确认后，次月25日前支付,0.25 ,1088750.00 ,1088750.00 ,产值确认单,45286.00 ,1088750.00 ,45282.00 ,1088750.00 ,45455.00 ,1088750.00 ,45470.00 ,0.00 ,"江门商办：咨询补工程中心产值47663.37，项目管理中心补工程中心产值18693.19；
华漕项目：咨询补创一81517.60，项目管理中心补创一457.24
22年借产值归还：咨询归还BIM中心106000.00",,,,,,,,,,,,872687.56 ,,,58768.62 ,,51293.82 ,106000.00 ,,,,,,,,872687.56 ,,,58768.62 ,,51293.82 ,106000.00 ,,,,,,,,,,,,,,,,,,,,
,,,,,,,,,,,,,,,,,,,,,,,,,,,,4.00 ,单体报建完成并取得工规证后，设计人根据发包人要求提供请款材料及增值税专用发票，经发包人审核确认后，次月25日前支付,0.25 ,1088750.00 ,1088750.00 ,产值确认单,45286.00 ,1088750.00 ,45282.00 ,1088750.00 ,45763.00 ,1088750.00 ,45771.00 ,0.00 ,,,,,,,,,,,,,954662.40 ,,,7587.94 ,,123439.59 ,,,,,,3060.07 ,,,954662.40 ,,,7587.94 ,,123439.59 ,,,,,,3060.07 ,,,1088750.00 ,0.00 ,,,,,,,,,,,
,,,,,,,,,,,,,,,,,,,,,,,,,,,,5.00 ,施工图配合、竣工验收完成、结算完毕后，设计人根据发包人要求提供请款材料及增值税专用发票，经发包人审核确认后，次月25日前支付,0.10 ,435500.00 ,0.00 ,,,,,,,0.00 ,,0.00 ,,,,,,,,,,,,,,,,,,,,,,,,,,,,,,,,,,,,,,,,,,,,,,,,,,,,,
,南沙,45180.00 ,南沙坦尾旧改项目（复建地块）,,"中国铁建坦尾更新改造项目（复建地块）
设计优化及精细化审查服务合同",CRCCRE-SJ-ZX-2023-003,施工图咨询+精审,,广州南沙中铁实业发展有限公司,316649.00 ,3.5元/㎡,1108271.50 ,,,,,,,,1108271.50 ,,,,,,,,1.00 ,合同签订后，次月20日前乙方根据甲方要求提交请款材料和增值税专用发票并经甲方审核确认后，甲方于次月25日前支付,0.20 ,221654.30 ,221654.30 ,产值确认单,45224.00 ,221654.30 ,45224.00 ,221654.30 ,45224.00 ,221654.30 ,45230.00 ,0.00 ,权益代建109984.86复建安置111669.44,,,,,,,,,,,,,,,,,221654.30 ,,,,,,,,,,,,,,221654.30 ,,,,,,,,,,,,,,,,,,,,,
,,,,,,,,,,,,,,,,,,,,,,,,,,,,2.00 ,乙方完成图纸优化及审查，且双方完成中期结算后，当月20日前乙方根据甲方要求提交请款材料和增值税专用发票并经甲方审核确认后，甲方于次月25日前支付,0.65 ,720376.48 ,720376.48 ,产值确认单,45282.00 ,720376.48 ,45282.00 ,720376.48 ,45973.00 ,720376.48 ,45989.00 ,0.00 ,权益代建338463.85复建安置381912.63,,,,,,,,,,,,,,,,,720376.48 ,,,,,,,,,,,,,,720376.48 ,,,,,,,,,,,,,,,,,,,,,
,,,,,,,,,,,,,,,,,,,,,,,,,,,,3.00 ,项目整体竣工验收后，双方就本合同内全部优化成果进行验收结算，当月20日前乙方根据甲方要求提交请款材料和增值税专用发票并经甲方审核确认后，甲方于次月25日前支付,0.15 ,166240.73 ,0.00 ,,,,,,,0.00 ,,0.00 ,,,,,,,,,,,,,,,,,,,,,,,,,,,,,,,,,,,,,,,,,,,,,,,,,,,,,
,南沙,45180.00 ,南沙坦尾旧改项目（融资地块）,,"中国铁建坦尾更新改造项目（融资地块）
设计优化及精细化审查服务合同",CRCCRE-SJ-ZX-2023-004,施工图咨询+精审,,广州南沙中铁实业发展有限公司,151925.00 ,3.50 ,531737.50 ,,,,,,,,531737.50 ,,,,,,,,1.00 ,合同签订后，次月20日前乙方根据甲方要求提交请款材料和增值税专用发票并经甲方审核确认后，甲方于次月25日前支付,0.20 ,106347.50 ,106347.50 ,产值确认单,45215.00 ,106347.50 ,45215.00 ,106347.50 ,45215.00 ,106347.50 ,45226.00 ,0.00 ,,,,,,,,,,,,,,,,,,106347.50 ,,,,,,,,,,,,,,106347.50 ,,,,,,,,,,,,,,,,,,,,,
,,,,,,,,,,,,,,,,,,,,,,,,,,,,2.00 ,乙方完成图纸优化及审查，且双方完成中期结算后，当月20日前乙方根据甲方要求提交请款材料和增值税专用发票并经甲方审核确认后，甲方于次月25日前支付（融资南侧地块+融资北侧地块首开区）,0.65 ,345629.38 ,215185.43 ,产值确认单,45282.00 ,215185.43 ,45282.00 ,,,215185.43 ,,0.00 ,,,,,,,,,,,,,,,,,,215185.43 ,,,,,,,,,,,,,,215185.43 ,,,,,,,,,,,,,,,,,,,,,
,,,,,,,,,,,,,,,,,,,,,,,,,,,,,乙方完成图纸优化及审查，且双方完成中期结算后，当月20日前乙方根据甲方要求提交请款材料和增值税专用发票并经甲方审核确认后，甲方于次月25日前支付（融资北侧地块非首开区）,,,130443.95 ,产值确认单,45653.00 ,130443.95 ,45653.00 ,,,,,,,,,,,,,,,,,,,,,,,130443.95 ,,,,,,,,,,,,,,130443.95 ,,,,,,,,,,,,,,,,,,,,,
,,,,,,,,,,,,,,,,,,,,,,,,,,,,3.00 ,项目整体竣工验收后，双方就本合同内全部优化成果进行验收结算，当月20日前乙方根据甲方要求提交请款材料和增值税专用发票并经甲方审核确认后，甲方于次月25日前支付,0.15 ,79760.63 ,0.00 ,,,,,,,0.00 ,,0.00 ,,,,,,,,,,,,,,,,,,,,,,,,,,,,,,,,,,,,,,,,,,,,,,,,,,,,,
,南沙,45258.00 ,南沙横沥岛30、31地块项目（西派尊府）,,"2021NJY-12地块项目设计合同
补充协议（一）
（住宅建筑方案部分）",CRCCRE-SJ-XM-2023-074-B1,设计总包（方案外委）,,广州南沙横城置业有限公司,72766.63 ,,2899042.66 ,,,568179.66 ,,,,,,,,,,,2330863.00 ,项目管理中心,1.00 ,合同签订后，按甲方要求提供请款资料和合法有效的增值税专用发票并甲方审核确认无误后次月支付进度款,0.15 ,434856.40 ,434856.40 ,产值确认单,45288.00 ,434856.40 ,45288.00 ,434856.40 ,45357.00 ,434856.40 ,45369.00 ,0.00 ,,,,,,,,,,,,,113635.93 ,,,,,,,,,,,321220.47 ,,,113635.93 ,,,,,,,,,,,321220.47 ,,,,,,,,,,,,,,,
,,,,,,,,,,,,,,,,,,,,,,,,,,,,2.00 ,完成深化设计方案，经甲方确认后，按甲方要求提供请款资料和合法有效的增值税专用发票并甲方审核确认无误后次月支付进度款,0.25 ,724760.67 ,724760.66 ,产值确认单,45288.00 ,724760.66 ,45288.00 ,724760.67 ,45357.00 ,724760.66 ,45369.00 ,0.00 ,,,,,,,,,,,,,,,,,,,,,,,,724760.66 ,,,,,,,,,,,,,,724760.66 ,,,,,,,,,,,,,,,
,,,,,,,,,,,,,,,,,,,,,,,,,,,,3.00 ,完成单体报建取得工规证，经甲方确认后，按甲方要求提供请款资料和合法有效的增值税专用发票并甲方审核确认无误后次月支付进度款,0.15 ,434856.40 ,434856.40 ,产值确认单,45849.00 ,434856.40 ,45849.00 ,434856.40 ,45852.00 ,434856.40 ,46052.00 ,0.00 ,,,,,,,,,,,,,112918.11 ,,,,,,,,,,,321938.29 ,,,112918.11 ,,,,,,,,,,,321938.29 ,,,,,,,,,,,,,,,
,,,,,,,,,,,,,,,,,,,,,,,,,,,,4.00 ,"协助施工图设计单位完成施工图设计及审查,经甲方确认后，按甲方要求提供请款资料和合法有效的增值税专用发票并甲方审核确认无误后次月支付进度款",0.20 ,579808.53 ,579808.53 ,预估,46172.00 ,,,,,579808.53 ,46203.00 ,0.00 ,,,,,,,,,,,,,150557.48 ,,,,,,,,,,,429251.05 ,,,150557.48 ,,,,,,,,,,,429251.05 ,,,,,,,,,,,,,,,
,,,,,,,,,,,,,,,,,,,,,,,,,,,,5.00 ,现场建筑封顶并外立面亮相后，按甲方要求提供请款资料和合法有效的增值税专用发票并甲方审核确认无误后次月支付进度款,0.15 ,434856.40 ,434856.40 ,预估,,,,,,434856.40 ,,0.00 ,,,,,,,,,,,,,112918.10 ,,,,,,,,,,,321938.30 ,,,112918.10 ,,,,,,,,,,,321938.30 ,,,,,,,,,,,,,,,
,,,,,,,,,,,,,,,,,,,,,,,,,,,,6.00 ,完成结算后，按甲方要求提供请款资料和合法有效的增值税专用发票并甲方审核确认无误后次月支付进度款,0.10 ,289904.27 ,289904.27 ,,,,,,,0.00 ,,289904.27 ,,,,,,,,,,,,,54447.74 ,,,,,,,,,,,235456.53 ,,,,,,,,,,,,,,,,,,,,,,,,,,,,,
,,45258.00 ,,,"2021NJY-12地块项目设计合同
补充协议（一）
（住宅景观设计部分）",CRCCRE-SJ-XM-2023-074-B1,设计总包（景观外委）,,广州南沙横城置业有限公司,,,926174.79 ,,,,,,,,,,,,,,926174.79 ,项目管理中心,1.00 ,合同签订后，按甲方要求提供请款资料和合法有效的增值税专用发票并甲方审核确认无误后次月支付进度款,0.15 ,138926.22 ,138926.22 ,产值确认单,45288.00 ,138926.22 ,45288.00 ,138926.22 ,45357.00 ,138926.22 ,45369.00 ,0.00 ,,,,,,,,,,,,,,,,,,,,,,,,138926.22 ,,,,,,,,,,,,,,138926.22 ,,,,,,,,,,,,,,,
,,,,,,,,,,,,,,,,,,,,,,,,,,,,2.00 ,完成深化设计方案，经甲方确认后，按甲方要求提供请款资料和合法有效的增值税专用发票并甲方审核确认无误后次月支付进度款,0.25 ,231543.70 ,231543.70 ,产值确认单,45288.00 ,231543.70 ,45288.00 ,231543.70 ,45357.00 ,231543.70 ,45369.00 ,0.00 ,,,,,,,,,,,,,,,,,,,,,,,,231543.70 ,,,,,,,,,,,,,,231543.70 ,,,,,,,,,,,,,,,
,,,,,,,,,,,,,,,,,,,,,,,,,,,,3.00 ,完成扩初阶段设计成果，经甲方确认后，按甲方要求提供请款资料和合法有效的增值税专用发票并甲方审核确认无误后次月支付进度款,0.15 ,138926.22 ,138926.21 ,产值确认单,45288.00 ,138926.21 ,45288.00 ,138926.21 ,45357.00 ,138926.21 ,45369.00 ,0.00 ,,,,,,,,,,,,,,,,,,,,,,,,138926.21 ,,,,,,,,,,,,,,138926.21 ,,,,,,,,,,,,,,,
,,,,,,,,,,,,,,,,,,,,,,,,,,,,4.00 ,"完成施工图设计,经甲方确认后，按甲方要求提供请款资料和合法有效的增值税专用发票并甲方审核确认无误后次月支付进度款",0.20 ,185234.96 ,185234.96 ,预估,46172.00 ,,,,,185234.96 ,46203.00 ,0.00 ,,,,,,,,,,,,,,,,,,,,,,,,185234.96 ,,,,,,,,,,,,,,185234.96 ,,,,,,,,,,,,,,,
,,,,,,,,,,,,,,,,,,,,,,,,,,,,5.00 ,完成施工图会审并处理完会审问题后，按甲方要求提供请款资料和合法有效的增值税专用发票并甲方审核确认无误后次月支付进度款,0.15 ,138926.22 ,138926.22 ,预估,,,,,,138926.22 ,,0.00 ,,,,,,,,,,,,,,,,,,,,,,,,138926.22 ,,,,,,,,,,,,,,138926.22 ,,,,,,,,,,,,,,,
,,,,,,,,,,,,,,,,,,,,,,,,,,,,6.00 ,完成结算后，按甲方要求提供请款资料和合法有效的增值税专用发票并甲方审核确认无误后次月支付进度款,0.10 ,92617.48 ,0.00 ,,,,,,,0.00 ,,0.00 ,,,,,,,,,,,,,,,,,,,,,,,,,,,,,,,,,,,,,,,,,,,,,,,,,,,,,
,,45258.00 ,,,"2021NJY-12地块项目设计合同
补充协议（一）
（住宅精装设计部分）",CRCCRE-SJ-XM-2023-074-B1,设计总包（精装外委）,,广州南沙横城置业有限公司,,,2340025.00 ,,,,,,,,,,,,,,2340025.00 ,项目管理中心,1.00 ,合同签订并提交概念方案后，经甲方审核后，按甲方要求提供请款资料和合法有效的增值税专用发票并甲方审核确认无误后次月支付进度款,0.15 ,351003.75 ,351003.75 ,产值确认单,45288.00 ,351003.75 ,45288.00 ,351003.75 ,45357.00 ,351003.75 ,45369.00 ,0.00 ,,,,,,,,,,,,,,,,,,,,,,,,351003.75 ,,,,,,,,,,,,,,351003.75 ,,,,,,,,,,,,,,,
,,,,,,,,,,,,,,,,,,,,,,,,,,,,2.00 ,精装概念设计完成经甲方确认，按甲方要求提供请款资料和合法有效的增值税专用发票并甲方审核确认无误后2个月内,0.25 ,465006.25 ,465006.25 ,产值确认单,45288.00 ,465006.25 ,45288.00 ,465006.25 ,45357.00 ,465006.25 ,45369.00 ,0.00 ,,,,,,,,,,,,,,,,,,,,,,,,465006.25 ,,,,,,,,,,,,,,465006.25 ,,,,,,,,,,,,,,,
,,,,,,,,,,,,,,,,,,,,,,,,,,,,,2#楼275户型样板间部分,,120000.00 ,120000.00 ,产值确认单,45288.00 ,120000.00 ,45288.00 ,120000.00 ,45520.00 ,120000.00 ,45596.00 ,0.00 ,,,,,,,,,,,,,,,,,,,,,,,,120000.00 ,,,,,,,,,,,,,,120000.00 ,,,,,,,,,,,,,,,
,,,,,,,,,,,,,,,,,,,,,,,,,,,,3.00 ,完成扩初阶段设计成果，经甲方审核后，按甲方要求提供请款资料和合法有效的增值税专用发票并甲方审核确认无误后次月支付进度款,0.15 ,279003.75 ,279003.75 ,产值确认单,45288.00 ,279003.75 ,45288.00 ,279003.75 ,45357.00 ,279003.75 ,45369.00 ,0.00 ,,,,,,,,,,,,,,,,,,,,,,,,279003.75 ,,,,,,,,,,,,,,279003.75 ,,,,,,,,,,,,,,,
,,,,,,,,,,,,,,,,,,,,,,,,,,,,,2#楼275户型样板间部分,,72000.00 ,72000.00 ,产值确认单,45288.00 ,72000.00 ,45288.00 ,72000.00 ,45520.00 ,72000.00 ,45596.00 ,0.00 ,,,,,,,,,,,,,,,,,,,,,,,,72000.00 ,,,,,,,,,,,,,,72000.00 ,,,,,,,,,,,,,,,
,,,,,,,,,,,,,,,,,,,,,,,,,,,,4.00 ,"完成精装施工图设计，经甲方审核后，按甲方要求提供请款资料和合法有效的增值税专用发票并甲方审核确认无误后次月支付进度款
(1#楼275户型样板间部分）",0.20 ,468005.00 ,92400.00 ,产值确认单,45288.00 ,92400.00 ,45288.00 ,92400.00 ,45357.00 ,92400.00 ,45369.00 ,0.00 ,,,,,,,,,,,,,,,,,,,,,,,,92400.00 ,,,,,,,,,,,,,,92400.00 ,,,,,,,,,,,,,,,
,,,,,,,,,,,,,,,,,,,,,,,,,,,,,完成精装施工图设计，经甲方审核后，按甲方要求提供请款资料和合法有效的增值税专用发票并甲方审核确认无误后次月支付进度款（23年底差值部分）,,,165151.58 ,产值确认单,45288.00 ,165151.58 ,45288.00 ,165151.58 ,45520.00 ,165151.58 ,45596.00 ,0.00 ,,,,,,,,,,,,,,,,,,,,,,,,165151.58 ,,,,,,,,,,,,,,165151.58 ,,,,,,,,,,,,,,,
,,,,,,,,,,,,,,,,,,,,,,,,,,,,,完成精装施工图设计，经甲方审核后，按甲方要求提供请款资料和合法有效的增值税专用发票并甲方审核确认无误后次月支付进度款（剩余部分）,,,210453.42 ,产值确认单,45519.00 ,210453.42 ,45519.00 ,210453.42 ,45520.00 ,210453.42 ,45596.00 ,0.00 ,,,,,,,,,,,,,,,,,,,,,,,,210453.42 ,,,,,,,,,,,,,,210453.42 ,,,,,,,,,,,,,,,
,,,,,,,,,,,,,,,,,,,,,,,,,,,,5.00 ,精装修竣工后，经甲方审核后，按甲方要求提供请款资料和合法有效的增值税专用发票并甲方审核确认无误后次月支付进度款,0.15 ,351003.75 ,351003.75 ,预估,46021.00 ,,,,,351003.75 ,46052.00 ,0.00 ,,,,,,,,,,,,,,,,,,,,,,,,351003.75 ,,,,,,,,,,,,,,351003.75 ,,,,,,,,,,,,,,,
,,,,,,,,,,,,,,,,,,,,,,,,,,,,6.00 ,结算完成后，经甲方审核后，按甲方要求提供请款资料和合法有效的增值税专用发票并甲方审核确认无误后次月支付进度款,0.10 ,234002.50 ,234002.50 ,预估,46021.00 ,,,,,234002.50 ,46052.00 ,0.00 ,,,,,,,,,,,,,,,,,,,,,,,,234002.50 ,,,,,,,,,,,,,,234002.50 ,,,,,,,,,,,,,,,
,南沙,45258.00 ,南沙横沥岛30、31地块项目（西派尊府）,,"2021NJY-12地块项目设计合同
补充协议（二）
（公寓商业建筑方案部分）",CRCCRE-SJ-XM-2023-074-B2,设计总包（方案外委）,,广州南沙横城置业有限公司,104208.83 ,,517375.00 ,,,,,,,,,,,,,,517375.00 ,项目管理中心,1.00 ,合同签订后，按甲方要求提供请款资料和合法有效的增值税专用发票并甲方审核确认无误后次月支付进度款,0.15 ,77606.25 ,77606.25 ,产值确认单,45604.00 ,77606.25 ,45604.00 ,77606.25 ,45604.00 ,77606.25 ,45678.00 ,0.00 ,,,,,,,,,,,,,77606.25 ,,,,,,,,,,,,,,77606.25 ,,,,,,,,,,,,,,,,,,,,,,,,,,
,,,,,,,,,,,,,,,,,,,,,,,,,,,,2.00 ,完成深化设计方案，经甲方确认后，按甲方要求提供请款资料和合法有效的增值税专用发票并甲方审核确认无误后次月支付进度款,0.25 ,129343.75 ,129343.75 ,产值确认单,45604.00 ,129343.75 ,45604.00 ,129343.75 ,45604.00 ,129343.75 ,45678.00 ,0.00 ,,,,,,,,,,,,,,,,,,,,,,,,129343.75 ,,,,,,,,,,,,,,129343.75 ,,,,,,,,,,,,,,,
,,,,,,,,,,,,,,,,,,,,,,,,,,,,3.00 ,完成单体报建取得工规证，经甲方确认后，按甲方要求提供请款资料和合法有效的增值税专用发票并甲方审核确认无误后次月支付进度款,0.15 ,77606.25 ,77606.25 ,产值确认单,45849.00 ,77606.25 ,45849.00 ,77606.25 ,45852.00 ,77606.25 ,46052.00 ,0.00 ,,,,,,,,,,,,,,,,,,,,,,,,77606.25 ,,,,,,,,,,,,,,77606.25 ,,,,,,,,,,,,,,,
,,,,,,,,,,,,,,,,,,,,,,,,,,,,4.00 ,"协助施工图设计单位完成施工图设计及审查,经甲方确认后，按甲方要求提供请款资料和合法有效的增值税专用发票并甲方审核确认无误后次月支付进度款",0.20 ,103475.00 ,103475.00 ,预估,46172.00 ,,,,,103475.00 ,46203.00 ,0.00 ,,,,,,,,,,,,,,,,,,,,,,,,103475.00 ,,,,,,,,,,,,,,103475.00 ,,,,,,,,,,,,,,,
,,,,,,,,,,,,,,,,,,,,,,,,,,,,5.00 ,现场建筑封顶并外立面亮相后，按甲方要求提供请款资料和合法有效的增值税专用发票并甲方审核确认无误后次月支付进度款,0.15 ,77606.25 ,77606.25 ,预估,,,,,,77606.25 ,,0.00 ,,,,,,,,,,,,,,,,,,,,,,,,77606.25 ,,,,,,,,,,,,,,77606.25 ,,,,,,,,,,,,,,,
,,,,,,,,,,,,,,,,,,,,,,,,,,,,6.00 ,完成结算后，按甲方要求提供请款资料和合法有效的增值税专用发票并甲方审核确认无误后次月支付进度款,0.10 ,51737.50 ,0.00 ,,,,,,,0.00 ,,0.00 ,,,,,,,,,,,,,,,,,,,,,,,,,,,,,,,,,,,,,,,,,,,,,,,,,,,,,
,,45258.00 ,,,"2021NJY-12地块项目设计合同
补充协议（二）
（公寓商业景观设计部分）",CRCCRE-SJ-XM-2023-074-B2,设计总包（景观外委）,,广州南沙横城置业有限公司,,,240000.00 ,,,,,,,,,,,,,,240000.00 ,项目管理中心,1.00 ,合同签订后，按甲方要求提供请款资料和合法有效的增值税专用发票并甲方审核确认无误后次月支付进度款,0.15 ,36000.00 ,36000.00 ,产值确认单,45288.00 ,36000.00 ,45288.00 ,36000.00 ,45357.00 ,36000.00 ,45369.00 ,0.00 ,,,,,,,,,,,,,,,,,,,,,,,,36000.00 ,,,,,,,,,,,,,,36000.00 ,,,,,,,,,,,,,,,
,,,,,,,,,,,,,,,,,,,,,,,,,,,,2.00 ,完成深化设计方案，经甲方确认后，按甲方要求提供请款资料和合法有效的增值税专用发票并甲方审核确认无误后次月支付进度款,0.25 ,60000.00 ,60000.00 ,产值确认单,45288.00 ,60000.00 ,45288.00 ,60000.00 ,45357.00 ,60000.00 ,45369.00 ,0.00 ,,,,,,,,,,,,,,,,,,,,,,,,60000.00 ,,,,,,,,,,,,,,60000.00 ,,,,,,,,,,,,,,,
,,,,,,,,,,,,,,,,,,,,,,,,,,,,3.00 ,完成扩初阶段设计成果，经甲方确认后，按甲方要求提供请款资料和合法有效的增值税专用发票并甲方审核确认无误后次月支付进度款,0.15 ,36000.00 ,36000.00 ,产值确认单,45635.00 ,36000.00 ,45635.00 ,36000.00 ,45637.00 ,36000.00 ,45646.00 ,0.00 ,,,,,,,,,,,,,,,,,,,,,,,,36000.00 ,,,,,,,,,,,,,,36000.00 ,,,,,,,,,,,,,,,
,,,,,,,,,,,,,,,,,,,,,,,,,,,,4.00 ,"完成施工图设计,经甲方确认后，按甲方要求提供请款资料和合法有效的增值税专用发票并甲方审核确认无误后次月支付进度款",0.20 ,48000.00 ,48000.00 ,产值确认单,45635.00 ,48000.00 ,45635.00 ,48000.00 ,45637.00 ,48000.00 ,45646.00 ,0.00 ,,,,,,,,,,,,,,,,,,,,,,,,48000.00 ,,,,,,,,,,,,,,48000.00 ,,,,,,,,,,,,,,,
,,,,,,,,,,,,,,,,,,,,,,,,,,,,5.00 ,完成施工图会审并处理完会审问题后，按甲方要求提供请款资料和合法有效的增值税专用发票并甲方审核确认无误后次月支付进度款,0.15 ,36000.00 ,36000.00 ,产值确认单,45635.00 ,36000.00 ,45635.00 ,36000.00 ,45637.00 ,36000.00 ,45646.00 ,0.00 ,,,,,,,,,,,,,,,,,,,,,,,,36000.00 ,,,,,,,,,,,,,,36000.00 ,,,,,,,,,,,,,,,
,,,,,,,,,,,,,,,,,,,,,,,,,,,,6.00 ,完成结算后，按甲方要求提供请款资料和合法有效的增值税专用发票并甲方审核确认无误后次月支付进度款,0.10 ,24000.00 ,0.00 ,,,,,,,0.00 ,,0.00 ,,,,,,,,,,,,,,,,,,,,,,,,,,,,,,,,,,,,,,,,,,,,,,,,,,,,,
,,45258.00 ,,,"2021NJY-12地块项目设计合同
补充协议（二）
（公寓商业精装设计部分）",CRCCRE-SJ-XM-2023-074-B2,设计总包（精装外委）,,广州南沙横城置业有限公司,,,3017100.00 ,,,,,,,,,,,,,,3017100.00 ,项目管理中心,1.00 ,合同签订并提交概念方案后，经甲方审核后，按甲方要求提供请款资料和合法有效的增值税专用发票并甲方审核确认无误后次月支付进度款,0.15 ,452565.00 ,452565.00 ,产值确认单,45288.00 ,452565.00 ,45288.00 ,452565.00 ,45357.00 ,452565.00 ,45369.00 ,0.00 ,,,,,,,,,,,,,,,,,,,,,,,,452565.00 ,,,,,,,,,,,,,,452565.00 ,,,,,,,,,,,,,,,
,,,,,,,,,,,,,,,,,,,,,,,,,,,,2.00 ,精装概念设计完成经甲方确认，按甲方要求提供请款资料和合法有效的增值税专用发票并甲方审核确认无误后2个月内,0.25 ,754275.00 ,754275.00 ,产值确认单,45288.00 ,754275.00 ,45288.00 ,754275.00 ,45357.00 ,754275.00 ,45369.00 ,0.00 ,,,,,,,,,,,,,,,,,,,,,,,,754275.00 ,,,,,,,,,,,,,,754275.00 ,,,,,,,,,,,,,,,
,,,,,,,,,,,,,,,,,,,,,,,,,,,,3.00 ,完成扩初阶段设计成果，经甲方审核后，按甲方要求提供请款资料和合法有效的增值税专用发票并甲方审核确认无误后次月支付进度款,0.15 ,452565.00 ,452565.00 ,产值确认单,45288.00 ,452565.00 ,45288.00 ,452565.00 ,45357.00 ,452565.00 ,45369.00 ,0.00 ,,,,,,,,,,,,,,,,,,,,,,,,452565.00 ,,,,,,,,,,,,,,452565.00 ,,,,,,,,,,,,,,,
,,,,,,,,,,,,,,,,,,,,,,,,,,,,4.00 ,完成精装施工图设计，经甲方审核后，按甲方要求提供请款资料和合法有效的增值税专用发票并甲方审核确认无误后次月支付进度款,0.20 ,603420.00 ,603420.00 ,产值确认单,45519.00 ,603420.00 ,45519.00 ,603420.00 ,45520.00 ,603420.00 ,45593.00 ,0.00 ,,,,,,,,,,,,,,,,,,,,,,,,603420.00 ,,,,,,,,,,,,,,603420.00 ,,,,,,,,,,,,,,,
,,,,,,,,,,,,,,,,,,,,,,,,,,,,5.00 ,精装修竣工后，经甲方审核后，按甲方要求提供请款资料和合法有效的增值税专用发票并甲方审核确认无误后次月支付进度款,0.15 ,452565.00 ,452565.00 ,预估,46021.00 ,,,,,452565.00 ,46052.00 ,0.00 ,,,,,,,,,,,,,,,,,,,,,,,,452565.00 ,,,,,,,,,,,,,,452565.00 ,,,,,,,,,,,,,,,
,,,,,,,,,,,,,,,,,,,,,,,,,,,,6.00 ,结算完成后，经甲方审核后，按甲方要求提供请款资料和合法有效的增值税专用发票并甲方审核确认无误后次月支付进度款,0.10 ,301710.00 ,301710.00 ,预估,46021.00 ,,,,,301710.00 ,46052.00 ,0.00 ,,,,,,,,,,,,,,,,,,,,,,,,301710.00 ,,,,,,,,,,,,,,301710.00 ,,,,,,,,,,,,,,,
,南沙,45511.00 ,南沙横沥岛30、31地块项目（西派尊府）,,"2021NJY-12地块项目设计合同
（批量精装部分、批价形式）",CRCCRE-SJ-XM-2023-074,设计总包（精装外委）,,广州南沙横城置业有限公司,,,1782932.40 ,,,,,,,,,,,,,,1782932.40 ,项目管理中心,1.00 ,合同签订并提交第一版概念性方案并经甲方审核确认后 15 个工作日内，乙方根据甲方要求提交请款材料，并按照甲方审核后的金额，开具相应金额的增值税专用发票，由甲方于审核确认后，次月30日前进行进度款支付,0.15 ,267439.86 ,267439.86 ,产值确认单,45642.00 ,267439.86 ,45642.00 ,267439.86 ,45644.00 ,267439.86 ,45677.00 ,0.00 ,,,,,,,,,,,,,,,,,,,,,,,,267439.86 ,,,,,,,,,,,,,,267439.86 ,,,,,,,,,,,,,,,
,,,,,,,,,,,,,,,,,,,,,,,,,,,,2.00 ,"完成精装概念设计,提交成果并得到甲方认可后15个工作日内，乙方根据甲方要求提交请款材料，并按照甲方审核后的金额，开具相应金额的增值税专用发票，由甲方于审核确认后，次月30日前进行进度款支付",0.25 ,445733.10 ,445733.10 ,产值确认单,45719.00 ,445733.10 ,45719.00 ,445733.10 ,45719.00 ,445733.10 ,45747.00 ,0.00 ,,,,,,,,,,,,,,,,,,,,,,,,445733.10 ,,,,,,,,,,,,,,445733.10 ,,,,,,,,,,,,,,,
,,,,,,,,,,,,,,,,,,,,,,,,,,,,3.00 ,完成方案扩初设计阶段最终成果，经甲方书面确认后15个工作日内，乙方根据甲方要求提交请款材料，并按照甲方审核后的金额，开具相应金额的增值税专用发票，由甲方于审核确认后，次月30日前进行进度款支付,0.15 ,267439.86 ,267439.86 ,产值确认单,45818.00 ,267439.86 ,45818.00 ,267439.86 ,45819.00 ,267439.86 ,45897.00 ,0.00 ,,,,,,,,,,,,,,,,,,,,,,,,267439.86 ,,,,,,,,,,,,,,267439.86 ,,,,,,,,,,,,,,,
,,,,,,,,,,,,,,,,,,,,,,,,,,,,4.00 ,"完成精装施工图设计,提交成果并得到甲方认可后15个工作日内，乙方根据甲方要求提交请款材料，并按照甲方审核后的金额，开具相应金额的增值税专用发票，由甲方于审核确认后，次月30日前进行进度款支付",0.20 ,356586.48 ,356586.48 ,预估,46111.00 ,,,,,356586.48 ,46142.00 ,0.00 ,,,,,,,,,,,,,,,,,,,,,,,,356586.48 ,,,,,,,,,,,,,,356586.48 ,,,,,,,,,,,,,,,
,,,,,,,,,,,,,,,,,,,,,,,,,,,,5.00 ,精装修竣工备案后15个工作日内，乙方根据甲方要求提交请款材料，并按照甲方审核后的金额，开具相应金额的增值税专用发票，由甲方于审核确认后，次月30日前进行进度款支付,0.15 ,267439.86 ,0.00 ,,,,,,,0.00 ,,0.00 ,,,,,,,,,,,,,,,,,,,,,,,,,,,,,,,,,,,,,,,,,,,,,,,,,,,,,
,,,,,,,,,,,,,,,,,,,,,,,,,,,,6.00 ,结算完成后15个工作日内，乙方根据甲方要求提交请款材料，并按照甲方审核后的金额，开具相应金额的增值税专用发票，由甲方于审核确认后，次月30日前进行结算款支付,0.10 ,178293.24 ,0.00 ,,,,,,,0.00 ,,0.00 ,,,,,,,,,,,,,,,,,,,,,,,,,,,,,,,,,,,,,,,,,,,,,,,,,,,,,
,南沙,45644.00 ,南沙横沥岛30、31地块项目（西派尊府）,,2021NJY-12地块西派尊府项目3号楼东西户型样板间精装设计合同,CRCCRE-SJ-XM-2024-060,设计总包（精装外委）,,广州南沙横城置业有限公司,,,602400.00 ,,,,,,,,,,,,,,602400.00 ,项目管理中心,1.00 ,合同签订并提交第一版概念性方案后 15 个工作日内请款并按甲方要求提交请款材料，乙方按照甲方审核后的金额，开具相应金额的增值税专用发票，由甲方于审核后次月30日前进行进度款支付,0.15 ,90360.00 ,90360.00 ,产值确认单,45737.00 ,90360.00 ,45737.00 ,90360.00 ,45740.00 ,90360.00 ,45775.00 ,0.00 ,,,,,,,,,,,,,,,,,,,,,,,,90360.00 ,,,,,,,,,,,,,,90360.00 ,,,,,,,,,,,,,,,
,,,,,,,,,,,,,,,,,,,,,,,,,,,,2.00 ,"完成展示区概念设计,提交成果并得到甲方认可后15个工作日内请款并按甲方要求提交请款材料，乙方按照甲方审核后的金额，开具相应金额的增值税专用发票，由甲方于审核后次月30日前进行进度款支付",0.25 ,150600.00 ,150600.00 ,产值确认单,45737.00 ,150600.00 ,45737.00 ,150600.00 ,45740.00 ,90360.00 ,45775.00 ,60240.00 ,,,,,,,,,,,,,,,,,,,,,,,,150600.00 ,,,,,,,,,,,,,,90360.00 ,,,,,,,,,,,,,,,
,,,,,,,,,,,,,,,,,,,,,,,,,,,,,,,,,,,,,,,60240.00 ,45804.00 ,-60240.00 ,,,,,,,,,,,,,,,,,,,,,,,,,,,,,,,,,,,,,,60240.00 ,,,,,,,,,,,,,,,
,,,,,,,,,,,,,,,,,,,,,,,,,,,,3.00 ,完成展示区方案扩初设计阶段最终成果，经甲方书面确认后15个工作日内请款并按甲方要求提交请款材料，乙方按照甲方审核后的金额，开具相应金额的增值税专用发票，由甲方于审核后次月30日前进行进度款支付,0.10 ,60240.00 ,60240.00 ,产值确认单,45737.00 ,60240.00 ,45737.00 ,60240.00 ,45740.00 ,60240.00 ,45804.00 ,0.00 ,,,,,,,,,,,,,,,,,,,,,,,,60240.00 ,,,,,,,,,,,,,,60240.00 ,,,,,,,,,,,,,,,
,,,,,,,,,,,,,,,,,,,,,,,,,,,,4.00 ,"完成展示区精装施工图设计,提交成果并得到甲方认可后15个工作日内请款并按甲方要求提交请款材料，乙方按照甲方审核后的金额，开具相应金额的增值税专用发票，由甲方于审核后次月30日前进行进度款支付",0.30 ,180720.00 ,180720.00 ,产值确认单,45791.00 ,180720.00 ,45791.00 ,180720.00 ,45792.00 ,180720.00 ,45804.00 ,0.00 ,,,,,,,,,,,,,,,,,,,,,,,,180720.00 ,,,,,,,,,,,,,,180720.00 ,,,,,,,,,,,,,,,
,,,,,,,,,,,,,,,,,,,,,,,,,,,,5.00 ,展示区精装修竣工后15个工作日内请款并按甲方要求提交请款材料，乙方按照甲方审核后的金额，开具相应金额的增值税专用发票，由甲方于审核后次月30日前进行进度款支付,0.05 ,30120.00 ,0.00 ,,,,,,,0.00 ,,0.00 ,,,,,,,,,,,,,,,,,,,,,,,,,,,,,,,,,,,,,,,,,,,,,,,,,,,,,
,,,,,,,,,,,,,,,,,,,,,,,,,,,,6.00 ,结算完成，后15个工作日内请款并按甲方要求提交请款材料，乙方按照甲方审核后的金额，开具相应金额的增值税专用发票，由甲方于审核后次月30日前进行结算款支付,0.15 ,90360.00 ,0.00 ,,,,,,,0.00 ,,0.00 ,,,,,,,,,,,,,,,,,,,,,,,,,,,,,,,,,,,,,,,,,,,,,,,,,,,,,
,南沙,45657.00 ,南沙横沥岛30、31地块项目（西派尊府）,,2021NJY-12地块西派尊府项目5#140、200户型样板间室内精装设计合同,CRCCRE-SJ-XM-2024-061,设计总包（精装外委）,,广州南沙横城置业有限公司,340㎡,2000元/㎡,680000.00 ,,,,,,,,,,,,,,680000.00 ,项目管理中心,1.00 ,合同签订并提交第一版概念性方案后 15 个工作日内请款并按甲方要求提交请款材料，乙方按照甲方审核后的金额，开具相应金额的增值税专用发票，由甲方于审核后次月30日前进行进度款支付。,0.15 ,102000.00 ,0.00 ,,,,,,,0.00 ,,0.00 ,,,,,,,,,,,,,,,,,,,,,,,,,,,,,,,,,,,,,,,,,,,,,,,,,,,,,
,,,,,,,,,,,,,,,,,,,,,,,,,,,,2.00 ,"完成展示区概念设计,提交成果并得到甲方认可后15个工作日内请款并按甲方要求提交请款材料，乙方按照甲方审核后的金额，开具相应金额的增值税专用发票，由甲方于审核后次月30日前进行进度款支付。",0.25 ,170000.00 ,0.00 ,,,,,,,0.00 ,,0.00 ,,,,,,,,,,,,,,,,,,,,,,,,,,,,,,,,,,,,,,,,,,,,,,,,,,,,,
,,,,,,,,,,,,,,,,,,,,,,,,,,,,3.00 ,完成展示区方案扩初设计阶段最终成果，经甲方书面确认后15个工作日内请款并按甲方要求提交请款材料，乙方按照甲方审核后的金额，开具相应金额的增值税专用发票，由甲方于审核后次月30日前进行进度款支付。,0.10 ,68000.00 ,0.00 ,,,,,,,0.00 ,,0.00 ,,,,,,,,,,,,,,,,,,,,,,,,,,,,,,,,,,,,,,,,,,,,,,,,,,,,,
,,,,,,,,,,,,,,,,,,,,,,,,,,,,4.00 ,"完成展示区精装施工图设计,提交成果并得到甲方认可后15个工作日内请款并按甲方要求提交请款材料，乙方按照甲方审核后的金额，开具相应金额的增值税专用发票，由甲方于审核后次月30日前进行进度款支付。",0.30 ,204000.00 ,0.00 ,,,,,,,0.00 ,,0.00 ,,,,,,,,,,,,,,,,,,,,,,,,,,,,,,,,,,,,,,,,,,,,,,,,,,,,,
,,,,,,,,,,,,,,,,,,,,,,,,,,,,5.00 ,展示区精装修竣工后15个工作日内请款并按甲方要求提交请款材料，乙方按照甲方审核后的金额，开具相应金额的增值税专用发票，由甲方于审核后次月30日前进行进度款支付。,0.05 ,34000.00 ,0.00 ,,,,,,,0.00 ,,0.00 ,,,,,,,,,,,,,,,,,,,,,,,,,,,,,,,,,,,,,,,,,,,,,,,,,,,,,
,,,,,,,,,,,,,,,,,,,,,,,,,,,,6.00 ,结算完成，后15个工作日内请款并按甲方要求提交请款材料，乙方按照甲方审核后的金额，开具相应金额的增值税专用发票，由甲方于审核后次月30日前进行结算款支付。,0.15 ,102000.00 ,0.00 ,,,,,,,0.00 ,,0.00 ,,,,,,,,,,,,,,,,,,,,,,,,,,,,,,,,,,,,,,,,,,,,,,,,,,,,,
,南沙,45726.00 ,南沙横沥岛30、31地块项目（西派尊府）,,2021NJY-12 地块西派尊府项目5#中间户200户型样板房硬装设计合同,CRCCRE-SJ-XM-2025-007,设计总包（精装外委）,,广州南沙横城置业有限公司,197.25㎡,1200元/㎡,236700.00 ,,,,,,,,,,,,,,236700.00 ,项目管理中心,1.00 ,合同签订并提交第一版概念性方案后 15 个工作日内请款并按甲方要求提交请款材料，乙方按照甲方审核后的金额，开具相应金额的增值税专用发票，由甲方于审核后次月30日前进行进度款支付。,0.15 ,35505.00 ,35505.00 ,产值确认单,45791.00 ,35505.00 ,45791.00 ,35505.00 ,45792.00 ,35505.00 ,45804.00 ,0.00 ,,,,,,,,,,,,,,,,,,,,,,,,35505.00 ,,,,,,,,,,,,,,35505.00 ,,,,,,,,,,,,,,,
,,,,,,,,,,,,,,,,,,,,,,,,,,,,2.00 ,"完成展示区概念设计,提交成果并得到甲方认可后15个工作日内请款并按甲方要求提交请款材料，乙方按照甲方审核后的金额，开具相应金额的增值税专用发票，由甲方于审核后次月30日前进行进度款支付。",0.25 ,59175.00 ,59175.00 ,产值确认单,45791.00 ,59175.00 ,45791.00 ,59175.00 ,45792.00 ,59175.00 ,45804.00 ,0.00 ,,,,,,,,,,,,,,,,,,,,,,,,59175.00 ,,,,,,,,,,,,,,59175.00 ,,,,,,,,,,,,,,,
,,,,,,,,,,,,,,,,,,,,,,,,,,,,3.00 ,完成展示区方案扩初设计阶段最终成果，经甲方书面确认后15个工作日内请款并按甲方要求提交请款材料，乙方按照甲方审核后的金额，开具相应金额的增值税专用发票，由甲方于审核后次月30日前进行进度款支付。,0.10 ,23670.00 ,0.00 ,,,,,,,0.00 ,,0.00 ,,,,,,,,,,,,,,,,,,,,,,,,,,,,,,,,,,,,,,,,,,,,,,,,,,,,,
,,,,,,,,,,,,,,,,,,,,,,,,,,,,4.00 ,"完成展示区精装施工图设计,提交成果并得到甲方认可后15个工作日内请款并按甲方要求提交请款材料，乙方按照甲方审核后的金额，开具相应金额的增值税专用发票，由甲方于审核后次月30日前进行进度款支付。",0.30 ,71010.00 ,0.00 ,,,,,,,0.00 ,,0.00 ,,,,,,,,,,,,,,,,,,,,,,,,,,,,,,,,,,,,,,,,,,,,,,,,,,,,,
,,,,,,,,,,,,,,,,,,,,,,,,,,,,5.00 ,展示区精装修竣工后15个工作日内请款并按甲方要求提交请款材料，乙方按照甲方审核后的金额，开具相应金额的增值税专用发票，由甲方于审核后次月30日前进行进度款支付。,0.05 ,11835.00 ,0.00 ,,,,,,,0.00 ,,0.00 ,,,,,,,,,,,,,,,,,,,,,,,,,,,,,,,,,,,,,,,,,,,,,,,,,,,,,
,,,,,,,,,,,,,,,,,,,,,,,,,,,,6.00 ,结算完成，后15个工作日内请款并按甲方要求提交请款材料，乙方按照甲方审核后的金额，开具相应金额的增值税专用发票，由甲方于审核后次月30日前进行结算款支付。,0.15 ,35505.00 ,0.00 ,,,,,,,0.00 ,,0.00 ,,,,,,,,,,,,,,,,,,,,,,,,,,,,,,,,,,,,,,,,,,,,,,,,,,,,,
,南沙,45748.00 ,南沙横沥岛26、27地块项目,,2021NJY-12地块项目026及027地块（商业部分）园林景观设计合同,CRCCRE-SJ-XM-2024-052,设计总包（景观外委）三方合同代付,,广州南沙横城置业有限公司,,,1951500.18 ,,,,,,,,,,,,,,1951500.18 ,项目管理中心,1.00 ,概念设计成果确认后15个工作日内请款，乙方按照甲方审核后的金额，开具相应金额的增值税专用发票并按甲方要求提交请款材料，由甲方于审核后，次月30日前付款。,0.25 ,487875.05 ,487875.05 ,产值确认单,45762.00 ,487875.05 ,45762.00 ,487875.05 ,45763.00 ,487875.05 ,45775.00 ,0.00 ,,,,,,,,,,,,,,,,,,,,,,,,487875.05 ,,,,,,,,,,,,,,487875.05 ,,,,,,,,,,,,,,,
,,,,,,,,,,,,,,,,,,,,,,,,,,,,2.00 ,方案设计成果确认后15个工作日内请款，乙方按照甲方审核后的金额，开具相应金额的增值税专用发票并按甲方要求提交请款材料，由甲方于审核后，次月30日前付款。,0.15 ,292725.03 ,0.00 ,,,,,,,0.00 ,,0.00 ,,,,,,,,,,,,,,,,,,,,,,,,,,,,,,,,,,,,,,,,,,,,,,,,,,,,,
,,,,,,,,,,,,,,,,,,,,,,,,,,,,3.00 ,扩初设计成果确认后15个工作日内请款，乙方按照甲方审核后的金额，开具相应金额的增值税专用发票并按甲方要求提交请款材料，由甲方于审核后，次月30日前付款。,0.20 ,390300.04 ,0.00 ,,,,,,,0.00 ,,0.00 ,,,,,,,,,,,,,,,,,,,,,,,,,,,,,,,,,,,,,,,,,,,,,,,,,,,,,
,,,,,,,,,,,,,,,,,,,,,,,,,,,,4.00 ,施工图设计成果确认后15个工作日内请款，乙方按照甲方审核后的金额，开具相应金额的增值税专用发票并按甲方要求提交请款材料，由甲方于审核后，次月30日前付款。,0.20 ,390300.04 ,0.00 ,,,,,,,0.00 ,,0.00 ,,,,,,,,,,,,,,,,,,,,,,,,,,,,,,,,,,,,,,,,,,,,,,,,,,,,,
,,,,,,,,,,,,,,,,,,,,,,,,,,,,5.00 ,大区施工现场配合完成，并得到甲方认可后15个工作日内请款，乙方按照甲方审核后的金额，开具相应金额的增值税专用发票并按甲方要求提交请款材料，由甲方于审核后，次月30日前付款。,0.05 ,97575.01 ,0.00 ,,,,,,,0.00 ,,0.00 ,,,,,,,,,,,,,,,,,,,,,,,,,,,,,,,,,,,,,,,,,,,,,,,,,,,,,
,,,,,,,,,,,,,,,,,,,,,,,,,,,,6.00 ,施工工程竣工验收合格，本合同办理完成结算后15个工作日内请款，乙方按照甲方审核后的金额，开具相应金额的增值税专用发票并按甲方要求提交请款材料，由甲方于审核后，次月30日前付款。,0.15 ,292725.03 ,0.00 ,,,,,,,0.00 ,,0.00 ,,,,,,,,,,,,,,,,,,,,,,,,,,,,,,,,,,,,,,,,,,,,,,,,,,,,,
,南沙,45839.00 ,南沙横沥岛26、27地块项目,,"2021NJY-12地块项目勘察设计施工总承包标段二)承包合同之2021NJY-12地块项目(标段二)设计合同补充协议(二)(住宅部分)
8号楼方案平面设计部分",CRCCRE-SJ-XM-2024-005-B1,设计总包（方案外委）,,广州南沙横城置业有限公司,27707.11㎡,24元/㎡,664970.56 ,,,,,,,,,,,,,,664970.56 ,项目管理中西，其中317167.20天汇,1.00 ,合同签订后，按甲方要求提供请款资料和合法有效的增值税专用发票并甲方审核确认无误后次月支付进度款,0.20 ,132994.11 ,132994.11 ,产值确认单,45848.00 ,132994.11 ,45848.00 ,132994.11 ,45849.00 ,132994.11 ,,0.00 ,,,,,,,,,,,,,,,,,,,,,,,,132994.11 ,,,,,,,,,,,,,,132994.11 ,,,,,,,,,,,,,,,
,,,,,,,,,,,,,,,,,,,,,,,,,,,,2.00 ,完成深化设计方案，经甲方确认后，按甲方要求提供请款资料和合法有效的增值税专用发票并甲方审核确认无误后次月支付进度款,0.20 ,132994.11 ,132994.11 ,产值确认单,45848.00 ,132994.11 ,45848.00 ,132994.11 ,45849.00 ,132994.11 ,,0.00 ,,,,,,,,,,,,,,,,,,,,,,,,132994.11 ,,,,,,,,,,,,,,132994.11 ,,,,,,,,,,,,,,,
,,,,,,,,,,,,,,,,,,,,,,,,,,,,3.00 ,完成单体报建取得工规证，经甲方确认后，按甲方要求提供请款资料和合法有效的增值税专用发票并甲方审核确认无误后次月支付进度款,0.20 ,132994.11 ,0.00 ,,,,,,,0.00 ,,0.00 ,,,,,,,,,,,,,,,,,,,,,,,,,,,,,,,,,,,,,,,,,,,,,,,,,,,,,
,,,,,,,,,,,,,,,,,,,,,,,,,,,,4.00 ,"协助施工图设计单位完成施工图设计及审查,经甲方确认后，按甲方要求提供请款资料和合法有效的增值税专用发票并甲方审核确认无误后次月支付进度款",0.20 ,132994.11 ,0.00 ,,,,,,,0.00 ,,0.00 ,,,,,,,,,,,,,,,,,,,,,,,,,,,,,,,,,,,,,,,,,,,,,,,,,,,,,
,,,,,,,,,,,,,,,,,,,,,,,,,,,,5.00 ,现场建筑封顶并外立面亮相后，按甲方要求提供请款资料和合法有效的增值税专用发票并甲方审核确认无误后次月支付进度款,0.10 ,66497.06 ,0.00 ,,,,,,,0.00 ,,0.00 ,,,,,,,,,,,,,,,,,,,,,,,,,,,,,,,,,,,,,,,,,,,,,,,,,,,,,
,,,,,,,,,,,,,,,,,,,,,,,,,,,,6.00 ,完成结算后，按甲方要求提供请款资料和合法有效的增值税专用发票并甲方审核确认无误后次月支付进度款,0.10 ,66497.06 ,0.00 ,,,,,,,0.00 ,,0.00 ,,,,,,,,,,,,,,,,,,,,,,,,,,,,,,,,,,,,,,,,,,,,,,,,,,,,,
,,,,,"2021NJY-12地块项目勘察设计施工总承包标段二)承包合同之2021NJY-12地块项目(标段二)设计合同补充协议(二)(住宅部分)
8号楼批量精装部分",CRCCRE-SJ-XM-2024-005-B1,"设计总包
（精装外委）",,广州南沙横城置业有限公司,,,116760.00 ,,,,,,,,,,,,,,116760.00 ,项目管理中心,1.00 ,合同签订并提交概念方案后，经甲方审核后，按甲方要求提供请款资料和合法有效的增值税专用发票并甲方审核确认无误后次月支付进度款,0.15 ,17514.00 ,0.00 ,,,,,,,0.00 ,,0.00 ,,,,,,,,,,,,,,,,,,,,,,,,,,,,,,,,,,,,,,,,,,,,,,,,,,,,,
,,,,,,,,,,,,,,,,,,,,,,,,,,,,2.00 ,精装概念设计完成经甲方确认，按甲方要求提供请款资料和合法有效的增值税专用发票并甲方审核确认无误后2个月内,0.25 ,29190.00 ,0.00 ,,,,,,,0.00 ,,0.00 ,,,,,,,,,,,,,,,,,,,,,,,,,,,,,,,,,,,,,,,,,,,,,,,,,,,,,
,,,,,,,,,,,,,,,,,,,,,,,,,,,,3.00 ,完成扩初阶段设计成果，经甲方审核后，按甲方要求提供请款资料和合法有效的增值税专用发票并甲方审核确认无误后次月支付进度款,0.10 ,11676.00 ,0.00 ,,,,,,,0.00 ,,0.00 ,,,,,,,,,,,,,,,,,,,,,,,,,,,,,,,,,,,,,,,,,,,,,,,,,,,,,
,,,,,,,,,,,,,,,,,,,,,,,,,,,,4.00 ,完成精装施工图设计，经甲方审核后，按甲方要求提供请款资料和合法有效的增值税专用发票并甲方审核确认无误后次月支付进度款,0.30 ,35028.00 ,0.00 ,,,,,,,0.00 ,,0.00 ,,,,,,,,,,,,,,,,,,,,,,,,,,,,,,,,,,,,,,,,,,,,,,,,,,,,,
,,,,,,,,,,,,,,,,,,,,,,,,,,,,5.00 ,精装修竣工后，经甲方审核后，按甲方要求提供请款资料和合法有效的增值税专用发票并甲方审核确认无误后次月支付进度款,0.15 ,17514.00 ,0.00 ,,,,,,,0.00 ,,0.00 ,,,,,,,,,,,,,,,,,,,,,,,,,,,,,,,,,,,,,,,,,,,,,,,,,,,,,
,,,,,,,,,,,,,,,,,,,,,,,,,,,,6.00 ,结算完成后，经甲方审核后，按甲方要求提供请款资料和合法有效的增值税专用发票并甲方审核确认无误后次月支付进度款,0.05 ,5838.00 ,0.00 ,,,,,,,0.00 ,,0.00 ,,,,,,,,,,,,,,,,,,,,,,,,,,,,,,,,,,,,,,,,,,,,,,,,,,,,,
,南沙,45736.00 ,南沙横沥岛30、31地块项目（西派尊府）,,"2021NJY-12地块项目勘察设计施工总承包（标段一）承包合同
之
2021NJY-12地块项目设计合同
补充协议（七）（住宅部分）",CRCCRE-SJ-XM-2023-074-B4,咨询+精审,,广州南沙横城置业有限公司,,固定总价,320000.00 ,,,,,,,,320000.00 ,,,,,,,,1.00 ,合同签订后，次月20日前乙方根据甲方要求提交请款材料和增值税专用发票并经甲方审核确认后，甲方于次月25日前支付,0.20 ,64000.00 ,64000.00 ,预估,46111.00 ,,,,,64000.00 ,46142.00 ,0.00 ,,,,,,,,,,,,,,,,,,64000.00 ,,,,,,,,,,,,,,,,,,,,64000.00 ,,,,,,,,,,,,,,,
,,,,,,,,,,,,,,,,,,,,,,,,,,,,2.00 ,乙方完成图纸优化及审查，且双方完成中期结算后，当月20日前乙方根据甲方要求提交请款材料和增值税专用发票并经甲方审核确认后，甲方于次月25日前支付,0.65 ,208000.00 ,208000.00 ,预估,46111.00 ,,,,,208000.00 ,46142.00 ,0.00 ,,,,,,,,,,,,,,,,,,208000.00 ,,,,,,,,,,,,,,,,,,,,208000.00 ,,,,,,,,,,,,,,,
,,,,,,,,,,,,,,,,,,,,,,,,,,,,3.00 ,项目整体竣工验收后，双方就本合同内全部优化成果进行验收结算，当月20日前乙方根据甲方要求提交请款材料和增值税专用发票并经甲方审核确认后，甲方于次月25日前支付,0.15 ,48000.00 ,0.00 ,,,,,,,0.00 ,,0.00 ,,,,,,,,,,,,,,,,,,,,,,,,,,,,,,,,,,,,,,,,,,,,,,,,,,,,,
71,外部,44196.00 ,张家口市纬一路（纬六地块）项目,/,张家口市纬一路（纬六地块）项目委托设计合同,CRCCRE-SJ-XM-2020-024,方案,,北京三磊建筑设计有限公司,,,80000.00 ,,,,,,,,,,,0.00 ,,,80000.00 ,,1.00 ,甲方应于每次收到建设单位付款后的30日内根据本合同约定向乙方支付相应的设计费。,1.00 ,80000.00 ,0.00 ,,,,,,,0.00 ,,0.00 ,,,,,0.00 ,0.00 ,0.00 ,80000.00 ,0.00 ,0.00 ,,,,,,,,,,,,,,,,,,,,,,,,,,,,,直委,OA,,,,,,,,,,,,,
72,华南,44203.00 ,"三亚东岸DA2-42-03地块项目（完成）	",CRCCRE-DC-XM-2020-007,中国铁建·海语东岸项目建筑设计咨询服务合同,CRCCRE-SJ-ZX-2020-018,咨询,,三亚中铁建置业开发有限公司,90059.03平方米,6元/平方米,540354.18 ,,,,,,,,540354.18 ,,,0.00 ,,,,,1.00 ,合同生效后次月30日前，甲方向乙方支付咨询服务费总金额的 20 %,0.20 ,108070.84 ,108070.84 ,产值确认单,44229.00 ,108070.84 ,44229.00 ,108070.84 ,44229.00 ,108070.84 ,44266.00 ,0.00 ,,完成,,,540354.18 ,540354.18 ,540354.18 ,0.00 ,0.00 ,0.00 ,,,,,,,,108070.84 ,,,,,,,,,,,,,,108070.84 ,,,,,,,直委,OA,,,,,,,,,,,,,
,,,,,,,,,,,,,,,,,,,,,,,,,,,,2.00 ,方提交第一版全专业施工图设计咨询报告并经甲方确认通过后次月30日前，甲方向乙方支付咨询服务费总金额的 60 %。,0.60 ,324212.50 ,324212.50 ,产值确认单,44229.00 ,324212.50 ,44229.00 ,324212.50 ,44229.00 ,324212.50 ,44266.00 ,0.00 ,,,,,,,,,,,,,,,,,,324212.50 ,,,,,,,,,,,,,,324212.50 ,,,,,,,,,,,,,,,,,,,,,
,,,,,,,,,,,,,,,,,,,,,,,,,,,,3.00 ,甲方完成施工图审查并取得审查合格证后次月30日前，甲方向乙方支付咨询服务费总金额的 20  %,0.20 ,108070.84 ,108070.84 ,产值确认单,44229.00 ,108070.84 ,44229.00 ,108070.84 ,44229.00 ,108070.84 ,44266.00 ,0.00 ,,,,,,,,,,,,,,,,,,108070.84 ,,,,,,,,,,,,,,108070.84 ,,,,,,,,,,,,,,,,,,,,,
73,华南,44216.00 ,番禺项目（完成）,CRCCRE-DC-XM-2020-035,"中国铁建番禺安美厂项目
地下室管线BIM建模及管综优化服务合同",CRCCRE-SJ-BIM-2020-028,BIM,,广州市番禺区顺诚房地产有限公司,地下室35112.91平方米,地下室管综优化7.5/平米,263346.83 ,,,,,,,,,263346.83 ,,0.00 ,,,,,1.00 ,本协议签订且BIM设计咨询工作开展后30天内支付。,0.20 ,52669.37 ,52669.37 ,产值确认单,44336.00 ,52669.37 ,44336.00 ,52669.37 ,44336.00 ,52669.37 ,44400.00 ,0.00 ,,完成,,,237012.15 ,237012.15 ,237012.15 ,26334.68 ,0.00 ,0.00 ,,,,,,,,,52669.37 ,,,,,,,,,,,,,,52669.37 ,,,,,,直委,OA,,,,,,,,,,,,,
,,,,,,,,,,,,,,,,,,,,,,,,,,,,2.00 ,乙方提交第一版地下室管线 BIM 模型经甲方审核确认后，次月25日前。,0.60 ,158008.10 ,158008.10 ,产值确认单,44336.00 ,158008.10 ,44336.00 ,158008.10 ,44336.00 ,158008.10 ,44400.00 ,0.00 ,,,,,,,,,,,,,,,,,,,158008.10 ,,,,,,,,,,,,,,158008.10 ,,,,,,,,,,,,,,,,,,,,
,,,,,,,,,,,,,,,,,,,,,,,,,,,,3.00 ,乙方提交地下室管线优化 BIM 模型及 BIM 优化报告后，双方办理结算且经甲方确认后次月25日前付结算款余款。,结算余款,52669.37 ,26334.68 ,产值确认单,44336.00 ,26334.68 ,44336.00 ,26334.68 ,44336.00 ,26334.68 ,44400.00 ,0.00 ,,,,,,,,,,,,,,,,,,,26334.68 ,,,,,,,,,,,,,,26334.68 ,,,,,,,,,,,,,,,,,,,,
73,北方,44226.00 ,"正定项目B号地块咨询
（完成）",CRCCRE-DC-XM-2020-095,中国铁建花语城B地块设计咨询服务合同,CRCCRE-SJ-ZX-2020-017,咨询,CRCCRE-BF-HBXT-HYCBQ-QQ-2020-052,河北兴铁房地产开发有限公司,114182.39 ,咨询：7元/平方,799276.73 ,,,,,,,,799276.73 ,,,0.00 ,,,,,1.00 ,合同签订后30个工作日内，付该地块咨询费用的20%。,0.20 ,159855.35 ,159855.35 ,产值确认单,44452.00 ,159855.35 ,44452.00 ,159855.35 ,44452.00 ,159855.35 ,44468.00 ,0.00 ,一年期铁建银信,,,,799276.73 ,799276.73 ,799276.73 ,0.00 ,0.00 ,0.00 ,,,,,,,,159855.35 ,,,,,,,,,,,,,,159855.35 ,,,,,,,直委,OA,,,,,,,,,,,,,
,,,,,,,,,,,,,,,,,,,,,,,,,,,,2.00 ,乙方完成方案阶段的设计咨询工作，提交电子版《方案阶段设计咨询意见》，甲方取得建设工程规划许可证后，30个工作日内，双方根据建设工程规划许可证面积进行结算，付至结算费用的40%,0.20 ,159855.35 ,159855.35 ,产值确认单,44452.00 ,159855.35 ,44452.00 ,159855.35 ,44452.00 ,159855.35 ,44468.00 ,0.00 ,一年期铁建银信,,,,,,,,,,,,,,,,,159855.35 ,,,,,,,,,,,,,,159855.35 ,,,,,,,,,,,,,,,,,,,,,
,,,,,,,,,,,,,,,,,,,,,,,,,,,,3.00 ,乙方完成施工图阶段的设计咨询工作且向甲方提交优化成果（包括但不限于优化后的设计文件、设计咨询意见书），全专业施工图通过甲方委托的第三方审核，并取得施工图审查合格通知书后，30个工作日内，付至结算费用的98%,0.58 ,463580.50 ,463580.50 ,产值确认单,44452.00 ,463580.50 ,44452.00 ,463580.50 ,44452.00 ,463580.50 ,44468.00 ,0.00 ,一年期铁建银信,,,,,,,,,,,,,,,,,463580.50 ,,,,,,,,,,,,,,463580.50 ,,,,,,,,,,,,,,,,,,,,,
,,,,,,,,,,,,,,,,,,,,,,,,,,,,4.00 ,乙方配合甲方以及与本工程施工所有相关单位至竣工验收并取得竣工备案表，双方办理最终结算手续，按照建设工程规划许可证建筑面积结算并支付余下的设计费。,0.02 ,15985.53 ,15985.53 ,产值确认单,44858.00 ,15985.53 ,44859.00 ,15985.53 ,45663.00 ,15985.53 ,45680.00 ,0.00 ,,,,,,,,,,,,,,,,,,15985.53 ,,,,,,,,,,,,,,15985.53 ,,,,,,,,,,,,,,,,,,,,,
74,南沙,43837.00 ,方案设计框架协议,/,项目拿地规划概念方案设计合同,CRCCRE-SJ-CZ-2020-001,可研,,广州南沙中铁实业发展有限公司,/,按照建设用地面积进行取费，10 公顷以下重点类为 8 万元/项；竞争类为5 万元/公顷；机会类为2万元/公顷。10 公顷以上重点类为10万元/项；竞争类为7万元/公顷；机会类为3万元/公顷。,500000.00 ,0.00 ,0.00 ,167000.00 ,166000.00 ,167000.00 ,0.00 ,,0.00 ,0.00 ,0.00 ,0.00 ,,,0.00 ,/,可研-1,台账自协议签订起计算，每个季度为一结算周期，结算工作量为本周期内已完成的项目。乙方应于每季度最后1个月统计本季度完成工作量，并于当月25日前，按甲方要求提交本季度各项目完成情况的相关资料（包括不限于台账、请款函等），甲方确认无误后将于次月底向乙方支付相应款项。,0.20 ,100000.00 ,100000.00 ,开票,44300.00 ,/,/,100000.00 ,44300.00 ,100000.00 ,44312.00 ,0.00 ,广州市南沙区南沙湾英东大道地块项目创二2.5万、广州市南沙区横沥岛 DH0502单元居住地块项目创二5万创三2.5万,同节点,,/,100000.00 ,100000.00 ,100000.00 ,400000.00 ,0.00 ,0.00 ,,,,75000.00 ,25000.00 ,,,,,,,,,,,,0.00 ,75000.00 ,25000.00 ,,,,,,,,,,比选,OA,,,,,,,,,,,,,
,,,,,,,,,,,,,,,,,,,,,,,,,,,,可研-2,台账自协议签订起计算，每个季度为一结算周期，结算工作量为本周期内已完成的项目。乙方应于每季度最后1个月统计本季度完成工作量，并于当月25日前，按甲方要求提交本季度各项目完成情况的相关资料（包括不限于台账、请款函等），甲方确认无误后将于次月底向乙方支付相应款项。,1.06 ,530000.00 ,530000.00 ,产值确认单,44921.00 ,530000.00 ,44921.00 ,530000.00 ,45280.00 ,530000.00 ,45288.00 ,0.00 ,创一：广州南沙区珠江街一涌项目（地块一）（5万）、广州南沙区横沥岛三多涌以东项目（地块二DH05001014/15）（5万）、广州南沙区横沥岛大元路以北项目（地块三DH501051）（5万）创二：广州市南沙区南沙湾2020NJY-9地块（2万）、广州市南沙区国科大配建项目（横沥岛）DH0506008地块（5万）、广州市南沙区国科大配建项目（横沥岛）DH0506013地块（5万）、广州庆盛智谷地块项目（2万）、庆盛枢纽区块DC0303045、DC0303046、DC0303048、DC0303049、DC0303050地块项目（5万）、广州市南沙区横沥岛DH0505009、DH0505019地块（2万）、广州市南沙区横沥岛DH0506007地块（5万）、广州市南沙蕉门河片区F2-29地块（2万）、佛山容桂大岗山项目（5万）、广州增城区L-01-01、L-02-01、L-03-01、L-04-01、L-06-01地块（3万）、广州南沙灵山岛地块项目（2万）,,,,,,,,,,,,150000.00 ,380000.00 ,,,,,,,,,,,,,150000.00 ,380000.00 ,,,,,,,,,,,,,,,,,,,,,,,,,
,南沙,44589.00 ,可研框架协议,,中国铁建南沙公司2022-2024年度前期强排规划概念方案设计战略合作协议,CRCCRE-SJ-CZ-2022-002,可研,,中铁建南沙投资发展有限公司,/,10公顷以上：重点类11万元/项；竞争类8万元/项；机会类3万元/项；10公顷以下：重点类8万元/项；竞争类5万元/项；机会类2万元/项,1000000.00 ,,,500000.00 ,500000.00 ,,,,,,,,,,,,可研,以单个强排项目为单位结算,/,/,190000.00 ,产值确认单,44921.00 ,190000.00 ,44921.00 ,,,0.00 ,,,"创一：佛山顺控工业地大富山项目（2万）、佛山顺控工业地金斗工业区项目（2万）、广州南沙区黄阁镇亭角梅糖西侧地块项目（3万）、广州南沙区黄阁镇亭角梅糖东侧地块项目（2万）、广州市花都区凤凰西二地块（5万）；
创二：南沙金岭地块项目（5万）",,,,,,,,,,,,140000.00 ,50000.00 ,,,,,,,,,,,,,,,,,,,,,,,,,,,,,,,,,,,,,,,
,,,,,,,,,,,,,,,,,,,,,,,,,,,,,,,,500000.00 ,产值确认单,45287.00 ,500000.00 ,45287.00 ,,,0.00 ,,,"创一：南沙坦尾融资地块项目（投标5万）
创二：珠江街17号路北侧地块项目（20万）、广州白云黄金围项目（2万）、佛山千灯湖海八路项目（5万）、南沙青年创意社区项目（10万）、南沙区慧谷西项目片区概念方案（8万）",,,,,,,,,,,,50000.00 ,450000.00 ,,,,,,,,,,,,,,,,,,,,,,,,,,,,,,,,,,,,,,,
75,南沙,43662.00 ,南沙海悦国际项目（完结）,无,中国铁建海悦国际项目工程设计委托管理服务合同,CRCCRE-SJ-CZ-2019-008,管理,,广州南沙京沙置业有限公司,/,"方案20.4元/㎡,管理费3.8元/㎡",5929000.00 ,0.00 ,5929000.00 ,0.00 ,0.00 ,0.00 ,0.00 ,,0.00 ,0.00 ,0.00 ,0.00 ,,,0.00 ,创作中心：4998000元,方案-1,合同签订15个日历日内支付,0.20 ,1185800.00 ,1185800.00 ,开票,43691.00 ,1185800.00 ,/,1185800.00 ,43691.00 ,1185800.00 ,43762.00 ,0.00 ,,同节点,,/,5902643.29 ,5902643.29 ,5902643.29 ,26356.71 ,0.00 ,0.00 ,,1185800.00 ,,,,,,,,,,,,,,1185800.00 ,,,,,,,,,,,,,招标,OA,,,,,,,,,,,,,
,,,,,,,,,,,,,,,,,,,,,,,,,,,,方案-2,概规方案完成，即总图设计成果提交，并得到甲方书面确认函之日起15个日历日内支付,0.30 ,1778700.00 ,1778700.00 ,开票,43719.00 ,1778700.00 ,/,1778700.00 ,43719.00 ,1778700.00 ,43787.00 ,0.00 ,,同节点,,/,,,,,,,,1778700.00 ,,,,,,,,,,,,,,1778700.00 ,,,,,,,,,,,,,,,,,,,,,,,,,,,
,,,,,,,,,,,,,,,,,,,,,,,,,,,,方案-3,建筑方案深化完成，即典型单体（平、立、剖面图）设计完成并得到甲方书面确认函之日起15个日历日内支付,0.20 ,1185800.00 ,1185800.00 ,开票,43752.00 ,1185800.00 ,/,1185800.00 ,43752.00 ,1185800.00 ,43811.00 ,0.00 ,,同节点,,/,,,,,,,,1185800.00 ,,,,,,,,,,,,,,1185800.00 ,,,,,,,,,,,,,,,,,,,,,,,,,,,
,,,,,,,,,,,,,,,,,,,,,,,,,,,,方案-4,方案调整、修改完成并通过政府审查后（规划复函）15个日历日内支付,0.25 ,1482250.00 ,1482250.00 ,开票,43804.00 ,1482250.00 ,/,1482250.00 ,43804.00 ,1482250.00 ,43853.00 ,0.00 ,,同节点,,/,,,,,,,,1482250.00 ,,,,,,,,,,,,,,1482250.00 ,,,,,,,,,,,,,,,,,,,,,,,,,,,
,,,,,,,,,,,,,,,,,,,,,,,,,,,,方案-5,施工配合、竣工验收完成、结算完毕15个日历日内支付,0.05 ,296450.00 ,270093.29 ,产值确认单,45440.00 ,270093.29 ,45440.00 ,270093.29 ,45440.00 ,270093.29 ,45468.00 ,0.00 ,,,,,,,,,,,,,,,,,,,,,,,,270093.29 ,,,,,,,,,,,,,,270093.29 ,,,,,,,,,,,,,,,
76,华南,43593.00 ,广州白云区高铁站项目,无,广州白云区高铁站开发项目咨询顾问服务合同,CRCCRE-SJ-CH-2019-002,可研,,中铁房地产集团华南有限公司,,单项目：29.8万元,298000.00 ,149000.00 ,0.00 ,149000.00 ,0.00 ,0.00 ,0.00 ,,0.00 ,0.00 ,0.00 ,0.00 ,,,0.00 ,/,策划-1,乙方完成甲方最终认可的顾问服务报告，在甲方验收并作出书面确认后，次月30日前支付,0.85 ,253300.00 ,253300.00 ,产值确认单,43654.00 ,253300.00 ,43654.00 ,253300.00 ,43692.00 ,253300.00 ,43709.00 ,0.00 ,,同节点,,43692.00 ,298000.00 ,253300.00 ,298000.00 ,0.00 ,44700.00 ,-44700.00 ,126650.00 ,,126650.00 ,,,,,,,,,,,,126650.00 ,,126650.00 ,,,,,,,,,,,,比选,OA,,,,,,,,,,,,,
,,,,,,,,,,,,,,,,,,,,,,,,,,,,策划-2,合同服务期（2年）届满后次月30日前再支付剩余合同款,0.15 ,44700.00 ,44700.00 ,产值确认单,43654.00 ,44700.00 ,43654.00 ,0.00 ,,44700.00 ,,0.00 ,,同节点,,43692.00 ,,,,,,,22350.00 ,,22350.00 ,,,,,,,,,,,,22350.00 ,,22350.00 ,,,,,,,,,,,,,,,,,,,,,,,,,,
77,华南,43706.00 ,广州镇龙站项目,无,广州镇龙站交通枢纽项目咨询顾问服务合同,CRCCRE-SJ-CH-2019-005,可研,,中铁房地产集团华南有限公司,/,单项目：21万元,210000.00 ,110000.00 ,0.00 ,100000.00 ,0.00 ,0.00 ,0.00 ,,0.00 ,0.00 ,0.00 ,0.00 ,,,0.00 ,/,策划-1,乙方完成甲方最终认可的顾问服务报告，在甲方验收并作出书面确认后，次月30日前支付,0.85 ,178500.00 ,178500.00 ,产值确认单,43814.00 ,178500.00 ,43814.00 ,178500.00 ,43922.00 ,178500.00 ,43979.00 ,0.00 ,缺少呈批件,同节点,,43814.00 ,210000.00 ,178500.00 ,210000.00 ,0.00 ,31500.00 ,-31500.00 ,93500.00 ,,85000.00 ,,,,,,,,,,,,93500.00 ,,85000.00 ,,,,,,,,,,,,比选,OA,,,,,,,,,,,,,
,,,,,,,,,,,,,,,,,,,,,,,,,,,,策划-2,合同服务期（2年）届满后次月30日前再支付剩余合同款,0.15 ,31500.00 ,31500.00 ,产值确认单,43814.00 ,31500.00 ,43814.00 ,0.00 ,,31500.00 ,,0.00 ,,同节点,,43814.00 ,,,,,,,16500.00 ,,15000.00 ,,,,,,,,,,,,16500.00 ,,15000.00 ,,,,,,,,,,,,,,,,,,,,,,,,,,
78,华南,43791.00 ,福州南站项目,无,福州南站项目概念发展咨询顾问服务合同,CRCCRE-SJ-CH-2019-009,可研,,中铁房地产集团华南有限公司,/,单项目：21万元,210000.00 ,110000.00 ,0.00 ,100000.00 ,0.00 ,0.00 ,0.00 ,,0.00 ,0.00 ,0.00 ,0.00 ,,,0.00 ,/,策划-1,乙方完成甲方最终认可的顾问服务报告，在甲方验收并作出书面确认后，次月30日前支付,0.85 ,178500.00 ,178500.00 ,产值确认单,43814.00 ,178500.00 ,43814.00 ,178500.00 ,43922.00 ,178500.00 ,43997.00 ,0.00 ,,同节点,财务系统已走到合同收票，预计6月初回款,43814.00 ,210000.00 ,178500.00 ,210000.00 ,0.00 ,31500.00 ,-31500.00 ,93500.00 ,,85000.00 ,,,,,,,,,,,,93500.00 ,,85000.00 ,,,,,,,,,,,,比选,OA,,,,,,,,,,,,,
,,,,,,,,,,,,,,,,,,,,,,,,,,,,策划-2,合同服务期（2年）届满后次月30日前再支付剩余合同款,0.15 ,31500.00 ,31500.00 ,产值确认单,43814.00 ,31500.00 ,43814.00 ,0.00 ,,31500.00 ,,0.00 ,,同节点,,43814.00 ,,,,,,,16500.00 ,,15000.00 ,,,,,,,,,,,,16500.00 ,,15000.00 ,,,,,,,,,,,,,,,,,,,,,,,,,,
79,华南,43760.00 ,惠州北站综合开发项目,无,惠州北站综合开发项目咨询顾问服务合同,CRCCRE-SJ-CH-2019-008,可研,,中铁房地产集团华南有限公司,/,单项目：  28万元,280000.00 ,180000.00 ,0.00 ,100000.00 ,0.00 ,0.00 ,0.00 ,,0.00 ,0.00 ,0.00 ,0.00 ,,,0.00 ,/,策划-1,乙方完成甲方最终认可的顾问服务报告，在甲方验收并作出书面确认后，次月30日前支付,0.85 ,238000.00 ,238000.00 ,产值确认单,43814.00 ,238000.00 ,43814.00 ,238000.00 ,43922.00 ,238000.00 ,43979.00 ,0.00 ,,同节点,,43814.00 ,280000.00 ,238000.00 ,280000.00 ,0.00 ,42000.00 ,-42000.00 ,153000.00 ,,85000.00 ,,,,,,,,,,,,153000.00 ,,85000.00 ,,,,,,,,,,,,比选,OA,,,,,,,,,,,,,
,,,,,,,,,,,,,,,,,,,,,,,,,,,,策划-2,合同服务期（2年）届满后次月30日前再支付剩余合同款,0.15 ,42000.00 ,42000.00 ,产值确认单,43814.00 ,42000.00 ,43814.00 ,0.00 ,,42000.00 ,,0.00 ,由于广州白云、镇龙、福州南站创一的工作量在各自合同额中切分不够，故惠州合同虽无工作量但跟创一切分产值作为补偿,同节点,,43814.00 ,,,,,,,27000.00 ,,15000.00 ,,,,,,,,,,,,27000.00 ,,15000.00 ,,,,,,,,,,,,,,,,,,,,,,,,,,
80,华南,43644.00 ,框架协议（珠海）,无,地块项目咨询顾问服务委托合同书,CRCCRE-SJ-CH-2019-007,可研,,佛山市顺德区顺嘉房地产有限公司,/,满足集团要求的单宗/单项目地块前期策划顾问10+满足集团要求的单宗/单项目，用地面积10公顷及以下地块的初步概念设计方案10,1000000.00 ,500000.00 ,0.00 ,166000.00 ,167000.00 ,167000.00 ,0.00 ,,0.00 ,0.00 ,0.00 ,0.00 ,,,0.00 ,/,策划-1     方案-1,珠海258亩地块项目可研方案10、珠海258亩地块项目策划可研报告10、江门人才岛项目概念设计方案10、江门人才岛项目策划方案10               ,0.40 ,400000.00 ,400000.00 ,开票,43770.00 ,400000.00 ,43770.00 ,400000.00 ,43795.00 ,400000.00 ,43800.00 ,0.00 ,,同节点,,/,700000.00 ,400000.00 ,400000.00 ,300000.00 ,300000.00 ,0.00 ,200000.00 ,,,,200000.00 ,,,,,,,,,,200000.00 ,,,,200000.00 ,,,,,,,,,,比选,OA,,,,,,,,,,,,,
,,,,,,,,,,,,,,,,,,,,,,,,,,,,策划-2     方案-2,广州江门联合项目策划可研报告10、顺德青创示范基地策划可研项目10、顺德青创示范基地项目概念规划设计10（设计）,0.30 ,300000.00 ,300000.00 ,产值确认单,43809.00 ,300000.00 ,43809.00 ,,,0.00 ,,300000.00 ,,同节点,坏账,/,,,,,,,200000.00 ,,,100000.00 ,,,,,,,,,,,,,,,,,,,,,,,,,,,,,,,,,,,,,,,
,,,,,,,,,,,,,,,,,,,,,,,,,,,,策划-3     方案-3,,0.30 ,300000.00 ,0.00 ,,,,,,,0.00 ,,0.00 ,,,,,,,,,,,,,,,,,,,,,,,,,,,,,,,,,,,,,,,,,,,,,,,,,,,,,
81,华南,43115.00 ,领秀公馆北区（莘村）项目（完成）,无,中铁建佛山市顺德区北滘镇莘村180054-002地块项目规划、建筑方案及建筑设计咨询服务合同,CRCCRE-SJ-CZ-2018-005,方案+咨询,,佛山市顺德区顺嘉房地产有限公司,297478.00 ,住宅方案设计：20元/平米 ；     施工图咨询：5元/㎡,7436950.00 ,0.00 ,0.00 ,5949560.00 ,0.00 ,0.00 ,0.00 ,,1487390.00 ,0.00 ,0.00 ,0.00 ,,,0.00 ,创作一室：59.4956万元,方案-1,合同签订5个工作日内支付,0.20 ,1189912.00 ,1189912.00 ,开票,43175.00 ,1189912.00 ,/,1189912.00 ,43175.00 ,1189912.00 ,43207.00 ,0.00 ,规证面积为300469.57,完成,,,7511739.25 ,7511739.25 ,7511739.25 ,0.00 ,0.00 ,0.00 ,,,1189912.00 ,,,,,,,,,,,,,,1189912.00 ,,,,,,,,,,,,招标,OA,,,,,,,,,,,,,
,,,,,,,,,,,,,,,,,,,,,,,,,,,,方案-2,图、典型单体（平、立、剖面图）设计完成并得到甲方书面确认函之日起5个工作日内支付,0.50 ,2974780.00 ,2974780.00 ,开票,43285.00 ,2974780.00 ,/,2974780.00 ,43285.00 ,2974780.00 ,43318.00 ,0.00 ,,,,,,,,,,,,,2974780.00 ,,,,,,,,,,,,,,2974780.00 ,,,,,,,,,,,,,,,,,,,,,,,,,,
,,,,,,,,,,,,,,,,,,,,,,,,,,,,方案-3,方案调整、修改完成并通过政府审查后（规划复函）5个工作日内支付,0.25 ,1487390.00 ,1487390.00 ,开票,43348.00 ,1487390.00 ,/,1487390.00 ,43348.00 ,1487390.00 ,43419.00 ,0.00 ,,,,,,,,,,,,,1487390.00 ,,,,,,,,,,,,,,1487390.00 ,,,,,,,,,,,,,,,,,,,,,,,,,,
,,,,,,,,,,,,,,,,,,,,,,,,,,,,方案-4,施工配合、竣工验收完成、结算完毕5个工作日内支付,0.05 ,297478.00 ,357309.40 ,产值确认单,44383.00 ,357309.40 ,44382.00 ,357309.40 ,44383.00 ,357309.40 ,44405.00 ,0.00 ,,,,,,,,,,,,,357309.40 ,,,,,,,,,,,,,,357309.40 ,,,,,,,,,,,,,,,,,,,,,,,,,,
,,,,,,,,,,,,,,,,,,,,,,,,,,,,咨询-1,合同签订甲方在提交全部设计资料给乙方后,0.20 ,297478.00 ,297478.00 ,开票,43175.00 ,297478.00 ,/,297478.00 ,43175.00 ,297478.00 ,43207.00 ,0.00 ,,,,/,,,,,,,,,,,,,,297478.00 ,,,,,,,,,,,,,,297478.00 ,,,,,,,直接委托,OA,,,,,,,,,,,,,
,,,,,,,,,,,,,,,,,,,,,,,,,,,,咨询-2,乙方完成方案阶段的设计咨询工作并经甲方认可后,0.30 ,446217.00 ,446217.00 ,开票,43285.00 ,446217.00 ,/,446217.00 ,43285.00 ,446217.00 ,43318.00 ,0.00 ,,,,/,,,,,,,,,,,,,,446217.00 ,,,,,,,,,,,,,,446217.00 ,,,,,,,,,,,,,,,,,,,,,
,,,,,,,,,,,,,,,,,,,,,,,,,,,,咨询-3,乙方完成施工图阶段的设计咨询工作并经甲方认可后,0.50 ,743695.00 ,743695.00 ,开票,43348.00 ,743695.00 ,/,743695.00 ,43348.00 ,743695.00 ,43419.00 ,0.00 ,,,,/,,,,,,,,,,,,,,743695.00 ,,,,,,,,,,,,,,743695.00 ,,,,,,,,,,,,,,,,,,,,,
,,,,,,,,,,,,,,,,,,,,,,,,,,,,,,,,14957.85 ,产值确认单,44383.00 ,14957.85 ,44382.00 ,14957.85 ,44383.00 ,14957.85 ,44405.00 ,0.00 ,,,,,,,,,,,,,,,,,,14957.85 ,,,,,,,,,,,,,,14957.85 ,,,,,,,,,,,,,,,,,,,,,
82,华南,43138.00 ,顺德大良（完结）凤语潮鸣,无,中铁建佛山市顺德区大良126112-081地块项目规划、建筑方案及建筑设计咨询服务合同,CRCCRE-SJ-CZ-2018-008,管理+咨询,,佛山市顺德区顺昊房地产有限公司,229638.00 ,全过程咨询：7元/㎡方案：19元/㎡,5970588.00 ,0.00 ,4363122.00 ,0.00 ,0.00 ,0.00 ,0.00 ,,1607466.00 ,0.00 ,0.00 ,0.00 ,,,0.00 ,/,方案-1 咨询-1,合同签订5个工作日内,0.20 ,1194117.60 ,1194117.60 ,开票,43175.00 ,1194117.60 ,/,1194117.60 ,43175.00 ,1194117.60 ,43207.00 ,0.00 ,,同节点,,43237.00 ,6068898.68 ,6068898.68 ,6068898.68 ,-98310.68 ,0.00 ,0.00 ,,872624.40 ,,,,,,321493.20 ,,,,,,,,872624.40 ,,,,,,321493.20 ,,,,,,,直接委托,OA,,,,,,,,,,,,,
,,,,,,,,,,,,,,,,,,,,,,,,,,,,方案-2 咨询-2,总图、典型单体（平、立、剖面图）设计完成并得到甲方书面确认函之日起5个工作日内,0.50 ,2985294.00 ,2985294.00 ,开票,43285.00 ,2985294.00 ,/,2985294.00 ,43285.00 ,2985294.00 ,43307.00 ,0.00 ,,同节点,,43655.00 ,,,,,,,,2181561.00 ,,,,,,803733.00 ,,,,,,,,2181561.00 ,,,,,,803733.00 ,,,,,,,,,,,,,,,,,,,,,
,,,,,,,,,,,,,,,,,,,,,,,,,,,,方案-3 咨询-3,方案调整、修改完成并通过政府审查后（规划复函）5个工作日内支付,0.25 ,1492647.00 ,1492647.00 ,开票,43447.00 ,1492647.00 ,/,1492647.00 ,43447.00 ,1492647.00 ,43493.00 ,0.00 ,,,,,,,,,,,,1090780.50 ,,,,,,401866.50 ,,,,,,,,1090780.50 ,,,,,,401866.50 ,,,,,,,,,,,,,,,,,,,,,
,,,,,,,,,,,,,,,,,,,,,,,,,,,,方案-4 咨询-4,施工配合、竣工验收完成、结算完毕5个工作日内支付,0.05 ,298529.40 ,396840.08 ,产值确认单,45001.00 ,396840.08 ,45001.00 ,396840.08 ,45001.00 ,396840.08 ,45071.00 ,0.00 ,"付款至95%
（规证面积：233419.18）",预计11月底竣工,,,,,,,,,,,,,,,,106841.56 ,,,,,,289998.52 ,,,,,,,,106841.56 ,,,,,,289998.52 ,,,,,,,,,,,,,,,
83,南沙,43116.00 ,南沙坦尾项目（完结）,无,中国铁建坦尾项目（住宅）建筑规划方案设计合同,CRCCRE-SJ-CZ-2017-023,方案,,广州南沙中铁实业发展有限公司,490000.00 ,方案22元/㎡,10780000.00 ,0.00 ,0.00 ,10780000.00 ,0.00 ,0.00 ,0.00 ,,0.00 ,0.00 ,0.00 ,0.00 ,,,0.00 ,无,方案-1,合同签订后，次月25日前,0.20 ,2156000.00 ,2156000.00 ,开票,43116.00 ,/,/,2156000.00 ,43116.00 ,2156000.00 ,,0.00 ,,同节点,,,11502346.68 ,11502346.68 ,11502346.68 ,-722346.68 ,0.00 ,0.00 ,,,2156000.00 ,,,,,,,,,,,,,,2156000.00 ,,,,,,,,,,,,直接委托,OA,,,,,,,,,,,,,
,,,,,,,,,,,,,,,,,,,,,,,,,,,,方案-2,总图、典型单体（平、立、剖面图）设计完成并得到发包人书面确认函之日，次月25日前,0.50 ,5390000.00 ,5390000.00 ,开票,43629.00 ,/,/,5390000.00 ,43629.00 ,5390000.00 ,43675.00 ,0.00 ,,同节点,,/,,,,,,,,,5390000.00 ,,,,,,,,,,,,,,5390000.00 ,,,,,,,,,,,,,,,,,,,,,,,,,,
,,,,,,,,,,,,,,,,,,,,,,,,,,,,方案-3,方案调整、修改完成并通过政府审查后（规划复函），次月25日前,0.25 ,2695000.00 ,2695000.00 ,产值确认单,45652.00 ,2695000.00 ,45651.00 ,2695000.00 ,45847.00 ,2695000.00 ,45869.00 ,0.00 ,10%计入咨询中心,同节点,,/,,,,,,,,,393426.66 ,1978173.34 ,,,,323400.00 ,,,,,,,,,393426.66 ,1978173.34 ,,,,323400.00 ,,,,,,,,,,,,,,,,,,,,,
,,,,,,,,,,,,,,,,,,,,,,,,,,,,方案-4,施工配合、竣工验收完毕，次月25日前,0.05 ,539000.00 ,1261346.68 ,产值确认单,45652.00 ,1261346.68 ,45651.00 ,1261346.68 ,45847.00 ,1261346.68 ,45869.00 ,0.00 ,,同节点,,/,,,,,,,,,1261346.68 ,,,,,,,,,,,,,,1261346.68 ,,,,,,,,,,,,,,,,,,,,,,,,,,
84,华南,43336.00 ,领秀公馆北区（莘村）项目（完结）,无,中国铁建·领秀公馆（北区）地下室BIM管综优化、BIM精装等BIM应用咨询服务合同,CRCCRE-SJ-BIM-2018-007,BIM,,佛山市顺德区顺嘉房地产有限公司,296485.90 ,地下室管综7.5元/㎡；大堂精装修BIM建模150元/㎡；   全专业建模4元/㎡；,478013.00 ,0.00 ,0.00 ,0.00 ,0.00 ,0.00 ,0.00 ,,0.00 ,478013.00 ,0.00 ,0.00 ,,,0.00 ,/,BIM-1,合同签订后，次月25日前付定金,0.20 ,95602.60 ,95600.00 ,开票,43467.00 ,95600.00 ,/,95600.00 ,43467.00 ,95600.00 ,43498.00 ,0.00 ,,完成,,,430200.00 ,430200.00 ,430200.00 ,47813.00 ,0.00 ,0.00 ,,,,,,,,,95600.00 ,,,,,,,,,,,,,,95600.00 ,,,,,,直接委托,OA,,,,,,,,,,,,,
,,,,,,,,,,,,,,,,,,,,,,,,,,,,BIM-2,乙方完成地下室BIM模型及管综优化报告且经甲方确认后次月25日前,0.40 ,191205.20 ,191200.00 ,开票,43651.00 ,191200.00 ,/,191200.00 ,43651.00 ,191200.00 ,43682.00 ,0.00 ,,,,/,,,,,,,,,,,,,,,191200.00 ,,,,,,,,,,,,,,191200.00 ,,,,,,,,,,,,,,,,,,,,
,,,,,,,,,,,,,,,,,,,,,,,,,,,,BIM-3,乙方完成所有BIM模型并提交相关报告且经甲方确认后次月25日前,0.30 ,143403.90 ,143400.00 ,开票,43651.00 ,143400.00 ,/,143400.00 ,43651.00 ,143400.00 ,43682.00 ,0.00 ,,,,/,,,,,,,,,,,,,,,143400.00 ,,,,,,,,,,,,,,143400.00 ,,,,,,,,,,,,,,,,,,,,
,,,,,,,,,,,,,,,,,,,,,,,,,,,,BIM-4,乙方完成对施工单位提交的地下室BIM深化模型审核工作并提交报告，双方办理结算且经甲方确认后次月25日前付结算款余款,0.10 ,47801.30 ,,,,,,,,,,0.00 ,,,,,,,,,,,,,,,,,,,47801.30 ,,,,,,,,,,,,,,47801.30 ,,,,,,,,,,,,,,,,,,,,
85,华南,43336.00 ,领秀公馆南区（龙涌）项目（完结）,无,中国铁建·领秀公馆（南区）地下室BIM管综优化、BIM精装等BIM应用咨询服务合同,CRCCRE-SJ-BIM-2018-006,BIM,,佛山市顺德区顺嘉房地产有限公司,203776.55 ,地下室管综7.5元/㎡；标准层建筑结构设备全专业模型80元/㎡；   大堂精装修BIM建模150元/㎡；      架空层建筑结构设备全专业建模4元/㎡；,329145.00 ,0.00 ,0.00 ,0.00 ,0.00 ,0.00 ,0.00 ,,0.00 ,329145.00 ,0.00 ,0.00 ,,,0.00 ,/,BIM-1,合同签订后，次月25日前付定金,0.20 ,65829.00 ,65829.00 ,开票,43340.00 ,65829.00 ,/,65829.00 ,43340.00 ,65829.00 ,43371.00 ,0.00 ,,完成,,,329145.00 ,296230.50 ,329145.00 ,0.00 ,32914.50 ,-32914.50 ,,,,,,,,,65829.00 ,,,,,,,,,,,,,,65829.00 ,,,,,,直接委托,OA,,,,,,,,,,,,,
,,,,,,,,,,,,,,,,,,,,,,,,,,,,BIM-2,乙方完成地下室BIM模型及管综优化报告且经甲方确认后次月25日前,0.40 ,131658.00 ,131658.00 ,开票,43570.00 ,131658.00 ,/,131658.00 ,43570.00 ,131658.00 ,43602.00 ,0.00 ,,,,/,,,,,,,,,,,,,,,131658.00 ,,,,,,,,,,,,,,131658.00 ,,,,,,,,,,,,,,,,,,,,
,,,,,,,,,,,,,,,,,,,,,,,,,,,,BIM-3,乙方完成所有BIM模型并提交相关报告且经甲方确认后次月25日前,0.30 ,98743.50 ,98743.50 ,开票,43651.00 ,98743.50 ,/,98743.50 ,43651.00 ,98743.50 ,43682.00 ,0.00 ,,,,/,,,,,,,,,,,,,,,98743.50 ,,,,,,,,,,,,,,98743.50 ,,,,,,,,,,,,,,,,,,,,
,,,,,,,,,,,,,,,,,,,,,,,,,,,,BIM-4,乙方完成对施工单位提交的地下室BIM深化模型审核工作并提交报告，双方办理结算且经甲方确认后次月25日前付结算款余款,0.10 ,32914.50 ,32914.50 ,,,,,,,32914.50 ,,0.00 ,,,,,,,,,,,,,,,,,,,32914.50 ,,,,,,,,,,,,,,32914.50 ,,,,,,,,,,,,,,,,,,,,
86,华南,43336.00 ,顺德凤语潮鸣项目（完结）,无,地下室BIM管综优化、BIM精装修等BIM应用咨询服务合同,CRCCRE-SJ-BIM-2018-009,BIM,,佛山市顺德区顺昊房地产有限公司,228916.00 ,地下室管综7.5元/㎡；标准层建筑结构设备全专业模型80元/㎡；   合院BIM精装修建模150元/㎡；     大堂精装修BIM建模150元/㎡；      架空层建筑结构设备全专业建模4元/㎡；,709898.00 ,0.00 ,0.00 ,0.00 ,0.00 ,0.00 ,0.00 ,,0.00 ,709898.00 ,0.00 ,0.00 ,,,0.00 ,/,BIM-1,合同签订后，次月25日前付定金,0.20 ,141979.60 ,141979.60 ,开票,43340.00 ,141979.60 ,/,141979.60 ,43354.00 ,141979.60 ,43405.00 ,0.00 ,,完成,,,679441.70 ,679441.70 ,679441.70 ,30456.30 ,0.00 ,0.00 ,,,,,,,,,141979.60 ,,,,,,,,,,,,,,141979.60 ,,,,,,直接委托,OA,,,,,,,,,,,,,
,,,,,,,,,,,,,,,,,,,,,,,,,,,,BIM-2,乙方完成地下室BIM模型及管综优化报告且经甲方确认后次月25日前,0.40 ,283959.20 ,283959.20 ,开票,44033.00 ,/,/,283959.20 ,44033.00 ,283959.20 ,44103.00 ,0.00 ,,,,/,,,,,,,,,,,,,,,283959.20 ,,,,,,,,,,,,,,283959.20 ,,,,,,,,,,,,,,,,,,,,
,,,,,,,,,,,,,,,,,,,,,,,,,,,,BIM-3,乙方完成所有BIM模型并提交相关报告且经甲方确认后次月25日前,0.30 ,212969.40 ,212969.40 ,产值确认单,44184.00 ,212969.40 ,44184.00 ,212969.40 ,44214.00 ,212969.40 ,44372.00 ,0.00 ,,,,/,,,,,,,,,,,,,,,212969.40 ,,,,,,,,,,,,,,212969.40 ,,,,,,,,,,,,,,,,,,,,
,,,,,,,,,,,,,,,,,,,,,,,,,,,,BIM-4,乙方完成对施工单位提交的地下室BIM深化模型审核工作并提交报告，双方办理结算且经甲方确认后次月25日前付结算款余款,0.10 ,70989.80 ,40533.50 ,产值确认单,45915.00 ,40533.50 ,45915.00 ,40533.50 ,45916.00 ,40533.50 ,,0.00 ,,,,,,,,,,,,,,,,,,,40533.50 ,,,,,,,,,,,,,,40533.50 ,,,,,,,,,,,,,,,,,,,,
88,外部,44280.00 ,济南市莱芜区东风社区城中村改造安置项目,CRCCRE-DC-XM-2020-092,济南市莱芜区东风社区城中村改造安置项目设计方案优化咨询服务合同,CRCCRE-SJ-ZX-2021-002,咨询,,济南市嬴昊置业有限公司,220000.00 ,全过程咨询：5元/平米,1100000.00 ,,,,,,,,1100000.00 ,,,0.00 ,,,,,1.00 ,合同签订后，发包人在十五个工作日内支付合同总额设计优化咨询费的20%给乙方。,0.20 ,220000.00 ,220000.00 ,产值确认单,44287.00 ,220000.00 ,44287.00 ,220000.00 ,44288.00 ,220000.00 ,44372.00 ,0.00 ,,,,,1100000.00 ,220000.00 ,1100000.00 ,0.00 ,880000.00 ,-880000.00 ,,,,,,,,220000.00 ,,,,,,,,,,,,,,220000.00 ,,,,,,,投标,OA,,,,,,,,,,,,,
,,,,,,,,,,,,,,,,,,,,,,,,,,,,2.00 ,乙方完成方案阶段优化咨询工作，提交电子版《方案阶段设计咨询意见》，甲方取得建设工程规划许可证后十五个工作日内甲方支付合同总额设计优化咨询费的60%给乙方。,0.60 ,660000.00 ,660000.00 ,产值确认单,44551.00 ,660000.00 ,44551.00 ,,,660000.00 ,,0.00 ,,,,,,,,,,,,,,,,,,660000.00 ,,,,,,,,,,,,,,660000.00 ,,,,,,,,,,,,,,,,,,,,,
,,,,,,,,,,,,,,,,,,,,,,,,,,,,3.00 ,乙方提交《全专业设计咨询总结报告》，甲方完成施工图审查并取得审查合格证后，十五个工作日内，双方根据建设工程规划许可证面积进行结算，甲方支付余下的设计优化咨询费给乙方。,0.20 ,220000.00 ,220000.00 ,产值确认单,44908.00 ,220000.00 ,44908.00 ,,,220000.00 ,,0.00 ,,,,,,,,,,,,,,,,,,220000.00 ,,,,,,,,,,,,,,220000.00 ,,,,,,,,,,,,,,,,,,,,,
89,东北,44284.00 ,"长春平阳街、岳阳街地块项目
（解除合同）
（完成）",CRCCRE-DC-XM-2020-082,长春市平阳街项目、岳阳街项目规划方案设计合同,,方案,,长春京德房地产开发有限公司,108533.57 ,地上18元/平方米，地下10元/平方米,1791889.00 ,,,1655705.44 ,,,,,82426.89 ,,,,,,53756.67 ,,1.00 ,合同定金，本合同签订后三十日内，本合同生效后，定金抵作设计费,0.20 ,358377.80 ,358377.80 ,产值确认单,44424.00 ,358377.80 ,44424.00 ,358377.80 ,44424.00 ,358377.80 ,45196.00 ,0.00 ,与甲方协商补40万直接签解除协议,,,,400000.00 ,400000.00 ,400000.00 ,1391889.00 ,0.00 ,0.00 ,,,331141.09 ,,,,,16485.38 ,,,,,,10751.33 ,,,331141.09 ,,,,,16485.38 ,,,,,,10751.33 ,投标,OA,,,,,,,,,,,,,
,,,,,,,,,,,,,,,,,,,,,,,,,,,,2.00 ,提交概念设计成果经甲方书面认可后三十日内,0.10 ,179188.90 ,41622.20 ,产值确认单,45134.00 ,41622.20 ,45134.00 ,41622.20 ,45134.00 ,41622.20 ,45196.00 ,0.00 ,,,,,,,,,,,,,41622.20 ,,,,,,,,,,,,,,41622.20 ,,,,,,,,,,,,,,,,,,,,,,,,,,
,,,,,,,,,,,,,,,,,,,,,,,,,,,,3.00 ,提交建筑方案设计（含总规划方案设计及单体方案设计）经甲方书面确认后三十日内。,0.30 ,537566.70 ,,,,,,,,,,,,,,,,,,,,,,,,,,,,,,,,,,,,,,,,,,,,,,,,,,,,,,,,,,,,,,,
,,,,,,,,,,,,,,,,,,,,,,,,,,,,4.00 ,提交建筑方案设计（含总规划方案设计及单体方案设计）通过政府部门审批，取得规证后三十日内,0.20 ,358377.80 ,,,,,,,,,,,,,,,,,,,,,,,,,,,,,,,,,,,,,,,,,,,,,,,,,,,,,,,,,,,,,,,
,,,,,,,,,,,,,,,,,,,,,,,,,,,,5.00 ,建筑专业初步设计经甲方书面确认后三十日内,0.10 ,179188.90 ,,,,,,,,,,,,,,,,,,,,,,,,,,,,,,,,,,,,,,,,,,,,,,,,,,,,,,,,,,,,,,,
,,,,,,,,,,,,,,,,,,,,,,,,,,,,6.00 ,乙方完成施工图配合、优化配合工作且所有建筑单体施工图审查合格，竣工备案后三十日内,0.10 ,179188.90 ,,,,,,,,,,,,,,,,,,,,,,,,,,,,,,,,,,,,,,,,,,,,,,,,,,,,,,,,,,,,,,,
90,外部,44283.00 ,济南十六局董家小学项目,CRCCRE-DC-XM-2021-003,董家街道东杨村等十村城中村改造安置房配套30班小学项目建筑设计咨询服务合同,CRCCRE-SJ-ZX-2021-003,咨询,,中铁十六局集团有限公司,21922.00 ,100000.00 ,100000.00 ,,,,,,,,100000.00 ,,,0.00 ,,,,,1.00 ,方完成施工图阶段的设计咨询工作且向甲方提交优化成果，甲方完成施工图审查并取得审查合格证后，十五个工作日内甲方支付全额设计优化咨询费的100%给乙方。如建设单位拨款滞后对乙方顺延。,1.00 ,100000.00 ,100000.00 ,产值确认,44551.00 ,100000.00 ,44551.00 ,100000.00 ,45119.00 ,100000.00 ,,0.00 ,,,,,100000.00 ,100000.00 ,100000.00 ,0.00 ,0.00 ,0.00 ,,,,,,,,100000.00 ,,,,,,,,,,,,,,100000.00 ,,,,,,,投标,OA,,,,,,,,,,,,,
91,西南,43160.00 ,中铁滨江项目,/,中铁建滨江项目施工图设计,/,施工图设计,,重庆建联新房地产开发有限公司,93728.00 ,20元/平方米,1874560.00 ,,,,,,189505.80 ,,,,,0.00 ,,,,,1.00 ,设计人在施工过程中配合发包人，工程竣工验收完毕，资料签署完毕后的20个工作日内。,0.10 ,188948.80 ,188948.80 ,产值确认单,44567.00 ,188948.80 ,44567.00 ,188948.80 ,44567.00 ,188948.80 ,45044.00 ,0.00 ,,,,,188948.80 ,188948.80 ,188948.80 ,1685611.20 ,0.00 ,0.00 ,,,,,,188948.80 ,,,,,,,,,,,,,,188948.80 ,,,,,,,,,,,,,,,,,,,,,,,
92,北方,44322.00 ,正定B号地块项目BIM,CRCCRE-DC-XM-2021-005,正定239-B地块项目地下室BIM管综优化技术咨询服务合同,CRCCRE-SJ-BIM-2021-003,BIM,CRCCRE-BF-HBXT-HYCYQ-QQ-2021-012,河北兴铁房地产开发有限公司,33112.90 ,地下室管综7.5元/㎡,248346.75 ,,,,,,,,,248346.75 ,,0.00 ,,,,,1.00 ,乙方提交第一版地下车库及地下室BIM模型且经过甲方确认后15个工作日内双方办理计价手续，按照建设工程规划许可证面积结算设计费。,0.40 ,99338.70 ,99338.70 ,产值确认单,44452.00 ,99338.70 ,44452.00 ,99338.70 ,44452.00 ,99338.70 ,44554.00 ,0.00 ,银信，22年5.25到期,,,,99338.70 ,243379.82 ,248346.76 ,149008.05 ,-144041.12 ,-4966.94 ,,,,,,,,,99338.70 ,,,,,,,,,,,,,,99338.70 ,,,,,,直接委托,OA,,,,,,,,,,,,,
,,,,,,,,,,,,,,,,,,,,,,,,,,,,2.00 ,乙方根据甲方优化后的施工图纸提交BIM咨询优化报告、完成BIM范围的交底工作且经过甲方确认后15个工作日内双方办理计价手续，按照建设工程规划许可证面积结算设计费。,0.58 ,144041.12 ,144041.12 ,产值确认单,44536.00 ,144041.12 ,44536.00 ,144041.12 ,45216.00 ,144041.12 ,45253.00 ,0.00 ,,,,,,,,,,,,,,,,,,,144041.12 ,,,,,,,,,,,,,,144041.12 ,,,,,,,,,,,,,,,,,,,,
,,,,,,,,,,,,,,,,,,,,,,,,,,,,3.00 ,乙方跟踪项目进度，完成设计变更的BIM模型更改，至项目取得竣工备案表后，按照建设工程规划许可证面积进行结算，次月支付剩余合同额。,0.02 ,4966.94 ,4966.94 ,预估,,4966.94 ,,,,4966.94 ,,0.00 ,,,,,,,,,,,,,,,,,,,4966.94 ,,,,,,,,,,,,,,4966.94 ,,,,,,,,,,,,,,,,,,,,
92,北方,44783.00 ,正定项目C号地块BIM设计,CRCCRE-DC-XM-2022-028,中国铁建花语城二期工程项目地下室BIM管综优化技术咨询服务合同,CRCCRE-SJ-BIM-2022-004,BIM,CRCCRE-BF-HBXT-HYCBQ-QQ-2022-015,河北兴铁房地产开发有限公司,42740.72 ,地下室管综7.5元/㎡,320555.40 ,,,,,,,,,320555.40 ,,,,,,,1.00 ,乙方提交第一版地下车库及地下室BIM模型且经过甲方确认后15个工作日内双方办理计价手续，按照建设工程规划许可证面积结算设计费。,0.40 ,128222.16 ,128222.16 ,产值确认单,44865.00 ,128222.16 ,44865.00 ,128222.16 ,45237.00 ,128222.16 ,45406.00 ,0.00 ,,,,,128222.16 ,314144.29 ,314144.29 ,192333.24 ,-185922.13 ,0.00 ,,,,,,,,,128222.16 ,,,,,,,,,,,,,,128222.16 ,,,,,,直接委托,OA,,,,,,,,,,,,,
,,,,,,,,,,,,,,,,,,,,,,,,,,,,2.00 ,乙方根据甲方优化后的施工图纸提交BIM咨询优化报告、完成BIM范围的交底工作且经过甲方确认后15个工作日内双方办理计价手续，按照建设工程规划许可证面积结算设计费。,0.58 ,185922.13 ,185922.13 ,产值确认单,44865.00 ,185922.13 ,44865.00 ,185922.13 ,45663.00 ,185922.13 ,45680.00 ,0.00 ,,,,,,,,,,,,,,,,,,,185922.13 ,,,,,,,,,,,,,,185922.13 ,,,,,,,,,,,,,,,,,,,,
,,,,,,,,,,,,,,,,,,,,,,,,,,,,3.00 ,乙方跟踪项目进度，完成设计变更的BIM模型更改，至项目取得竣工备案表后，按照建设工程规划许可证面积进行结算，次月支付剩余合同额。,0.02 ,6411.11 ,6411.11 ,预估,46326.00 ,,,,,0.00 ,,6411.11 ,,,,,,,,,,,,,,,,,,,6411.11 ,,,,,,,,,,,,,,,,,,,,,,,,,,,,,,,,,,
93,北方,44908.00 ,正定项目D号地块BIM设计,CRCCRE-DC-XM-2022-022,中国铁建花语城四期工程项目地下室BIM管综优化技术咨询服务合同,CRCCRE-SJ-BIM-2022-014,BIM,,河北兴铁房地产开发有限公司,51990.42 ,地下室管综7.5元/㎡,389928.15 ,,,,,,,,,389928.15 ,,0.00 ,0.00 ,,,,1.00 ,乙方提交第一版地下车库及地下室BIM模型且经过甲方确认后15个工作日内双方办理计价手续，按照建设工程规划许可证面积结算设计费。,0.40 ,155971.26 ,93582.76 ,产值确认单,44917.00 ,155971.26 ,44917.00 ,155971.26 ,45882.00 ,155971.26 ,45897.00 ,-62388.50 ,减去外委成本,,,,93582.76 ,155971.26 ,155971.26 ,296345.39 ,-62388.50 ,0.00 ,,,,,,,,,93582.76 ,,,,,,,,,,,,,,155971.26 ,,,,,,直接委托,OA,,,,,,,,,,,,,
,,,,,,,,,,,,,,,,,,,,,,,,,,,,2.00 ,乙方根据甲方优化后的施工图纸提交BIM咨询优化报告、完成BIM范围的交底工作且经过甲方确认后15个工作日内双方办理计价手续，按照建设工程规划许可证面积结算设计费。,0.58 ,226158.33 ,135695.00 ,产值确认单,44917.00 ,,,,,0.00 ,,135695.00 ,,,,,,,,,,,,,,,,,,,135695.00 ,,,,,,,,,,,,,,,,,,,,,,,,,,,,,,,,,,
,,,,,,,,,,,,,,,,,,,,,,,,,,,,3.00 ,乙方跟踪项目进度，完成设计变更的BIM模型更改，至项目取得竣工备案表后，按照建设工程规划许可证面积进行结算，次月支付剩余合同额。,0.02 ,7798.56 ,7798.56 ,,,,,,,0.00 ,,7798.56 ,,,,,,,,,,,,,,,,,,,7798.56 ,,,,,,,,,,,,,,,,,,,,,,,,,,,,,,,,,,
,北方,44917.00 ,正定项目C地块咨询,CRCCRE-DC-XM-2022-029,中国铁建花语城二期、四期项目建筑设计咨询服务合同,CRCCRE-SJ-ZX-2022-004,咨询,CRCCRE-BF-HBXT-HYCDQ-QQ-2022-027,河北兴铁房地产开发有限公司,333655.15 ,"设计咨询：3.7元/㎡
广州博思：
3.3元/㎡",2335586.05 ,,,,,,,,1234524.05 ,,,,,,1101062.00 ,,1.00 ,合同签订后，甲方在提交首批设计资料给乙方后，三十个工作日内,0.20 ,467117.21 ,246904.81 ,产值确认单,44918.00 ,246904.81 ,44918.00 ,1868468.84 ,44995.00 ,246904.81 ,45008.00 ,0.00 ,第一次回款100万,,"甲方付款：100万
咨询：528600
外委：471400
按单价比例
（52.85%、47.14%）",,,,,,,,,,,,,,,246904.81 ,,,,,,,,,,,,,,246904.81 ,,,,,,,,,,,,,,,,,,,,,
,,,,,,,,,,,,,,,,,,,,,,,,,,,,,,,,220212.40 ,产值确认单,44995.00 ,220212.40 ,44995.00 ,,,220212.40 ,45008.00 ,0.00 ,第一次回款100万,,,,,,,,,,,,,,,,,,,,,,,220212.40 ,,,,,,,,,,,,,,220212.40 ,,,,,,,,,,,,,,,
,,,,,,,,,,,,,,,,,,,,,,,,,,,,2.00 ,乙方完成方案阶段的设计咨询工作并经甲方认可后，三十个工作日内，配合工规证获取后,0.30 ,700675.82 ,370357.22 ,产值确认单,44918.00 ,370357.22 ,44918.00 ,,,281695.19 ,45008.00 ,88662.03 ,第一次回款100万,,,,,,,,,,,,,,,,,370357.22 ,,,,,,,,,,,,,,281695.19 ,,,,,,,,,,,,,,,,,,,,,
,,,,,,,,,,,,,,,,,,,,,,,,,,,,,,,,,,,,,,,88662.03 ,45069.00 ,0.00 ,第三次回款20万,,,,,,,,,,,,,,,,,,,,,,,,,,,,,,,88662.03 ,,,,,,,,,,,,,,,,,,,,,
,,,,,,,,,,,,,,,,,,,,,,,,,,,,,,,,330318.60 ,产值确认单,44995.00 ,330318.60 ,44995.00 ,,,251187.60 ,45008.00 ,79131.00 ,第一次回款100万,,,,,,,,,,,,,,,,,,,,,,,330318.60 ,,,,,,,,,,,,,,251187.60 ,,,,,,,,,,,,,,,
,,,,,,,,,,,,,,,,,,,,,,,,,,,,,,,,,,,,,,,79131.00 ,45069.00 ,0.00 ,第三次回款20万,,,,,,,,,,,,,,,,,,,,,,,,,,,,,,,,,,,,,79131.00 ,,,,,,,,,,,,,,,
,,,,,,,,,,,,,,,,,,,,,,,,,,,,3.00 ,乙方提交第一版全专业施工图设计咨询报告后，三十个工作日内，配合获取图审合格证后,0.30 ,700675.82 ,370357.22 ,产值确认单,44918.00 ,370357.22 ,44918.00 ,,,158580.00 ,45039.00 ,211777.22 ,第二次回款30万,,,,,,,,,,,,,,,,,370357.22 ,,,,,,,,,,,,,,158580.00 ,,,,,,,,,,,,,,,,,,,,,
,,,,,,,,,,,,,,,,,,,,,,,,,,,,,,,,,,,,,,,17057.97 ,45069.00 ,194719.25 ,第三次回款20万,,,,,,,,,,,,,,,,,,,,,,,,,,,,,,,17057.97 ,,,,,,,,,,,,,,,,,,,,,
,,,,,,,,,,,,,,,,,,,,,,,,,,,,,,,,,,,,,,,176250.40 ,45225.00 ,18468.85 ,第四次回款35万,,未回款金额18468.85,,,,,,,,,,,,,,,,,,,,,,,,,,,,,176250.40 ,,,,,,,,,,,,,,,,,,,,,
,,,,,,,,,,,,,,,,,,,,,,,,,,,,,,,,330318.60 ,产值确认单,44995.00 ,330318.60 ,44995.00 ,,,141420.00 ,45039.00 ,188898.60 ,第二次回款30万,,,,,,,,,,,,,,,,,,,,,,,330318.60 ,,,,,,,,,,,,,,141420.00 ,,,,,,,,,,,,,,,
,,,,,,,,,,,,,,,,,,,,,,,,,,,,,,,,,,,,,,,15149.00 ,45069.00 ,173749.60 ,第三次回款20万,,,,,,,,,,,,,,,,,,,,,,,,,,,,,,,,,,,,,15149.00 ,,,,,,,,,,,,,,,
,,,,,,,,,,,,,,,,,,,,,,,,,,,,,,,,,,,,,,,18468.84 ,46172.00 ,,,,,,,,,,,,,,,,,,,,,,,,,,,,,,,,,18468.84 ,,,,,,,,,,,,,,,,,,,,,
,,,,,,,,,,,,,,,,,,,,,,,,,,,,,,,,,,,,,,,173749.60 ,45225.00 ,0.00 ,第四次回款35万,,,,,,,,,,,,,,,,,,,,,,,,,,,,,,,,,,,,,173749.60 ,,,,,,,,,,,,,,,
,,,,,,,,,,,,,,,,,,,,,,,,,,,,4.00 ,乙方完成该项目设计咨询总结报告并经甲方认可后，三十个工作日内,0.20 ,467117.21 ,467117.21 ,产值确认单,45267.00 ,467117.21 ,45239.00 ,459508.21 ,45965.00 ,242882.91 ,46172.00 ,224234.30 ,,,"结算金额：2327977.05元
结算面积：
332568.15㎡",,,,,,,,,,,,,,,246900.00 ,,,,,,,,,,,,,,242882.91 ,,,,,,,,,,,,,,,,,,,,,
,,,,,,,,,,,,,,,,,,,,,,,,,,,,,,,,,,45267.00 ,,,,,216625.30 ,46172.00 ,-216625.30 ,,,,,,,,,,,,,,,,,,,,,,,,220217.21 ,,,,,,,,,,,,,,216625.30 ,,,,,,,,,,,,,,,
,,,,,,,,,,,,,,,,,,,,,,,,,,,,,,,,-7609.00 ,产值确认单,46007.00 ,-7609.00 ,46007.00 ,,,0.00 ,,-7609.00 ,,,,,,,,,,,,,,,,,,-4021.90 ,,,,,,-3587.10 ,,,,,,,,,,,,,,,,,,,,,,,,,,,,,
94,北方,44336.00 ,房山文娱项目,CRCCRE-DC-XM-2020-089,房山区长阳镇起步区6号地文化娱乐用地项目公共区域精装修设计合同,CRCCRE-SJ-GC-2021-003,精装,CRCCRE-BF-BJZD-WY-QQ-2021-002,中铁房地产集团北方有限公司,设计面积总计 1499 ㎡,,201650.00 ,,,,,,,201650.00 ,,,,0.00 ,,,,,1.00 ,合同签署生效之日起自乙方完成方案设计之日起且经甲方审核确认后30日内。,0.20 ,40330.00 ,161320.00 ,产值确认单,44478.00 ,161320.00 ,44478.00 ,161320.00 ,44478.00 ,161320.00 ,44530.00 ,0.00 ,,,,,201650.00 ,201650.00 ,201650.00 ,0.00 ,0.00 ,0.00 ,,,,,,34177.20 ,127142.80 ,,,,,,,,,,,,,34177.20 ,127142.80 ,,,,,,,,询价,OA,,,,,,,,,,,,,
,,,,,,,,,,,,,,,,,,,,,,,,,,,,2.00 ,乙方完成扩初设计且经甲方审核确认后30日内。,0.20 ,40330.00 ,,,,,,,,,,0.00 ,,,,,,,,,,,,,,,,,,,,,,,,,,,,,,,,,,,,,,,,,,,,,,,,,,,,,
,,,,,,,,,,,,,,,,,,,,,,,,,,,,3.00 ,乙方完成施工图设计且经甲方审核确认后30日内。,0.40 ,80660.00 ,,,,,,,,,,0.00 ,,,,,,,,,,,,,,,,,,,,,,,,,,,,,,,,,,,,,,,,,,,,,,,,,,,,,
,,,,,,,,,,,,,,,,,,,,,,,,,,,,4.00 ,自甲方装修工程施工完成后30日内，以实际的工作量据实结算。,0.20 ,40330.00 ,40330.00 ,产值确认单,45282.00 ,40330.00 ,45282.00 ,40330.00 ,45664.00 ,40330.00 ,46021.00 ,0.00 ,抵房租,,,,,,,,,,,,,,,8544.30 ,31785.70 ,,,,,,,,,,,,,8544.30 ,,,,,,31785.70 ,,,,,,,,,,,,,,,,,
94,外部,44348.00 ,高安市全民健身体育中心项目,CRCCRE-DC-XM-2021-008,网架工程设计深化协议,CRCCRE-SJ-BIM-2021-005,BIM深化,,北京城建精工钢结构工程有限公司,约2500m²,30000.00 ,30000.00 ,,,,,,,,,,30000.00 ,0.00 ,,,,,1.00 ,乙方提供全套加工图后5个工作日内甲方支付贰万元，网架安装完成后5个工作日内支付壹万元,1.00 ,30000.00 ,15000.00 ,产值确认,44551.00 ,,,,,0.00 ,,15000.00 ,,,,,15000.00 ,0.00 ,0.00 ,15000.00 ,15000.00 ,0.00 ,,,,,,,,,,15000.00 ,,,,,,,,,,,,,,,,,,,直委,OA,,,,,,,,,,,,,
95,东北,44382.00 ,长春平阳街项目（解除合同完成）,CRCCRE-DC-XM-2021-019,平阳街项目BIM技术咨询服务合同,CRCCRE-SJ-BIM-2021-010,BIM,,长春京德房地产开发有限公司,地下室15625.17m²，标准层4154.22m²,7.5元/㎡,148345.43 ,,,,,,,,,148345.43 ,,0.00 ,,,,,1.00 ,付款时间：在乙方提交最终版的全专业BIM模型（V2.0）和BIM管综优化报告后，经甲方对成果验收合格后30日内将合同额全款一次支付给乙方。,1.00 ,148345.43 ,,,,,,,,,,,,,,,0.00 ,0.00 ,0.00 ,148345.43 ,0.00 ,0.00 ,,,,,,,,,148345.43 ,,,,,,,,,,,,,,,,,,,,询价,OA,,,,,,,,,,,,,
96,东北,44382.00 ,长春平阳街项目、岳阳街项目（解除合同完成）,CRCCRE-DC-XM-2021-020,平阳街项目、岳阳街项目建筑设计咨询服务合同,CRCCRE-SJ-ZX-2021-004,咨询,,长春京德房地产开发有限公司,108533.57 ,施工图咨询5元/㎡,542667.85 ,,,,,,,,542667.85 ,,,0.00 ,,,,,1.00 ,付款时间：在乙方提交终版施工图优化咨询报告后，经甲方对成果验收合格后30日内将合同额全款一次支付给乙方。,1.00 ,542667.85 ,,,,,,,,,,,,,,,0.00 ,0.00 ,0.00 ,542667.85 ,0.00 ,0.00 ,,,,,,,,542667.85 ,,,,,,,,,,,,,,,,,,,,,询价,OA,,,,,,,,,,,,,
97,北方,44400.00 ,房山文娱项目,,房山区长阳镇起步区6号地文化娱乐用地项目办公及就餐区域精装修设计合同,CRCCRE-SJ-GC-2021-005,精装,CRCCRE-BF-BJZD-WY-QQ-2021-007,中铁房地产集团北方有限公司,设计面积总计 4882 ㎡,81.93 ,400000.00 ,,,,,,88120.10 ,292879.90 ,19000.00 ,,,0.00 ,,,,,1.00 ,合同签署生效之日起自乙方完成方案设计且经甲方审核确认后30日内。,0.20 ,80000.00 ,80000.00 ,产值确认单,44551.00 ,80000.00 ,44551.00 ,160000.00 ,45231.00 ,80000.00 ,45257.00 ,0.00 ,吴迪对接,,,,480000.00 ,387990.28 ,387990.28 ,-80000.00 ,92009.72 ,0.00 ,,,,,,,80000.00 ,,,,,,,,,,,,,,,,,,,80000.00 ,,,询价,OA,,,,,,,,,,,,,
,,,,,,,,,,,,,,,,,,,,,,,,,,,,2.00 ,乙方完成扩初设计且经甲方审核确认后30日内。,0.20 ,80000.00 ,80000.00 ,产值确认单,44551.00 ,80000.00 ,44551.00 ,,,80000.00 ,45257.00 ,0.00 ,吴迪对接,,,,,,,,,,,,,,,35248.04 ,44751.96 ,,,,,,,,,,,,,35248.04 ,,,,,,44751.96 ,,,,,,,,,,,,,,,,,
,,,,,,,,,,,,,,,,,,,,,,,,,,,,3.00 ,乙方完成施工图设计且经甲方审核确认后30日内。,0.40 ,160000.00 ,160000.00 ,产值确认单,44879.00 ,160000.00 ,44879.00 ,160000.00 ,45799.00 ,160000.00 ,46021.00 ,0.00 ,抵房租,,,,,,,,,,,,,,,35248.04 ,109551.96 ,15200.00 ,,,,,,,,,,,,35248.04 ,,15200.00 ,,,,109551.96 ,,,,,,,,,,,,,,,,,
,,,,,,,,,,,,,,,,,,,,,,,,,,,,4.00 ,自甲方装修工程施工完成后30日内，按照本协议6.1条款规定结算工程总造价，支付扣除前三次付款总额的余额。,0.20 ,80000.00 ,160000.00 ,产值确认单,45287.00 ,160000.00 ,45287.00 ,67990.28 ,45799.00 ,67990.28 ,46021.00 ,92009.72 ,抵房租,,,,,,,,,,,,,,,68800.00 ,91200.00 ,,,,,,,,,,,,,29235.82 ,,,,,,38754.46 ,,,,,,,,,,,,,,,,,
,,,,,,,,,,,,,,,,,,,,,,,,,,,,5.00 ,,,,-80000.00 ,,,-80000.00 ,,,,,,,,,,,,,,,,,,,,,,-34400.00 ,-45600.00 ,,,,,,,,,,,,,,,,,,,,,,,,,,,,,,,,,,,,
,,,,,,,,,,,,,,,,,,,,,,,,,,,,6.00 ,,,,-12009.72 ,,,-12009.72 ,,,,,,,,,,,,,,,,,,,,,,-5164.18 ,-6845.54 ,,,,,,,,,,,,,,,,,,,,,,,,,,,,,,,,,,,,
98,北方,43203.00 ,济南华山北项目（完结）,,济南华山北项目规划设计咨询合同,CRCCRE-SJ-CZ-2018-015,可研,,中铁房地产集团济南第六大洲有限公司,,,440000.00 ,,,440000.00 ,,,,,,,,0.00 ,,,,,1.00 ,配合控规调整，合同签订后15个工作日内支付,1.00 ,150000.00 ,300000.00 ,产值确认,44418.00 ,300000.00 ,44418.00 ,300000.00 ,44418.00 ,300000.00 ,44428.00 ,0.00 ,,完成,,,300000.00 ,300000.00 ,300000.00 ,140000.00 ,0.00 ,0.00 ,,,150000.00 ,,150000.00 ,,,,,,,,,,,,150000.00 ,,150000.00 ,,,,,,,,,,,,,,,,,,,,,,,,
,,,,,,,,,,,,,,,,,,,,,,,,,,,,2.00 ,一期土地经营阶段可行性研究，合同签订后15个工作日内支付,0.50 ,145000.00 ,0.00 ,,,,,,,0.00 ,,0.00 ,,,,,,,,,,,,,,,,,,,,,,,,,,,,,,,,,,,,,,,,,,,,,,,,,,,,,
,,,,,,,,,,,,,,,,,,,,,,,,,,,,,"设计成果待甲方确认后
15个工作日内支付",0.50 ,145000.00 ,0.00 ,,,,,,,0.00 ,,0.00 ,,,,,,,,,,,,,,,,,,,,,,,,,,,,,,,,,,,,,,,,,,,,,,,,,,,,,
99,北方,44441.00 ,济南郭店土河以东地块项目（花语拾光）,CRCCRE-DC-XM-2021-011,济南市历城区土河东项目规划建筑方案及建筑设计咨询服务合同,CRCCRE-SJ-CZ-2021-009,方案+咨询,,中铁房地产集团济南置业有限公司,"合同面积：150482㎡
规证面积：
148436.31㎡",方案18元/㎡，设计咨询5元/㎡,3414035.14 ,,,2519557.93 ,,,,,867758.67 ,,,0.00 ,,,26718.54 ,,方案-1,合同签订15个工作日内支付,0.20 ,541735.20 ,541735.20 ,产值确认单,44523.00 ,541735.20 ,44523.00 ,541735.20 ,44523.00 ,541735.20 ,44554.00 ,0.00 ,银信，22年6.22到期,,,,3414035.13 ,3173124.51 ,3313378.06 ,0.01 ,240910.62 ,-140253.55 ,,,500563.32 ,,,,,24919.82 ,,,,,,16252.06 ,,,500563.32 ,,,,,24919.82 ,,,,,,16252.06 ,直委,OA,,,,,,,,,,,,,
,,,,,,,,,,,,,,,,,,,,,,,,,,,,方案-2,方案调整、修改完成并通过政府审查后（规划复函）15个工作日内支付,0.40 ,1083470.40 ,1083470.40 ,产值确认单,44523.00 ,1083470.40 ,44523.00 ,1083470.40 ,44523.00 ,1083470.40 ,44554.00 ,0.00 ,,,,,,,,,,,,,1001126.65 ,,,,,49839.64 ,,,,,,32504.11 ,,,1001126.65 ,,,,,49839.64 ,,,,,,32504.11 ,,,,,,,,,,,,,,,
,,,,,,,,,,,,,,,,,,,,,,,,,,,,方案-3,甲方取得《规划许可证》之日起15个工作日内,0.35 ,948036.60 ,948036.60 ,产值确认单,44523.00 ,948036.60 ,44523.00 ,948036.60 ,44523.00 ,948036.60 ,44554.00 ,0.00 ,,,,,,,,,,,,,875985.82 ,,,,,43609.68 ,,,,,,28441.10 ,,,875985.82 ,,,,,43609.68 ,,,,,,28441.10 ,,,,,,,,,,,,,,,
,,,,,,,,,,,,,,,,,,,,,,,,,,,,方案-4,施工配合、竣工验收完成、结算完毕15个工作日内，按照《规划许可证》建筑面积进行结算,0.05 ,135433.80 ,98611.38 ,预估,,,,,,0.00 ,,98611.38 ,,,,,,,,,,,,,91403.40 ,,,,,7207.98 ,,,,,,,,,,,,,,,,,,,,,,,,,,,,,,,,,,,
,,,,,,,,,,,,,,,,,,,,,,,,,,,,咨询-1,合同签订后，甲方提交首批设计资料给乙方后，15个工作日内支付施工图设计咨询费,0.20 ,150482.00 ,150482.00 ,产值确认单,44550.00 ,150482.00 ,44550.00 ,148436.31 ,44673.00 ,148436.31 ,44679.00 ,2045.69 ,,,,,,,,,,,,,,,,,,150482.00 ,,,,,,,,,,,,,,148436.31 ,,,,,,,,,,,,,,,,,,,,,
,,,,,,,,,,,,,,,,,,,,,,,,,,,,咨询-2,乙方提交全专业施工图设计咨询报告后，并经甲方认可后15个工作日内支付施工图设计咨询费,0.60 ,451446.00 ,451446.00 ,产值确认单,44550.00 ,451446.00 ,44550.00 ,451446.00 ,44886.00 ,451446.00 ,44924.00 ,0.00 ,,,,,,,,,,,,,,,,,,451446.00 ,,,,,,,,,,,,,,451446.00 ,,,,,,,,,,,,,,,,,,,,,
,,,,,,,,,,,,,,,,,,,,,,,,,,,,咨询-3,甲方完成施工图审查并取得审查合格证后15个工作日内支付施工图设计咨询费，按照《规划许可证》建筑面积进行结算,0.20 ,150482.00 ,140253.55 ,产值确认单,44852.00 ,140253.55 ,,,,140253.55 ,,0.00 ,2025.12竣工验收,,,,,,,,,,,,,,,,,140253.55 ,,,,,,,,,,,,,,140253.55 ,,,,,,,,,,,,,,,,,,,,,
100,华南,44480.00 ,广州佛山市顺德区北滘TOD项目（完结）,,"佛山市顺德区北滘TOD项目
概念规划与城市设计服务管理合同",CRCCRE-SJ-TOD-2021-001,TOD,,佛山市顺德区顺嘉房地产有限公司,,,2200000.00 ,,,,,,,,,,,2200000.00 ,,,,,1.00 ,第一期服务费用：本合同签订后，乙方提交第一阶段成果并经甲方确认后5个日历日内，甲方支付合同总额的40%作为第一期款项，即支付人民币（¥880000元）；(含税),0.40 ,880000.00 ,880000.00 ,产值确认单,44491.00 ,880000.00 ,44491.00 ,880000.00 ,44491.00 ,880000.00 ,44558.00 ,0.00 ,,,,,1760000.00 ,1760000.00 ,1760000.00 ,440000.00 ,0.00 ,0.00 ,,,,,,,,,,,880000.00 ,,,,,,,,,,,,,,880000.00 ,,,,,,,,,,,,,,,,,,
,,,,,,,,,,,,,,,,,,,,,,,,,,,,2.00 ,第二期服务费用：乙方提交第二阶段成果并经甲方确认后5个日历日内，甲方支付合同总额的40% 作为项目第二期款项，即支付人民币（¥880000元）；(含税),0.40 ,880000.00 ,880000.00 ,产值确认单,44491.00 ,880000.00 ,44491.00 ,880000.00 ,44491.00 ,880000.00 ,44733.00 ,0.00 ,,,,,,,,,,,,,,,,,,,,,880000.00 ,,,,,,,,,,,,,,880000.00 ,,,,,,,,,,,,,,,,,,
,,,,,,,,,,,,,,,,,,,,,,,,,,,,3.00 ,第三期服务费用：乙方提交最终成果并经甲方（华南区域公司负责人）确认后5个日历日内，甲方支付合同总额的20%作为项目第三期款项，即支付人民币   ¥440000元(含税)。,0.20 ,440000.00 ,,,,,,,,0.00 ,,0.00 ,,,,,,,,,,,,,,,,,,,,,440000.00 ,,,,,,,,,,,,,,,,,,,,,,,,,,,,,,,,
101,华南,44483.00 ,江门蓬江区代建文化中心项目,,"中铁建代建社区文化中心项目
工程设计及委托管理服务合同补充协议（一）",CRCCRE-SJ-XM-2021-008-B1,方案,,江门江湾南光投资发展有限公司,52500m²,,1800000.00 ,,,,,,,,,,,,,,1800000.00 ,,1.00 ,本协议签订之日起提交第一版方案文本且经政府相关使用方评审通过后15个工作日内请款，次月25日内付款，支付协议总额的35%。,0.35 ,630000.00 ,630000.00 ,产值确认单,44504.00 ,630000.00 ,44504.00 ,630000.00 ,44504.00 ,630000.00 ,44531.00 ,0.00 ,,,,,1620000.00 ,1620000.00 ,1620000.00 ,180000.00 ,0.00 ,0.00 ,,,,,,,,,,,,,,630000.00 ,,,,,,,,,,,,,,630000.00 ,直委,OA,,,,,,,,,,,,,
,,,,,,,,,,,,,,,,,,,,,,,,,,,,2.00 ,规划方案调整、修改并通过规划公示之日起15个工作日内请款，次月25日内付款，支付协议总额的35%。,0.35 ,630000.00 ,630000.00 ,产值确认单,44705.00 ,630000.00 ,44705.00 ,630000.00 ,44701.00 ,630000.00 ,44770.00 ,0.00 ,,,,,,,,,,,,,,,,,,,,,,,,630000.00 ,,,,,,,,,,,,,,630000.00 ,,,,,,,,,,,,,,,
,,,,,,,,,,,,,,,,,,,,,,,,,,,,3.00 ,取得《规划许可证》之日起15个工作日内请款，次月25日内付款，支付协议总额的20%。,0.20 ,360000.00 ,360000.00 ,产值确认单,44921.00 ,360000.00 ,44921.00 ,360000.00 ,44965.00 ,360000.00 ,45015.00 ,0.00 ,,,,,,,,,,,,,,,,,,,,,,,,360000.00 ,,,,,,,,,,,,,,360000.00 ,,,,,,,,,,,,,,,
,,,,,,,,,,,,,,,,,,,,,,,,,,,,4.00 ,竣工验收完成后15个工作日内请款，按照《规划许可证》总建筑面积进行结算，次月25日内付款，支付协议总额的10%。,0.10 ,180000.00 ,0.00 ,,,,,,,0.00 ,,0.00 ,,,,,,,,,,,,,,,,,,,,,,,,,,,,,,,,,,,,,,,,,,,,,,,,,,,,,
102,北方,44377.00 ,涿州市A2-10地块项目,,涿州高铁新城2020-55、56号地项目设计咨询服务合同,CRCCRE-SJ-ZX-2021-008,咨询,,涿州荣富房地产开发有限公司,"合同面积：231135.11
规证面积：
231661.43",7元/㎡,1617945.77 ,,,,,,,,1617945.77 ,,,,,,,,1.00 ,乙方完成方案阶段的设计咨询工作，提交电子版《方案阶段设计咨询意见》，甲方取得建设工程规划许可证后30个工作日内，双方根据建设工程规划许可证面积进行结算，付至结算费用的40%。,0.40 ,647178.31 ,647178.30 ,产值确认,44502.00 ,647178.30 ,44502.00 ,647178.30 ,44504.00 ,200000.00 ,44550.00 ,,,,,,1621630.01 ,1537048.47 ,1621630.01 ,-3684.24 ,84581.54 ,-84581.54 ,,,,,,,,647178.30 ,,,,,,,,,,,,,,200000.00 ,,,,,,,直委,OA,,,,,,,,,,,,,
,,,,,,,,,,,,,,,,,,,,,,,,,,,,,,,,,,,,,,,447178.30 ,44582.00 ,,,,,,,,,,,,,,,,,,,,,,,,,,,,,,,,,447178.30 ,,,,,,,,,,,,,,,,,,,,,
,,,,,,,,,,,,,,,,,,,,,,,,,,,,2.00 ,乙方完成施工图阶段的设计咨询工作且向甲方提交优化成果（包括但不限于优化后的设计文件、设计咨询报告、施工图设计咨询意见），全专业施工图通过甲方委托的第三方审核，并取得施工图审查合格通知书后30个工作日内，付至结算费用的95%。,0.55 ,889870.17 ,623145.95 ,产值确认,44554.00 ,623145.95 ,44554.00 ,623145.95 ,44664.00 ,623145.95 ,44894.00 ,,,,,,,,,,,,,,,,,,,623145.95 ,,,,,,,,,,,,,,623145.95 ,,,,,,,,,,,,,,,,,,,,,
,,,,,,,,,,,,,,,,,,,,,,,,,,,,,,,,266724.22 ,产值确认,44664.00 ,266724.22 ,44664.00 ,266724.22 ,,266724.22 ,44894.00 ,,,,,,,,,,,,,,,,,,,266724.22 ,,,,,,,,,,,,,,266724.22 ,,,,,,,,,,,,,,,,,,,,,
,,,,,,,,,,,,,,,,,,,,,,,,,,,,3.00 ,乙方配合甲方以及与本工程施工所有相关单位至竣工验收并取得竣工备案表，双方办理最终结算手续，按照建设工程规划许可证建筑面积结算并支付余下的费用。,0.05 ,80897.29 ,84581.54 ,预估,,,,,,84581.54 ,,0.00 ,结算金额为：1621630.01,,,,,,,,,,,,,,,,,84581.54 ,,,,,,,,,,,,,,84581.54 ,,,,,,,,,,,,,,,,,,,,,
103,北方,45512.00 ,"涿州市A2-10地块项目
（语系）",,涿州高铁新城2020-55、56号地项目户型精装修、外立面BIM建模服务合同,CRCCRE-SJ-BIM-2024-006,BIM,CRCCRE-BF-ZZ-JZ-2024-08,涿州荣富房地产开发有限公司,7015.35 ,8.55 ,60000.00 ,,,,,,,,,60000.00 ,,,,,,,1.00 ,甲乙双方经协商一致，双方办理结算后30日内一次性支付至结算额100%,1.00 ,60000.00 ,60000.00 ,产值确认单,45652.00 ,60000.00 ,45652.00 ,60000.00 ,45944.00 ,60000.00 ,46021.00 ,0.00 ,抵房租,,,,60000.00 ,60000.00 ,60000.00 ,0.00 ,0.00 ,0.00 ,,,,,,,,,60000.00 ,,,,,,,,,,,,,,60000.00 ,,,,,,直委,OA,,,,,,,,,,,,,
103,北方,44501.00 ,"涿州市A2-10地块项目
（语系）
完成",,涿州高铁新城2020-55、56号地项目地下室BIM管综优化技术咨询服务合同,CRCCRE-SJ-BIM-2021-011,BIM,CRCCRE-BF-ZZ-QQ-2021-21,涿州荣富房地产开发有限公司,61647.53 ,7元/㎡,431532.71 ,,,,,,,,,431532.71 ,,,,,,,1.00 ,乙方提交第一版地下室管线 BIM 模型后15 个工作日内，支付合同额的 30%,0.30 ,129459.81 ,129459.81 ,产值确认,44648.00 ,129459.81 ,44648.00 ,129459.81 ,44648.00 ,129459.81 ,44705.00 ,0.00 ,,,,,431532.70 ,431532.70 ,431532.70 ,0.01 ,0.00 ,0.00 ,,,,,,,,,129459.81 ,,,,,,,,,,,,,,129459.81 ,,,,,,直委,OA,,,,,,,,,,,,,
,,,,,,,,,,,,,,,,,,,,,,,,,,,,2.00 ,乙方提交第一版地下室管线优化 BIM 报告后15 个工作日内，支付合同额的 40%,0.40 ,172613.08 ,172613.08 ,产值确认,44720.00 ,172613.08 ,44720.00 ,172613.08 ,45084.00 ,172613.08 ,45169.00 ,0.00 ,预计8月,,,,,,,,,,,,,,,,,,172613.08 ,,,,,,,,,,,,,,172613.08 ,,,,,,,,,,,,,,,,,,,,
,,,,,,,,,,,,,,,,,,,,,,,,,,,,3.00 ,乙方提交最终版地下室BIM优化报告，15个工作日内，支付合同额的 30%，按照建筑工程规划许可证地下面积进行结算,0.30 ,129459.81 ,129459.81 ,产值确认,45273.00 ,129459.81 ,45273.00 ,129459.81 ,45492.00 ,129459.81 ,45558.00 ,0.00 ,（给智慧建造分配一部分产值，具体数据跟BIM中心核实）,,,,,,,,,,,,,,,,,,129459.81 ,,,,,,,,,,,,,,129459.81 ,,,,,,,,,,,,,,,,,,,,
,,,,,,,,,,,,,,,,,,,,,,,,,,,,,,,,0.01 ,产值确认,45491.00 ,0.01 ,45491.00 ,0.01 ,45491.00 ,0.01 ,45558.00 ,,,,,,,,,,,,,,,,,,,,0.01 ,,,,,,,,,,,,,,0.01 ,,,,,,,,,,,,,,,,,,,,
104,华南,44508.00 ,南宁可研（完成）,,南宁项目组拿地规划概念方案设计合同,CRCCRE-SJ-CZ-2021-014,可研,,中铁房地产集团（广西）有限公司,,5万元/项目,200000.00 ,,,,200000.00 ,,,,,,,,,,,,1.00 ,双方签订合同后，乙方按合同约定提交甲方认可的成果文件，且双方办理完结算后续后，甲方于次月25日内支付乙方完成的规划概念方案设计费。若按照本合同约定标准计算未达到合同总额的，则合同继续执行。,1.00 ,200000.00 ,200000.00 ,开票,44525.00 ,200000.00 ,44525.00 ,200000.00 ,44525.00 ,200000.00 ,44544.00 ,,东莞虎门龙眼社区91亩地块项目5万；东莞市石碣镇北潢路西侧38亩地块项目5万；广州增城中新镇集丰村项目5万；广州番禺大石地块项目5万,完成,,,200000.00 ,200000.00 ,200000.00 ,0.00 ,0.00 ,0.00 ,,,,200000.00 ,,,,,,,,,,,,,,200000.00 ,,,,,,,,,,,直委,OA,,,,,,,,,,,,,
105,雄安,44501.00 ,雄安站枢纽片区2号地项目（一标段）,CRCCRE-DC-XM-2021-023,雄安站枢纽片区2号地项目一标段施工图设计服务合同,CRCCRE-SJ-GC-2021-006,施工图设计,,中铁建河北雄安城市发展有限公司,住宅：49020、公寓：13106、底商：7500、商业：2571、办公：51167、酒店：18342、人防地下室：9600、非人防地下室：64240、专项设计：215546、营销中心设计：3000、零碳咨询：3000,住宅：17、公寓：17、底商：17、商业：25、办公：23、酒店：40、人防地下室：25、非人防地下室：17、专项设计：16.43、营销中心设计：600000、零碳咨询：600000,9231938.78 ,,,,,,8614225.21 ,,562208.39 ,,,,,,55505.18 ,,1-零碳,零碳咨询费用支付方式：营销中心零碳咨询报告完成，设计人出具零碳咨询合同及等额增值税专用发票，经发包人确认后30日内，支付至营销中心零碳咨询费用的100%。,1.00 ,600000.00 ,590000.00 ,产值确认单,44854.00 ,590000.00 ,44854.00 ,600000.00 ,44932.00 ,600000.00 ,44945.00 ,0.00 ,,,,,7111921.30 ,5611654.47 ,6521698.09 ,2120017.48 ,1500266.83 ,-910043.62 ,,,,,,441680.00 ,,143820.00 ,,,,,,4500.00 ,,,,,,441680.00 ,,143820.00 ,,,,,,4500.00 ,,OA,,,,,,,,,,,,,
,,,,,,,,,,,,,,,,,,,,,,,,,,,,,,,,10000.00 ,产值确认单,44932.00 ,10000.00 ,44932.00 ,,,,44945.00 ,,,,,,,,,,,,,,,,,,,,,,,,,10000.00 ,,,,,,,,,,,,,,10000.00 ,,,,,,,,,,,,,,,
,,,,,,,,,,,,,,,,,,,,,,,,,,,,2-主体施工图,①设计人出具主体工程完整施工图设计成果，经发包人确认后30日内，支付主体工程设计费用的（首开区70%）,0.70 ,959706.74 ,959706.74 ,产值确认单,44864.00 ,959706.74 ,44854.00 ,959706.74 ,44932.00 ,959706.74 ,44945.00 ,0.00 ,"05-01地块部分
（产值未切分暂时放工程）",,,,,,,,,,,,,,,836850.40 ,,113259.27 ,,,,,,9597.07 ,,,,,,836850.40 ,,113259.27 ,,,,,,9597.07 ,,,,,,,,,,,,,,,
,,,,,,,,,,,,,,,,,,,,,,,,,,,,,（二批次50%）,0.50 ,1154404.66 ,1154404.66 ,产值确认单,45280.00 ,1154404.66 ,45280.00 ,1154404.66 ,45280.00 ,1154404.66 ,45302.00 ,0.00 ,项目管理中心补工程中心江门商办产值16161.67元,,,,,,,,,,,,,,,1006167.73 ,,148236.93 ,,,,,,,,,,,,1006167.73 ,,148236.93 ,,,,,,,,,,,,,,,,,,,,,
,,,,,,,,,,,,,,,,,,,,,,,,,,,,,（二批次20%）,0.20 ,461761.86 ,461761.86 ,产值确认单,45280.00 ,461761.86 ,45280.00 ,461761.86 ,45280.00 ,461761.86 ,45302.00 ,0.00 ,,,,,,,,,,,,,,,,424867.09 ,,36894.77 ,,,,,,,,,,,,424867.09 ,,36894.77 ,,,,,,,,,,,,,,,,,,,,,
,,,,,,,,,,,,,,,,,,,,,,,,,,,,,③主体工程竣工验收并取得项目竣工联合验收意见书后30日内，支付至主体工程设计费用的90%；(首开区）,0.20 ,,268281.75 ,预估,46233.00 ,,,,,268281.75 ,46233.00 ,0.00 ,,,,,,,,,,,,,,,,244163.22 ,,21435.71 ,,,,,,2682.82 ,,,,,,244163.22 ,,21435.71 ,,,,,,2682.82 ,,,,,,,,,,,,,,,
,,,,,,,,,,,,,,,,,,,,,,,,,,,,,③主体工程竣工验收并取得项目竣工联合验收意见书后30日内，支付至主体工程设计费用的90%；（二批次）,0.20 ,,461761.86 ,预估,46203.00 ,,,,,461761.86 ,,0.00 ,,,,,,,,,,,,,,,,420249.47 ,,36894.77 ,,,,,,4617.62 ,,,,,,420249.47 ,,36894.77 ,,,,,,4617.62 ,,,,,,,,,,,,,,,
,,,,,,,,,,,,,,,,,,,,,,,,,,,,,,,,,,,,,,,,,,,,,,,,,,,,,,,,,,,,,,,,,,,,,,,,,,,,,,,,,,,,,,,,,,,,,,
,,,,,,,,,,,,,,,,,,,,,,,,,,,,,④项目整体交付使用且双方签订结算协议书后30日内，支付至主体工程双方确认结算价款的100%。,0.10 ,449051.80 ,0.00 ,,,,,,,0.00 ,,0.00 ,,,,,,,,,,,,,,,,,,,,,,,,,,,,,,,,,,,,,,,,,,,,,,,,,,,,,
,,,,,,,,,,,,,,,,,,,,,,,,,,,,3-营销中心,①设计人出具营销中心完整施工图设计成果，经发包人确认后30日内，支付营销中心设计费用的50%；,0.50 ,300000.00 ,300000.00 ,产值确认单,44864.00 ,300000.00 ,44854.00 ,300000.00 ,44932.00 ,300000.00 ,44945.00 ,0.00 ,,,,,,,,,,,,,,,,232139.90 ,,64860.10 ,,,,,,3000.00 ,,,,,,232139.90 ,,64860.10 ,,,,,,3000.00 ,,,,,,,,,,,,,,,
,,,,,,,,,,,,,,,,,,,,,,,,,,,,,②发包人取得三函后，支付至营销中心设计费用的70%；,0.20 ,120000.00 ,120000.00 ,产值确认单,44864.00 ,120000.00 ,44854.00 ,120000.00 ,44932.00 ,120000.00 ,44945.00 ,0.00 ,,,,,,,,,,,,,,,,107520.00 ,,11280.00 ,,,,,,1200.00 ,,,,,,107520.00 ,,11280.00 ,,,,,,1200.00 ,,,,,,,,,,,,,,,
,,,,,,,,,,,,,,,,,,,,,,,,,,,,,③营销中心全部工程竣工验收并取得项目竣工联合验收意见书后30日内，支付至营销中心设计费用的90%；,0.20 ,120000.00 ,120000.00 ,产值确认单,45287.00 ,120000.00 ,45287.00 ,,,120000.00 ,46233.00 ,0.00 ,,,,,,,,,,,,,,,,107520.00 ,,11280.00 ,,,,,,1200.00 ,,,,,,107520.00 ,,11280.00 ,,,,,,1200.00 ,,,,,,,,,,,,,,,
,,,,,,,,,,,,,,,,,,,,,,,,,,,,,④项目整体交付使用且双方签订结算协议书后30日内，支付至主体工程双方确认结算价款的100%。,0.10 ,60000.00 ,60000.00 ,,,,,,,60000.00 ,,0.00 ,,,,,,,,,,,,,,,,53760.00 ,,5640.00 ,,,,,,600.00 ,,,,,,53760.00 ,,5640.00 ,,,,,,600.00 ,,,,,,,,,,,,,,,
,,,,,,,,,,,,,,,,,,,,,,,,,,,,"4-专项

","首开区90%专项设计工作完成
（支付70%）5万扣款",0.70 ,876479.34 ,876479.34 ,产值确认单,45217.00 ,876479.34 ,45217.00 ,670595.04 ,45217.00 ,670595.04 ,45246.00 ,205884.30 ,,,,,,,,,,,,,,,,876479.34 ,,,,,,,,,,,,,,670595.04 ,,,,,,,,,,,,,,,,,,,,,,,
,,,,,,,,,,,,,,,,,,,,,,,,,,,,,,,,0.00 ,,,,,,,,,0.00 ,,,,,,,,,,,,,,,,,,,,,,,,,,,,,,,,,,,,,,,,,,,,,,,,,,,,,
,,,,,,,,,,,,,,,,,,,,,,,,,,,,,"二批次50%专项设计工作完成
支付（30%）",0.70 ,576508.36 ,576508.36 ,产值确认单,45287.00 ,576508.36 ,45287.00 ,576508.36 ,45527.00 ,576508.36 ,45533.00 ,0.00 ,,,,,,,,,,,,,,,,576508.36 ,,,,,,,,,,,,,,576508.36 ,,,,,,,,,,,,,,,,,,,,,,,
,,,,,,,,,,,,,,,,,,,,,,,,,,,,,"二批次90%专项设计工作完成
支付（70%-30%）",,768677.81 ,768677.81 ,产值确认单,45527.00 ,768677.81 ,45527.00 ,768677.81 ,45527.00 ,768677.81 ,45533.00 ,0.00 ,,,,,,,,,,,,,,,,768677.81 ,,,,,,,,,,,,,,768677.81 ,,,,,,,,,,,,,,,,,,,,,,,
,,,,,,,,,,,,,,,,,,,,,,,,,,,,,首开区竣工,0.20 ,205884.30 ,,,,,,,,,,,,,,,,,,,,,,,,,,205884.30 ,,,,,,,,,,,,,,205884.30 ,,,,,,,,,,,,,,,,,,,,,,,
,,,,,,,,,,,,,,,,,,,,,,,,,,,,,二批次竣工,0.20 ,384338.91 ,384338.91 ,预估,46203.00 ,,,,,,,,,,,,,,,,,,,,,,,384338.91 ,,,,,,,,,,,,,,384338.91 ,,,,,,,,,,,,,,,,,,,,,,,
,,,,,,,,,,,,,,,,,,,,,,,,,,,,,③设计人完成专项设计工作的70%，经发包人确认进度后30日内，支付至专项设计费用的50%；,0.20 ,,,,,,,,,0.00 ,,0.00 ,,,,,,,,,,,,,,,,,,,,,,,,,,,,,,,,,,,,,,,,,,,,,,,,,,,,,
,,,,,,,,,,,,,,,,,,,,,,,,,,,,,④设计人完成专项设计工作的90%，经发包人确认进度后30日内，支付至专项设计费用的70%；,0.20 ,,,,,,,,,,,0.00 ,,,,,,,,,,,,,,,,,,,,,,,,,,,,,,,,,,,,,,,,,,,,,,,,,,,,,
,,,,,,,,,,,,,,,,,,,,,,,,,,,,,⑤专项设计部分竣工验收并取得项目竣工联合验收意见书后30日内，支付至专项设计费用的90%；,0.20 ,,,,,,,,,0.00 ,,0.00 ,,,,,,,,,,,,,,,,,,,,,,,,,,,,,,,,,,,,,,,,,,,,,,,,,,,,,
,,,,,,,,,,,,,,,,,,,,,,,,,,,,,⑥项目整体交付使用且双方签订结算协议书后30日内，支付至专项设计双方确认结算价款的100%。,0.10 ,,,,,,,,,0.00 ,,0.00 ,,,,,,,,,,,,,,,,,,,,,,,,,,,,,,,,,,,,,,,,,,,,,,,,,,,,,
,雄安,45544.00 ,雄安站枢纽片区2号地项目（其他）,CRCCRE-DC-XM-2021-023,雄安站枢纽片区 2 号地项目一标段竣工图编制合同（实际未签合同，有委托函，直接开发票甲方以报销形式付款）,CRCCRE-SJ-GC-2024-010,竣工图,,中铁城建集团有限公司天津分公司,126358.81 ,1元/㎡,126358.81 ,,,,,,126358.81 ,,,,,,,,,,1.00 ,C1-05-01地块,1.00 ,47028.00 ,47028.00 ,开票,45581.00 ,47028.00 ,45581.00 ,47028.00 ,45581.00 ,47028.00 ,45587.00 ,0.00 ,,,,,,,,,,,,,,,,47028.00 ,,,,,,,,,,,,,,47028.00 ,,,,,,,,,,,,,,,,,,,,,,,
,,,,,,,,,,,,,,,,,,,,,,,,,,,,2.00 ,C1-01-01地块,1.00 ,39554.21 ,0.00 ,,,,,,,0.00 ,,0.00 ,,,,,,,,,,,,,,,,,,,,,,,,,,,,,,,,,,,,,,,,,,,,,,,,,,,,,
,,,,,,,,,,,,,,,,,,,,,,,,,,,,3.00 ,C1-02-01地块,1.00 ,37205.97 ,37205.97 ,开票,45593.00 ,,,37205.97 ,45593.00 ,37205.97 ,45972.00 ,0.00 ,,,,,,,,,,,,,,,,37205.97 ,,,,,,,,,,,,,,37205.97 ,,,,,,,,,,,,,,,,,,,,,,,
,,,,,,,,,,,,,,,,,,,,,,,,,,,,4.00 ,C1-06-01地块,1.00 ,2570.63 ,2570.63 ,开票,45593.00 ,,,2570.63 ,45593.00 ,2570.63 ,45972.00 ,0.00 ,,,,,,,,,,,,,,,,2570.63 ,,,,,,,,,,,,,,2570.63 ,,,,,,,,,,,,,,,,,,,,,,,
106,北方,43709.00 ,天津国印项目,/,天津市津北万（挂）2017-145号宗地项目规划设计项目方案顾问服务合同,CRCCRE-SJ-XM-2019-008,方案,,天津华汇工程建筑设计有限公司,,,200000.00 ,,,200000.00 ,,,,,,,,,,,,,1.00 ,本合同签订后7个工作日内，甲方向乙方支付咨询费用总额50%，计 100000元。,0.50 ,100000.00 ,100000.00 ,开票,43734.00 ,/,/,100000.00 ,43734.00 ,100000.00 ,43768.00 ,0.00 ,,,,,100000.00 ,100000.00 ,100000.00 ,100000.00 ,0.00 ,0.00 ,,,100000.00 ,,,,,,,,,,,,,,100000.00 ,,,,,,,,,,,,直委,OA,,,,,,,,,,,,,
,,,,,,,,,,,,,,,,,,,,,,,,,,,,2.00 ,"乙方提交最终咨询成果并甲方确认后7个工作日内，甲方向乙方支付咨询费用总额的50%,计100000元。",0.50 ,100000.00 ,0.00 ,,,,,,,0.00 ,,0.00 ,,,,,,,,,,,,,,,,,,,,,,,,,,,,,,,,,,,,,,,,,,,,,,,,,,,,,
107,北方,44449.00 ,"青岛铁建康养城项目
（其他）",,中铁建·青岛WELL健康城项目1.1期建筑设计咨询服务合同,CRCCRE-SJ-ZX-2021-009,咨询,CRCCKY-QD-JKC-QQ-2021-023,中铁建康养产业发展有限公司，甲方名称变更为中铁建康养产业发展（青岛）投资有限公司,179000.00 ,7元/㎡（创一0.2，创二1.8，咨询5）,1253000.00 ,,,35800.00 ,322200.00 ,,,,895000.00 ,,,,,,,,1.00 ,合同签订后，完成方案阶段设计咨询服务，取得工程规划许可证后， 20个工作日内双方办理计价手续。按建设工程规划许可证建筑面积结算设计费用，甲方支付工程方案设计优化咨询费的20%给乙方。,0.20 ,250600.00 ,632847.71 ,产值确认单,44557.00 ,632847.71 ,44557.00 ,626500.00 ,44573.00 ,626500.00 ,44764.00 ,6347.71 ,,,,,1272383.63 ,1272383.63 ,1002400.00 ,-19383.63 ,0.00 ,269983.63 ,,,18081.36 ,162732.27 ,,,,452034.08 ,,,,,,,,,18081.36 ,162732.27 ,,,,445686.37 ,,,,,,,直委,OA,,,,,,,,,,,,,
,,,,,,,,,,,,,,,,,,,,,,,,,,,,2.00 ,乙方提交第一版全专业施工图设计咨询报告后，20个工作日内双方办理计价手续。按建设工程规划许可证建筑面积结算设计费用，甲方支付工程全额设计优化咨询费的30%给乙方。,0.30 ,375900.00 ,,,,,,,,,,,,,,,,,,,,,,,,,,,,,,,,,,,,,,,,,,,,,,,,,,,,,,,,,,,,,,,
,,,,,,,,,,,,,,,,,,,,,,,,,,,,3.00 ,乙方提交完深化修改版全版全专业施工图设计咨询报告后，全部专业施工图设计完成审查取得施工图设计文件联合审查意见书，完成图纸会审后，20个工作日内双方办理计价手续。按建设工程规划许可证建筑面积结算设计费用，甲方支付工程全额设计优化咨询费的30%给乙方。,0.30 ,375900.00 ,375900.00 ,产值确认单,44720.00 ,375900.00 ,44720.00 ,375900.00 ,44748.00 ,375900.00 ,44803.00 ,0.00 ,,,,,,,,,,,,,10740.00 ,96660.00 ,,,,268500.00 ,,,,,,,,,10740.00 ,96660.00 ,,,,268500.00 ,,,,,,,,,,,,,,,,,,,,,
,,,,,,,,,,,,,,,,,,,,,,,,,,,,4.00 ,乙方提交完室外工程（小市政）施工图设计咨询报告后，配合甲方完成现场施工阶段，设计变更图纸设计咨询，项目全部结构及安装工程施工结束后，20个工作日内双方办理计价手续。按建设工程规划许可证建筑面积结算设计费用，甲方支付工程全额设计优化咨询费的20%给乙方（结清尾款）。,0.20 ,250600.00 ,256947.70 ,产值确认单,45207.00 ,256947.70 ,45207.00 ,269983.63 ,45799.00 ,100000.00 ,45848.00 ,163635.92 ,,,,,,,,,,,,,7341.37 ,66072.26 ,,,,183534.07 ,,,,,,,,,3000.00 ,26000.00 ,,,,71000.00 ,,,,,,,,,,,,,,,,,,,,,
,,,,,,,,,,,,,,,,,,,,,,,,,,,,,,,,6688.22 ,产值确认单,45677.00 ,6688.22 ,45677.00 ,,,,,,,,,,,,,,,,,,190.61 ,1720.21 ,,,,4777.40 ,,,,,,,,,4531.98 ,41792.47 ,,,,123659.18 ,,,,,,,,,,,,,,,,,,,,,
108,外部,44571.00 ,扬中际华园项目（废）,,扬中际华园概念性规划方案设计合同,CRCCRE-SJ-CZ-2022-001,可研,,际华集团江苏实业投资有限公司,918亩,,485298.00 ,,,,485298.00 ,,,,,,,,,,,,1.00 ,启动费，合同签订5日内,0.20 ,97059.60 ,0.00 ,,,,,,,0.00 ,,0.00 ,,,,,0.00 ,0.00 ,0.00 ,485298.00 ,0.00 ,0.00 ,,,,,,,,,,,,,,,,,,,,,,,,,,,,,直委,OA,,,,,,,,,,,,,
,,,,,,,,,,,,,,,,,,,,,,,,,,,,2.00 ,完成服务内容二第二阶段工作后，阶段汇报、提交文件成果经客户书面认可后5日内,0.60 ,291178.80 ,0.00 ,,,,,,,0.00 ,,0.00 ,,,,,,,,,,,,,,,,,,,,,,,,,,,,,,,,,,,,,,,,,,,,,,,,,,,,,
,,,,,,,,,,,,,,,,,,,,,,,,,,,,3.00 ,完成服务内容二第三阶段工作后，阶段汇报、提交文件成果经客户书面认可后5日内,0.20 ,97059.60 ,0.00 ,,,,,,,0.00 ,,0.00 ,,,,,,,,,,,,,,,,,,,,,,,,,,,,,,,,,,,,,,,,,,,,,,,,,,,,,
109,外部,44682.00 ,广州花都,,投标补偿,/,投标补偿,,深圳市粤鹏建设有限公司,,,140000.00 ,,,100000.00 ,40000.00 ,,,,,,,,,,,,1.00 ,,1.00 ,140000.00 ,140000.00 ,开票,44701.00 ,140000.00 ,44701.00 ,140000.00 ,44701.00 ,140000.00 ,,0.00 ,,,,,,,,,,,,,100000.00 ,40000.00 ,,,,,,,,,,,,,100000.00 ,40000.00 ,,,,,,,,,,,,,,,,,,,,,,,,,
1,贵州,43637.00 ,中国铁建西派府项目,/,中国铁建西派府项目方案设计合同,CRCCRE-SJ-CZ-2019-005,方案,CRCCRE-GZ-ZYXPF-QQ-2019-001,遵义黔贵房地产开发有限公司,360000.00 ,方案：15元/平米,5400000.00 ,0.00 ,0.00 ,0.00 ,5400000.00 ,0.00 ,0.00 ,,0.00 ,0.00 ,0.00 ,0.00 ,,,0.00 ,,1.00 ,合同签订40个工作日内,0.20 ,1080000.00 ,1080000.00 ,开票,43784.00 ,/,/,1080000.00 ,43784.00 ,1080000.00 ,43803.00 ,0.00 ,,同节点,第一次请款,同合同签订日期,5037633.50 ,4677798.00 ,4677798.00 ,362366.50 ,359835.50 ,0.00 ,,,,1080000.00 ,,,,,,,,,,,,,,1080000.00 ,,,,,,,,,,,直委,OA,,,,,,,,,,,,,
,,,,,,,,,,,,,,,,,,,,,,,,,,,,2.00 ,总图、典型单体（平立剖面图）设计完成并得到业主方书面确认之日起40个工作日内,0.20 ,1080000.00 ,446868.00 ,产值确认单,43801.00 ,446868.00 ,43801.00 ,446868.00 ,43833.00 ,446868.00 ,43977.00 ,0.00 ,,同节点,第二次请款,/,,,,,,,,,,446868.00 ,,,,,,,,,,,,,,446868.00 ,,,,,,,,,,,,,,,,,,,,,,,,,
,,,,,,,,,,,,,,,,,,,,,,,,,,,,,,,,633132.00 ,开票,43833.00 ,633132.00 ,/,633132.00 ,43833.00 ,633132.00 ,43977.00 ,0.00 ,,,第三次请款,/,,,,,,,,,,633132.00 ,,,,,,,,,,,,,,633132.00 ,,,,,,,,,,,,,,,,,,,,,,,,,
,,,,,,,,,,,,,,,,,,,,,,,,,,,,3.00 ,方案调整、修改完成并通过政府审查后（规划复函）40个工作日内,0.30 ,1620000.00 ,549895.00 ,产值确认单,43801.00 ,549895.00 ,43801.00 ,549895.00 ,43833.00 ,549895.00 ,43977.00 ,0.00 ,规证面积：133310㎡,完成61#地块，完成64#地块取得规划复函,第二次请款,/,,,,,,,,,,549895.00 ,,,,,,,,,,,,,,549895.00 ,,,,,,,,,,,,,,,,,,,,,,,,,
,,,,,,,,,,,,,,,,,,,,,,,,,,,,,,,,1070105.00 ,产值确认单,44169.00 ,1070105.00 ,44169.00 ,907965.00 ,44324.00 ,907965.00 ,44340.00 ,162140.00 ,规证面积：201770㎡,取得一期64地块1/2/11及地下室，62地块及65地块,"第五次请款
",,,,,,,,,,,1070105.00 ,,,,,,,,,,,,,,907965.00 ,,,,,,,,,,,,,,,,,,,,,,,,,
,,,,,,,,,,,,,,,,,,,,,,,,,,,,4.00 ,完成向施工图设计单位进行方案提资寄方案交底，并经甲方认可后40个工资日内,0.20 ,1080000.00 ,399930.00 ,产值确认单,44082.00 ,399930.00 ,44082.00 ,399930.00 ,44082.00 ,399930.00 ,44124.00 ,0.00 ,已付款,,第四次请款,,,,,,,,,,,399930.00 ,,,,,,,,,,,,,,399930.00 ,,,,,,,,,,,,,,,,,,,,,,,,,
,,,,,,,,,,,,,,,,,,,,,,,,,,,,,,,,680070.00 ,产值确认单,44169.00 ,680070.00 ,44169.00 ,635223.50 ,45947.00 ,635223.50 ,,,,,,,,,,,,,,,,680070.00 ,,,,,,,,,,,,,,635223.50 ,,,,,,,,,,,,,,,,,,,,,,,,,
,,,,,,,,,,,,,,,,,,,,,,,,,,,,,,,,,,,,,24784.50 ,46157.00 ,24784.50 ,,655285.50 ,,,,,,,,,,,,,,,,,,,,,,,,,,,,24784.50 ,,,,,,,,,,,,,,,,,,,,,,,,,
,,,,,,,,,,,,,,,,,,,,,,,,,,,,5.00 ,施工配合、竣工验收完毕40个工作日内,0.10 ,540000.00 ,177633.50 ,,,4642130.83 ,,,,0.00 ,,,,,,,,,,,,,,,,177633.50 ,,,,,,,,,,,,,,,,,,,,,,,,,,,,,,,,,,,,,,,
,,,,,,,,,,,,,,,,,,,,,,,,,,,,,,,,0.00 ,,,,,,,0.00 ,,0.00 ,,完成61#地块已封顶,,,,,,,,,,,,,,,,,,,,,,,,,,,,,,,,,,,,,,,,,,,,,,,,,,,
2,贵州,45656.00 ,创作二室-贵州区域可研CZ-2024-026,CRCCRE-DC-XM-2020-044、CRCCRE-DC-XM-2020-045,可研概念方案设计框架合同,CRCCRE-SJ-CZ-2024-026,可研,,中铁房地产集团（贵州）有限公司,/,"简版：1.5万
深版：6.0万",480000.00 ,0.00 ,0.00 ,0.00 ,480000.00 ,0.00 ,0.00 ,0.00 ,0.00 ,0.00 ,0.00 ,0.00 ,,,0.00 ,,1.00 ,,1.00 ,480000.00 ,480000.00 ,预估,,480000.00 ,,,,0.00 ,,480000.00 ,,,,,480000.00 ,0.00 ,0.00 ,0.00 ,480000.00 ,0.00 ,,,,480000.00 ,,,,,,,,,,,,,,,,,,,,,,,,,直委,OA,,,,,,,,,,,,,
,,,,,,,,,,,,,,,,,,,,,,,,,,,,,,,,,,,,,,,0.00 ,,0.00 ,,,,,,,,,,,,,,,,,,,,,,,,,,,,,,,,,,,,,,,,,,,,,,,,,,,,,
2,贵州,43829.00 ,"可研框架协议合同
（完成）",CRCCRE-DC-XM-2020-044、CRCCRE-DC-XM-2020-045,可研框架协议合同,CRCCRE-SJ-CZ-2019-020,可研,CRCCRE-GZ-GZDC-GYLCB-KF.QQ.02.01-2019-003,中铁房地产集团（贵州）有限公司,/,6万,300000.00 ,0.00 ,0.00 ,0.00 ,300000.00 ,0.00 ,0.00 ,0.00 ,0.00 ,0.00 ,0.00 ,0.00 ,,,0.00 ,,1.00 ,遵义八七厂地块项目,0.20 ,60000.00 ,60000.00 ,开票,43774.00 ,60000.00 ,43774.00 ,60000.00 ,43922.00 ,60000.00 ,43947.00 ,0.00 ,,,,43775.00 ,300000.00 ,300000.00 ,300000.00 ,0.00 ,0.00 ,0.00 ,,,,60000.00 ,,,,,,,,,,,,,,60000.00 ,,,,,,,,,,,直委,OA,,,,,,,,,,,,,
,,,,,,,,,,,,,,,,,,,,,,,,,,,,,遵义忠庄棚改、兰草坝2号地,0.40 ,120000.00 ,120000.00 ,开票,43922.00 ,120000.00 ,43922.00 ,120000.00 ,43922.00 ,120000.00 ,43947.00 ,0.00 ,,,,,,,,,,,,,,120000.00 ,,,,,,,,,,,,,,120000.00 ,,,,,,,,,,,,,,,,,,,,,,,,,
,,,,,,,,,,,,,,,,,,,,,,,,,,,,2.00 ,"贵州甘荫塘3-07、3-08地块
贵阳双龙机场航储-2020X-14-01地块",0.40 ,120000.00 ,120000.00 ,产值确认单,44519.00 ,120000.00 ,44519.00 ,120000.00 ,44571.00 ,120000.00 ,45321.00 ,0.00 ,,"贵州甘荫塘3-07、3-08地块项目
贵阳双龙机场航储-2020X-14-01地块项目",,,,,,,,,,,,120000.00 ,,,,,,,,,,,,,,120000.00 ,,,,,,,,,,,,,,,,,,,,,,,,,
,贵州,44689.00 ,"贵州可研框架
（完成）",,可研框架协议合同,CRCCRE-SJ-CZ-2019-020-B1,可研,CRCCRE-GZ-GZDC-GYLCB-KF.QQ.02.01-2019-003-B1,中铁房地产集团（贵州）有限公司,/,6万,300000.00 ,0.00 ,0.00 ,0.00 ,300000.00 ,0.00 ,0.00 ,0.00 ,0.00 ,0.00 ,0.00 ,0.00 ,,,0.00 ,,1.00 ,"贵阳雨高桥项目
贵阳兰草坝03地块可研项目
贵安潮湖ZK-（15-02、16-04）地块项目
贵安马场MN-（24-01、24-02-A、24-02-B、24-03）地块项目
贵安MN-（18-0102、19-01-A、19-01-B）地块项目
贵安湖潮乡010地块和012地块项目
贵阳双龙航储-2017X-14-02-01原宝能中学居住地块项目
贵阳观山湖区01-09地块项目
贵阳双龙航储-2022X-01地块项目
贵阳贵黔医院项目
贵阳花溪杨家山项目
贵阳云岩三马新建厂地块项目
贵阳云储1号地、云储3号地
贵阳宝山南路地块
遵义官井新地块
遵义国际公馆9#楼",1.00 ,300000.00 ,300000.00 ,产值确认单,44909.00 ,300000.00 ,44909.00 ,240000.00 ,45308.00 ,240000.00 ,45562.00 ,,,,,,,,,,,,,,,300000.00 ,,,,,,,,,,,,,,240000.00 ,,,,,,,,,,,,,,,,,,,,,,,,,
3,,,,,,,,,,,,,,,,,,,,,,,,,,,,,,,,,,,,,60000.00 ,45518.00 ,60000.00 ,45562.00 ,,,,,,,,,,,,,,,,,,,,,,,,,,,,,60000.00 ,,,,,,,,,,,直委,OA,,,,,,,,,,,,,
4,贵州,43098.00 ,贵安山语城B地块项目,/,中国铁建贵安山语城B地块项目规划设计合同,CRCCRE-SJ-CZ-2017-021,方案,,中铁建房地产集团（贵安）有限公司,312751.61 ,方案：22元/㎡,6880535.42 ,0.00 ,0.00 ,0.00 ,6255032.20 ,0.00 ,0.00 ,0.00 ,625503.22 ,0.00 ,0.00 ,0.00 ,,,0.00 ,,1.00 ,1.合同签订5个工作日内,0.20 ,1579600.00 ,1579600.00 ,开票,43167.00 ,/,/,1579600.00 ,43167.00 ,1579600.00 ,43351.00 ,0.00 ,,,,,6880535.42 ,6880535.42 ,6880535.42 ,0.00 ,0.00 ,0.00 ,,,,1421640.00 ,,,,157960.00 ,,,,,,,,,,1421640.00 ,,,,157960.00 ,,,,,,,直委,OA,,,,,,,,,,,,,
,,,,,,,,,,,,,,,,,,,,,,,,,,,,2.00 ,2.总图、典型单体（平立剖面图）设计完成并得到业主方书面确认之日起5个工作日内,0.50 ,3949000.00 ,4956908.65 ,开票,43427.00 ,/,/,4956908.65 ,43427.00 ,4956908.65 ,43464.00 ,0.00 ,,,,,,,,,,,,,,4461217.79 ,,,,495690.87 ,,,,,,,,,,4461217.79 ,,,,495690.87 ,,,,,,,,,,,,,,,,,,,,,
,,,,,,,,,,,,,,,,,,,,,,,,,,,,3.00 ,3.方案调整、修改完成并通过政府审查后（规划复函）5个工作日内,0.25 ,1974500.00 ,,开票,,/,/,,,,,0.00 ,,,,,,,,,,,,,,,,,,,,,,,,,,,,,,,,,,,,,,,,,,,,,,,,,,,,,
,,,,,,,,,,,,,,,,,,,,,,,,,,,,4.00 ,4.施工配合、竣工验收完毕5个工作日内,0.05 ,394900.00 ,344026.77 ,产值确认单,44160.00 ,344026.77 ,44160.00 ,344026.77 ,45294.00 ,344026.77 ,,0.00 ,,,还有7栋楼未建，暂时不能请款,,,,,,,,,,,309624.09 ,,,,34402.68 ,,,,,,,,,,309624.09 ,,,,34402.68 ,,,,,,,,,,,,,,,,,,,,,
4,贵州,43009.00 ,贵安山语城A地块项目,/,中国铁建贵安山语城A地块建筑设计咨询服务合同,CRCCRE-SJ-ZX-2017-007,咨询,,中铁建房地产集团（贵安）有限公司,326374.29 ,施工图咨询：5元/㎡,1609005.00 ,0.00 ,0.00 ,0.00 ,0.00 ,0.00 ,0.00 ,0.00 ,1609005.00 ,0.00 ,0.00 ,0.00 ,,,0.00 ,,1.00 ,1.合同签订后，甲方在提交方案设计资料给乙方后，15个工作日内支付工程A地块设计咨询合计费用的20%给乙方,0.20 ,321801.00 ,321801.00 ,开票,43405.00 ,/,/,321801.00 ,43405.00 ,321801.00 ,43435.00 ,0.00 ,,,（A地块规证面积-A段商业街规证面积）×咨询单价=实际结算金额（326374.29-33867.6）×5=1462533.45,,1609005.00 ,1464174.64 ,1464174.64 ,0.00 ,144830.36 ,0.00 ,,,,,,,,321801.00 ,,,,,,,,,,,,,,321801.00 ,,,,,,,直委,OA,,,,,,,,,,,,,
,,,,,,,,,,,,,,,,,,,,,,,,,,,,2.00 ,2.A地块设计咨询服务费分批次支付给乙方，乙方完成各批次设计咨询服务且施工图经审查通过后，15个工作日内支付各批次咨询服务费的80%给乙方,0.80 ,1287204.00 ,721763.64 ,开票,43405.00 ,/,/,721763.64 ,43405.00 ,721763.64 ,43435.00 ,0.00 ,,,,,,,,,,,,,,,,,,721763.64 ,,,,,,,,,,,,,,721763.64 ,,,,,,,,,,,,,,,,,,,,,
,,,,,,,,,,,,,,,,,,,,,,,,,,,,,,,,420610.00 ,开票,43647.00 ,420610.00 ,43647.00 ,420610.00 ,43678.00 ,420610.00 ,43739.00 ,0.00 ,,,,,,,,,,,,,,,,,,420610.00 ,,,,,,,,,,,,,,420610.00 ,,,,,,,,,,,,,,,,,,,,,
,,,,,,,,,,,,,,,,,,,,,,,,,,,,,,,,144830.36 ,产值确认单,44160.00 ,144830.36 ,44160.00 ,,,0.00 ,,144830.36 ,"多付1641.19元；
结算金额：1631871.45",,,,,,,,,,,,,,,,,144830.36 ,,,,,,,,,,,,,,,,,,,,,,,,,,,,,,,,,,,
5,贵州,43082.00 ,贵安山语城B地块项目(完成),/,中国铁建贵安山语城B地块建筑设计咨询服务合同,CRCCRE-SJ-ZX-2017-011,咨询,,中铁建房地产集团（贵安）有限公司,312751.61 ,施工图咨询：5元/㎡,1563758.05 ,0.00 ,0.00 ,0.00 ,0.00 ,0.00 ,0.00 ,0.00 ,1563758.05 ,0.00 ,0.00 ,0.00 ,,,0.00 ,,1.00 ,1.合同签订后，甲方在提交方案设计资料给乙方后，15个工作日内支付工程B地块设计咨询合计费用的20%给乙方,0.20 ,359210.00 ,359210.00 ,开票,43586.00 ,/,/,359210.00 ,43586.00 ,359210.00 ,43647.00 ,0.00 ,,已完成,,,1563758.05 ,1563758.05 ,1563758.05 ,0.00 ,0.00 ,0.00 ,,,,,,,,359210.00 ,,,,,,,,,,,,,,359210.00 ,,,,,,,直委,OA,,,,,,,,,,,,,
,,,,,,,,,,,,,,,,,,,,,,,,,,,,2.00 ,2.B地块设计咨询服务费分批次支付给乙方，乙方完成各批次设计咨询服务且施工图经审查通过后，15个工作日内支付各批次咨询服务费的80%给乙方,0.80 ,1204548.05 ,1204548.05 ,开票,43830.00 ,/,/,1204548.05 ,43931.00 ,1204548.05 ,43973.00 ,0.00 ,,,已完成项目,,,,,,,,,,,,,,,1204548.05 ,,,,,,,,,,,,,,1204548.05 ,,,,,,,,,,,,,,,,,,,,,
6,贵州,42730.00 ,贵阳国际城,/,贵阳国际城建筑设计咨询服务合同(I\J\A\K),CRCCRE-SJ-ZX-2016-005,咨询,CRCC-GZZH-GJC-QQ-2016-008,贵州中泓房地产开发有限公司,"I\J施工图:   360116   
A\K方案:   265846",I\J施工图咨询：4.5元/㎡，A\K方案咨询4.8元/平米,3381538.26 ,0.00 ,0.00 ,0.00 ,0.00 ,0.00 ,0.00 ,,3381538.26 ,0.00 ,0.00 ,0.00 ,,,0.00 ,,1.00 ,合同签订后，甲方在提交全部设计资料给乙方后，五个工作日内支付合同总价的20%给乙方,0.20 ,579400.00 ,324104.40 ,开票,42705.00 ,/,/,324104.40 ,42705.00 ,324104.40 ,42724.00 ,0.00 ,,,I、J组团360116,,3333435.66 ,2848897.40 ,2848897.40 ,48102.60 ,484538.26 ,0.00 ,,,,,,,,324104.40 ,,,,,,,,,,,,,,324104.40 ,,,,,,,,,,,,,,,,,,,,,
,,,,,,,,,,,,,,,,,,,,,,,,,,,,,,,,239261.40 ,开票,42705.00 ,/,/,239261.40 ,42705.00 ,239261.40 ,42724.00 ,0.00 ,,,A、K组团265846,,,,,,,,,,,,,,,239261.40 ,,,,,,,,,,,,,,239261.40 ,,,,,,,,,,,,,,,,,,,,,
,,,,,,,,,,,,,,,,,,,,,,,,,,,,2.00 ,"乙方完成I、J组团设计咨询工作并经甲方认可，甲方支付该工程设计咨询费40%
（115.88万元）给乙方",0.40 ,1158800.00 ,648208.80 ,开票,42705.00 ,/,/,648208.80 ,42705.00 ,648208.80 ,42724.00 ,0.00 ,,,I\J组团现在重新出方案,,,,,,,,,,,,,,,648208.80 ,,,,,,,,,,,,,,648208.80 ,,,,,,,,,,,,,,,,,,,,,
,,,,,,,,,,,,,,,,,,,,,,,,,,,,,,,,478522.80 ,开票,42705.00 ,/,/,478522.80 ,42705.00 ,478522.80 ,42724.00 ,0.00 ,,,,,,,,,,,,,,,,,,478522.80 ,,,,,,,,,,,,,,478522.80 ,,,,,,,,,,,,,,,,,,,,,
,,,,,,,,,,,,,,,,,,,,,,,,,,,,3.00 ,乙方完成A、K组团设计咨询工作并经甲方认可，甲方支付该工程设计优化咨询费40%（115.88万元）给乙方,0.40 ,1158800.00 ,579400.00 ,开票,44174.00 ,579400.00 ,44174.00 ,579400.00 ,44337.00 ,579400.00 ,44580.00 ,0.00 ,,,结算后AK设计费增加484538.26,,,,,,,,,,,,,,,579400.00 ,,,,,,,,,,,,,,579400.00 ,,,,,,,,,,,,,,,,,,,,,
,,,,,,,,,,,,,,,,,,,,,,,,,,,,,,,,579400.00 ,开票,44174.00 ,579400.00 ,44174.00 ,579400.00 ,44546.00 ,219000.00 ,45653.00 ,360400.00 ,,,,,,,,,,,,,,,,,,579400.00 ,,,,,,,,,,,,,,219000.00 ,,,,,,,,,,,,,,,,,,,,,
,,,,,,,,,,,,,,,,,,,,,,,,,,,,,,,,,,,,,,,360400.00 ,,,,,,,,,,,,,,,,,,,,,,,,,,,,,,,,,,360400.00 ,,,,,,,,,,,,,,,,,,,,,
,,,,,,,,,,,,,,,,,,,,,,,,,,,,,,,,484538.26 ,产值确认单,44864.00 ,484538.26 ,,,,,,,,,,,,,,,,,,,,,,,,484538.26 ,,,,,,,,,,,,,,,,,,,,,,,,,,,,,,,,,,,
,,,,,,,,,,,,,,,,,,,,,,,,,,,,,,,,0.00 ,产值确认单,,-368658.26 ,,,,0.00 ,,0.00 ,AK新增面积：100945.47,AK方案面积：366791.47,,,,,,,,,,,,,,,,,,,,,,,,,,,,,,,,,,,,,,,,,,,,,,,,,,,
7,贵州,43844.00 ,"贵阳国际城
(完成)",CRCCRE-DC-XM-2020-019,中国铁建·国际城E1、E4、E5组团项目建筑设计咨询服务合同,CRCCRE-SJ-ZX-2020-002,咨询,,贵州中泓房地产开发有限公司,48159.47 ,咨询：7元/㎡,337116.29 ,0.00 ,0.00 ,0.00 ,0.00 ,0.00 ,0.00 ,,337116.29 ,0.00 ,0.00 ,0.00 ,,,0.00 ,,1.00 ,1.合同签订后，20个工作日内支付合同总价20%给乙方,0.20 ,67423.26 ,67423.26 ,产值确认单,43909.00 ,67423.26 ,43909.00 ,67423.26 ,43909.00 ,67423.26 ,44195.00 ,0.00 ,已完成,,,,337116.29 ,337116.29 ,337116.29 ,0.00 ,0.00 ,0.00 ,,,,,,,,67423.26 ,,,,,,,,,,,,,,67423.26 ,,,,,,,直委,OA,,,,,,,,,,,,,
,,,,,,,,,,,,,,,,,,,,,,,,,,,,2.00 ,2.乙方完成方案阶段的设计咨询工作并经甲方认可后20个工作日内支付30%给乙方,0.30 ,101134.89 ,101134.89 ,产值确认单,43909.00 ,101134.89 ,43909.00 ,101134.89 ,43909.00 ,101134.89 ,44195.00 ,0.00 ,,,,,,,,,,,,,,,,,,101134.89 ,,,,,,,,,,,,,,101134.89 ,,,,,,,,,,,,,,,,,,,,,
,,,,,,,,,,,,,,,,,,,,,,,,,,,,3.00 ,3.乙方完成施工图阶段的设计咨询工作并经甲方认可后20个工作日内支付50%给乙方,0.50 ,168558.15 ,168558.15 ,产值确认单,44119.00 ,168558.15 ,44135.00 ,168558.15 ,44200.00 ,168558.15 ,44231.00 ,0.00 ,,,,,,,,,,,,,,,,,,168558.15 ,,,,,,,,,,,,,,168558.15 ,,,,,,,,,,,,,,,,,,,,,
6,贵州,45809.00 ,贵阳国际城J组团项目,/,中国铁建·国际城J组团方案优化设计合同,CRCCRE-SJ-CZ-2025-008,方案,CRCCRE-GZ-GJC-QQ-2025-004,贵州中泓房地产开发有限公司,,,285000.00 ,0.00 ,0.00 ,0.00 ,285000.00 ,0.00 ,0.00 ,,0.00 ,0.00 ,0.00 ,0.00 ,,,0.00 ,,1.00 ,合同签订并提交第一版概念性方案后，经甲方审核确认后，20个工作日之内甲方向乙方支付本合同设计费的20%,0.20 ,57000.00 ,57000.00 ,产值确认单,45889.00 ,57000.00 ,45889.00 ,57000.00 ,45889.00 ,57000.00 ,,0.00 ,,,I、J组团360116,,285000.00 ,285000.00 ,285000.00 ,0.00 ,0.00 ,0.00 ,,,,57000.00 ,,,,,,,,,,,,,,57000.00 ,,,,,,,,,,,,,,,,,,,,,,,,,
,,,,,,,,,,,,,,,,,,,,,,,,,,,,2.00 ,乙方提交修改后方案文本并协助完成项目的规划报建工作，方案通过政府相关审批（建设工程规划许可证）后，20个工作日之内，甲方向乙方支付本合同设计费的50%,0.50 ,142500.00 ,142500.00 ,产值确认单,45889.00 ,142500.00 ,45889.00 ,142500.00 ,45889.00 ,142500.00 ,,0.00 ,,,I\J组团现在重新出方案,,,,,,,,,,,142500.00 ,,,,,,,,,,,,,,142500.00 ,,,,,,,,,,,,,,,,,,,,,,,,,
,,,,,,,,,,,,,,,,,,,,,,,,,,,,3.00 ,协助完成施工图设计评审，获取施工图审查合格证后，20个工作日之内，甲方向乙方支付本合同设计费的20%,0.20 ,57000.00 ,57000.00 ,产值确认单,45889.00 ,57000.00 ,45889.00 ,57000.00 ,45889.00 ,57000.00 ,,0.00 ,,,结算后AK设计费增加484538.26,,,,,,,,,,,57000.00 ,,,,,,,,,,,,,,57000.00 ,,,,,,,,,,,,,,,,,,,,,,,,,
,,,,,,,,,,,,,,,,,,,,,,,,,,,,4.00 ,完成本项目外立面材料封样完成后，甲方向乙方支付本合同结算后的剩余费用10%,0.10 ,28500.00 ,28500.00 ,预估,46172.00 ,28500.00 ,46172.00 ,28500.00 ,,28500.00 ,46233.00 ,0.00 ,,,,,,,,,,,,,,28500.00 ,,,,,,,,,,,,,,28500.00 ,,,,,,,,,,,,,,,,,,,,,,,,,
8,贵州,43873.00 ,贵州遵义国际公馆,CRCCRE-DC-XM-2020-034,国际公馆项目工程设计咨询服务,CRCCRE-SJ-ZX-2020-006,咨询,,遵义中铁京筑置业有限公司,437701.78 ,施工图咨询：4.5元/㎡,1969658.00 ,0.00 ,0.00 ,0.00 ,0.00 ,0.00 ,0.00 ,,1969658.00 ,0.00 ,0.00 ,0.00 ,,,0.00 ,,1.00 ,1.合同签订后，甲方在提交全部设计资料给乙方后，次月三十日前,0.20 ,393931.60 ,393931.60 ,开票,43915.00 ,/,/,393931.60 ,43915.00 ,393931.60 ,44033.00 ,0.00 ,,,7月已付款,,1969658.00 ,1391613.97 ,1969658.00 ,0.00 ,578044.03 ,-578044.03 ,,,,,,,,393931.60 ,,,,,,,,,,,,,,393931.60 ,,,,,,,直委,OA,,,,,,,,,,,,,
,,,,,,,,,,,,,,,,,,,,,,,,,,,,2.00 ,2.乙方完成方案阶段的设计咨询工作并经甲方书面签批后，次月三十日前,0.30 ,590897.40 ,590897.40 ,开票,44082.00 ,590897.40 ,44082.00 ,590897.40 ,44082.00 ,590897.40 ,44144.00 ,0.00 ,,,已开发票，等甲方付款流程，产值确认单确认50%,,,,,,,,,,,,,,,590897.40 ,,,,,,,,,,,,,,590897.40 ,,,,,,,,,,,,,,,,,,,,,
,,,,,,,,,,,,,,,,,,,,,,,,,,,,3.00 ,3.乙方完成各分期施工图阶段的设计咨询工作并经甲方书面签批后，次月三十日前,0.50 ,984829.00 ,406784.97 ,产值确认单,44410.00 ,406784.97 ,44410.00 ,406784.97 ,44411.00 ,406784.97 ,44467.00 ,0.00 ,,,,,,,,,,,,,,,,,,406784.97 ,,,,,,,,,,,,,,406784.97 ,,,,,,,,,,,,,,,,,,,,,
,,,,,,,,,,,,,,,,,,,,,,,,,,,,,,,,578044.03 ,产值确认单,44545.00 ,578044.03 ,44545.00 ,,,578044.03 ,,0.00 ,完成7#8#规证面积为：48323.20㎡,,,,,,,,,,,,,,,,,578044.03 ,,,,,,,,,,,,,,578044.03 ,,,,,,,,,,,,,,,,,,,,,
9,贵州,43369.00 ,兰草坝回迁安置项目(完成),/,兰草坝02-03、05、06地块回迁安置项目可研阶段概念性方案设计合同,CRCCRE-SJ-CZ-2018-028,可研,,中铁房地产集团（贵州）有限公司,/,10万一个,100000.00 ,0.00 ,0.00 ,0.00 ,100000.00 ,0.00 ,0.00 ,,0.00 ,0.00 ,0.00 ,,,,0.00 ,,1.00 ,1.概念性方案设计完成、交付并得到甲方书面确认函之日后的40个工作日内；   2.完成概念方案交底得到甲方书面确认函之日后的次月40个工作日内；或项目未继续开展，得到甲方书面确认函之日后的40个工作日内。,1.00 ,100000.00 ,100000.00 ,开票,43709.00 ,/,/,100000.00 ,43709.00 ,100000.00 ,43829.00 ,0.00 ,,,已完成项目,,100000.00 ,100000.00 ,100000.00 ,0.00 ,0.00 ,0.00 ,,,,100000.00 ,,,,,,,,,,,,,,100000.00 ,,,,,,,,,,,,,,,,,,,,,,,,,
10,贵州,44050.00 ,兰草坝02号地块项目,CRCCRE-DC-XM-2020-075,中国铁建兰草坝02号地块项目地下室BIM管综优化服务合同,CRCCRE-SJ-BIM-2020-016,BIM,CRCCRE-GY-LCB2-QQ-2020-013,中铁房地产集团（贵阳）有限公司,111572.60 ,地下室BIM管综：7.5元/㎡,836794.50 ,0.00 ,0.00 ,0.00 ,0.00 ,0.00 ,0.00 ,,0.00 ,836794.50 ,0.00 ,0.00 ,,,0.00 ,0.00 ,1.00 ,乙方完成提交BIM初步建模后15个工作日内,0.15 ,125519.18 ,292878.08 ,开票,44070.00 ,292878.08 ,44070.00 ,292878.08 ,44070.00 ,292878.08 ,44222.00 ,0.00 ,,,,,836794.51 ,794954.78 ,794916.43 ,-0.01 ,41839.73 ,38.35 ,,,,,,,,,292878.08 ,,,,,,,,,,,,,,292878.08 ,,,,,,,,,,,,,,,,,,,,
,,,,,,,,,,,,,,,,,,,,,,,,,,,,2.00 ,乙方完成完成BIM初步建模，并出具土建及机电问题报告，提交设计文件，完成相关交底、审核、指导，经甲方书面确认并提供请款资料后30个工作日内,0.20 ,167358.90 ,,,,,,,,,,0.00 ,,,,,,,,,,,,,,,,,,,,,,,,,,,,,,,,,,,,,,,,,,,,,,,,,,,,,
,,,,,,,,,,,,,,,,,,,,,,,,,,,,3.00 ,乙方完成BIM管综模型、管综问题报告文件及咨询报告文件，完成相关交底、审核、指导，经甲方书面确认并提供请款资料后30个工作日内,0.30 ,251038.35 ,251038.35 ,开票,44169.00 ,251038.35 ,44169.00 ,251038.35 ,44216.00 ,251000.00 ,44293.00 ,0.00 ,,,,,,,,,,,,,,,,,,,251038.35 ,,,,,,,,,,,,,,251000.00 ,,,,,,,,,,,,,,,,,,,,
,,,,,,,,,,,,,,,,,,,,,,,,,,,,4.00 ,乙方完成管综模型出图咨询设计文件、管综预留洞口出图和BIM漫游动画文件，完成相关交底、审核、指导，并经甲方书面确认并提供请款资料后30个工作日内,0.30 ,251038.35 ,251038.35 ,产值确认单,44630.00 ,251038.35 ,44630.00 ,204169.05 ,45882.00 ,204169.05 ,46233.00 ,46869.30 ,,,预计9月请款,,,,,,,,,,,,,,,,251038.35 ,,,,,,,,,,,,,,204169.05 ,,,,,,,,,,,,,,,,,,,,
,,,,,,,,,,,,,,,,,,,,,,,,,,,,,,,,,,,,,46869.30 ,,46869.30 ,,,,,,,,,,,,,,,,,,,,,,,,,,,,,,,,,,,46869.30 ,,,,,,,,,,,,,,,,,,,,
,,,,,,,,,,,,,,,,,,,,,,,,,,,,5.00 ,乙方配合完成施工现场需要的咨询服务，完成相关交底、审核、指导，在工程竣工验收合格办理完成结算，并提供请款资料后30个工作日内,0.05 ,41839.73 ,41839.73 ,,,,,,,0.00 ,,41839.73 ,预计2023年12月竣备交付,,,,,,,,,,,,,,,,,,41839.73 ,,,,,,,,,,,,,,,,,,,,,,,,,,,,,,,,,,
11,贵州,44369.00 ,贵州双龙航空港大数据项目（A、B园）,/,贵州广电大数据园区综合体项目及中国文化（出版广电）大数据产业项目（CCDI项目）工程设计咨询服务合同,CRCCRE-SJ-ZX-2021-005,咨询,CRCCRE-GZ-ZGWCC-QQ-2021-059,贵州中广文创城置业有限公司,938429.84 ,施工图咨询：4元/㎡,3753719.36 ,0.00 ,0.00 ,0.00 ,0.00 ,0.00 ,0.00 ,0.00 ,3753719.36 ,0.00 ,0.00 ,0.00 ,0.00 ,,0.00 ,,1.00 ,合同生效后甲方在提交全部设计资料给乙方后（根据实际进度按地块支付），次月三十日前,0.10 ,375371.94 ,107575.20 ,产值确认单,44525.00 ,107575.20 ,44525.00 ,100000.00 ,44670.00 ,100000.00 ,44700.00 ,7575.20 ,"已完成B园01地块面积：
268938㎡",,开票50万元,,2648276.59 ,1918122.33 ,3419610.07 ,1105442.77 ,730154.26 ,-1501487.74 ,,,,,,,,107575.20 ,,,,,,,,,,,,,,100000.00 ,,,,,,,直委,OA,,,,,,,,,,,,,
,,,,,,,,,,,,,,,,,,,,,,,,,,,,,,,,,,,,,7575.20 ,45677.00 ,7575.20 ,45679.00 ,,,,,,,,,,,,,,,,,,,,,,,,,,,,,,,,,7575.20 ,,,,,,,,,,,,,,,,,,,,,
,,,,,,,,,,,,,,,,,,,,,,,,,,,,,,,,74963.36 ,产值确认单,44555.00 ,74963.36 ,44545.00 ,74963.36 ,45039.00 ,74963.36 ,45105.00 ,7575.20 ,已完成A园面积187408.41㎡,,,,,,,,,,,,,,,,,74963.36 ,,,,,,,,,,,,,,74963.36 ,,,,,,,,,,,,,,,,,,,,,
,,,,,,,,,,,,,,,,,,,,,,,,,,,,,,,,175308.65 ,产值确认单,45232.00 ,175308.65 ,45232.00 ,175308.65 ,45946.00 ,175308.65 ,46386.00 ,,"A园：545126.09
B园：349491.93",,,,,,,,,,,,,,,,,175308.65 ,,,,,,,,,,,,,,175308.65 ,,,,,,,,,,,,,,,,,,,,,
,,,,,,,,,,,,,,,,,,,,,,,,,,,,,,,,0.00 ,,,,,,,0.00 ,,0.00 ,,,,,,,,,,,,,,,,,,,,,,,,,,,,,,,,,,,,,,,,,,,,,,,,,,,,,
,,,,,,,,,,,,,,,,,,,,,,,,,,,,2.00 ,乙方完成第一版全专业施工图阶段的设计咨询工作并经甲方书面审核并签批后，次月三十日前（具体面积以相应《单体方案建筑面积计算报告》为准,0.40 ,1501487.74 ,430300.80 ,产值确认单,44525.00 ,430300.80 ,44525.00 ,400000.00 ,44670.00 ,400000.00 ,44700.00 ,30300.80 ,"已完成B园01地块面积：
268938㎡",,,,,,,,,,,,,,,,,430300.80 ,,,,,,,,,,,,,,400000.00 ,,,,,,,,,,,,,,,,,,,,,
,,,,,,,,,,,,,,,,,,,,,,,,,,,,,,,,,,,,,30300.80 ,45677.00 ,30300.80 ,45679.00 ,,,,,,,,,,,,,,,,,,,,,,,,,,,,,,,,,30300.80 ,,,,,,,,,,,,,,,,,,,,,
,,,,,,,,,,,,,,,,,,,,,,,,,,,,,,,,299853.46 ,产值确认单,44555.00 ,299853.46 ,44545.00 ,137729.46 ,45039.00 ,137729.46 ,45105.00 ,,已完成A园面积187408.41㎡,,,,,,,,,,,,,,,,,299853.46 ,,,,,,,,,,,,,,137729.46 ,,,,,,,,,,,,,,,,,,,,,
,,,,,,,,,,,,,,,,,,,,,,,,,,,,,,,,,,,,,162124.00 ,45665.00 ,162124.00 ,45679.00 ,,,,,,,,,,,,,,,,,,,,,,,,,,,,,,,,,162124.00 ,,,,,,,,,,,,,,,,,,,,,
,,,,,,,,,,,,,,,,,,,,,,,,,,,,,,,,701234.57 ,产值确认单,45232.00 ,701234.57 ,45232.00 ,701234.57 ,45946.00 ,701234.57 ,46386.00 ,,"A园：545126.09
B园：349491.93",,,,,,,,,,,,,,,,,701234.57 ,,,,,,,,,,,,,,701234.57 ,,,,,,,,,,,,,,,,,,,,,
,,,,,,,,,,,,,,,,,,,,,,,,,,,,,,,,0.00 ,预估,,,,,,771333.48 ,,-771333.48 ,,,,,,,,,,,,,,,,,,,,,,,,,,,,,,,,771333.48 ,,,,,,,,,,,,,,,,,,,,,
,,,,,,,,,,,,,,,,,,,,,,,,,,,,3.00 ,乙方完成项目设计咨询总结报告并经甲方书面审核并签批后，次月三十日前（具体面积以相应《单体方案建筑面积计算报告》为准）（根据实际进度按地块支付）,0.40 ,1501487.74 ,430300.80 ,产值确认单,44854.00 ,430300.80 ,44854.00 ,,,430300.80 ,,0.00 ,"B园01地块面积
268938㎡",,,,,,,,,,,,,,,,,430300.80 ,,,,,,,,,,,,,,430300.80 ,,,,,,,,,,,,,,,,,,,,,
,,,,,,,,,,,,,,,,,,,,,,,,,,,,,,,,,,,,,,,,,,,,,,,,,,,,,,,,,,,,,,,,,,,,,,,,,,,,,,,,,,,,,,,,,,,,,,
,,,,,,,,,,,,,,,,,,,,,,,,,,,,,,,,299853.46 ,产值确认单,44854.00 ,299853.46 ,44854.00 ,,,299853.46 ,,0.00 ,A园面积187408.41㎡,,,,,,,,,,,,,,,,,299853.46 ,,,,,,,,,,,,,,299853.46 ,,,,,,,,,,,,,,,,,,,,,
,,,,,,,,,,,,,,,,,,,,,,,,,,,,,,,,128886.29 ,产值确认单,45232.00 ,128886.29 ,45232.00 ,128886.29 ,45946.00 ,128886.29 ,46386.00 ,,B园：349491.93,,,,,,,,,,,,,,,,,128886.29 ,,,,,,,,,,,,,,128886.29 ,,,,,,,,,,,,,,,,,,,,,
,,,,,,,,,,,,,,,,,,,,,,,,,,,,,,,,0.00 ,,,,,,,0.00 ,,0.00 ,,,,,,,,,,,,,,,,,,,,,,,,,,,,,,,,,,,,,,,,,,,,,,,,,,,,,
,,,,,,,,,,,,,,,,,,,,,,,,,,,,4.00 ,乙方完成整个项目施工图设计（包括设计变更等）相应咨询工作并经甲方书面审核并签批后，次月三十日前（根据实际进度按地块支付）,0.10 ,375371.94 ,0.00 ,,,,,,,0.00 ,,0.00 ,,,,,,,,,,,,,,,,,,,,,,,,,,,,,,,,,,,,,,,,,,,,,,,,,,,,,
12,贵州,44406.00 ,贵安山语城项目A段商业街,CRCCRE-DC-XM-2021-006,"中国铁建·贵安山语城项目A段商业街
方案及施工图BIM设计咨询合同",CRCCRE-SJ-CZ-2021-007,方案+施工图,CRCCRE-GZ-GAGS-GASYC-KF.QQ.02.01-2021-002,中铁建房地产集团（贵安）有限公司,33867.60 ,30元/㎡,1016028.00 ,0.00 ,0.00 ,0.00 ,521912.95 ,0.00 ,325087.53 ,0.00 ,65796.68 ,75000.00 ,0.00 ,0.00 ,,,28230.84 ,0.00 ,定金,甲方书面启动地块方案设计确认函30天内支付，本合同履行后抵作设计费,0.10 ,101602.80 ,304808.37 ,产值确认单,44424.00 ,304808.40 ,44424.00 ,101602.80 ,44426.00 ,101602.80 ,44468.00 ,203205.57 ,具体金额以单地块实际发生量为准,,,,1016027.97 ,304808.40 ,965226.57 ,0.03 ,711219.57 ,-660418.17 ,,,,156573.87 ,,97526.24 ,,19739.01 ,22499.99 ,,,,,8469.26 ,,,,52191.29 ,,32508.75 ,,6579.67 ,7500.00 ,,,,,2823.09 ,直委,OA,,,,,,,,,,,,,
,,,,,,,,,,,,,,,,,,,,,,,,,,,,概念方案阶段,概念方案提交成果并经甲方认可之日起30天内支付,0.20 ,203205.60 ,,,,,,203205.60 ,,203205.57 ,,-203205.57 ,,,,,,,,,,,,,,,,,,,,,,,,,,,,104382.58 ,,65017.49 ,,13159.34 ,14999.99 ,,,,,5646.17 ,,,,,,,,,,,,,,,
,,,,,,,,,,,,,,,,,,,,,,,,,,,,方案设计阶段,乙方完成全部方案调整、修改并通过政府审查后（规划复函）30天内支付,0.20 ,203205.60 ,203205.60 ,,,,,,,203205.60 ,,,,,,,,,,,,,,,,168210.66 ,,0.00 ,,10160.28 ,10160.28 ,,,,,14674.38 ,,,,168210.66 ,,0.00 ,,10160.28 ,10160.28 ,,,,,14674.38 ,,,,,,,,,,,,,,,
,,,,,,,,,,,,,,,,,,,,,,,,,,,,报建阶段,甲方取得《建筑工程规划许可证》之日起30个工作日内,0.20 ,203205.60 ,203205.60 ,,,,,,,203205.60 ,,,,,,,,,,,,,,,,171032.78 ,,0.00 ,,13008.50 ,15488.67 ,,,,,3675.65 ,,,,171032.78 ,,0.00 ,,13008.50 ,15488.67 ,,,,,3675.65 ,,,,,,,,,,,,,,,
,,,,,,,,,,,,,,,,,,,,,,,,,,,,施工图设计阶段,甲方完成施工图审查并取得审查合格证后30个工作日内支付，按照《建设工程规划许可证》建筑面积进行结算,0.25 ,254007.00 ,254007.00 ,,,,,,,254007.00 ,,,,,,,,,,,,,,,,0.00 ,,211306.89 ,,19599.05 ,23101.06 ,,,,,0.00 ,,,,0.00 ,,211306.89 ,,19599.05 ,23101.06 ,,,,,0.00 ,,,,,,,,,,,,,,,
,,,,,,,,,,,,,,,,,,,,,,,,,,,,竣工验收阶段,施工配合、竣工验收完成，资料签署完毕后30天内支付,0.05 ,50801.40 ,50801.40 ,,,,,,,0.00 ,,50801.40 ,,,,,,,,,,,,,,26095.65 ,,16254.38 ,,3289.83 ,3750.00 ,,,,,1411.54 ,,,,,,,,,,,,,,,,,,,,,,,,,,,,,
13,贵州,44383.00 ,贵阳兰草坝售楼处,CRCCRE-DC-XM-2021-007,兰草坝G（11）13号地块棚户区改造项目06-2#楼设计咨询服务合同,CRCCRE-SJ-BIM-2021-008,BIM+咨询,CRCCRE-GZ-LCB-QQ-2021-001,中铁房地产集团（贵州）有限公司,8357.59 ,25万,250000.00 ,0.00 ,0.00 ,0.00 ,0.00 ,0.00 ,0.00 ,0.00 ,50000.00 ,0.00 ,200000.00 ,0.00 ,,,0.00 ,0.00 ,1.00 ,乙方完成配合方案确定，方案满足施工图要求后，经甲方书面确认并提供请款资料后15个工作日内,0.30 ,75000.00 ,75000.00 ,产值确认单,44440.00 ,75000.00 ,44454.00 ,75000.00 ,44461.00 ,100000.00 ,44530.00 ,-25000.00 ,,,,,250000.00 ,237500.00 ,250000.00 ,0.00 ,12500.00 ,-12500.00 ,,,,,,,,15000.00 ,,60000.00 ,,,,,,,,,,,,20000.00 ,,80000.00 ,,,,,直委,OA,,,,,,,,,,,,,
,,,,,,,,,,,,,,,,,,,,,,,,,,,,2.00 ,乙方完成方案至施工图设计咨询、经甲方书面确认并提供请款资料后15个工作日内,0.30 ,75000.00 ,75000.00 ,产值确认单,44440.00 ,75000.00 ,44454.00 ,75000.00 ,44461.00 ,50000.00 ,44895.00 ,0.00 ,,,,,,,,,,,,,,,,,,15000.00 ,,60000.00 ,,,,,,,,,,,,10000.00 ,,40000.00 ,,,,,,,,,,,,,,,,,,,
,,,,,,,,,,,,,,,,,,,,,,,,,,,,3.00 ,乙方完成全专业BIM模型，完成钢结构可建造BIM工作内容后，经甲方书面确认并提供请款资料后15个工作日内,0.25 ,62500.00 ,62500.00 ,产值确认单,44555.00 ,62500.00 ,44545.00 ,62500.00 ,45947.00 ,62500.00 ,46386.00 ,,,,,,,,,,,,,,,,,,,12500.00 ,,50000.00 ,,,,,,,,,,,,12500.00 ,,50000.00 ,,,,,,,,,,,,,,,,,,,
,,,,,,,,,,,,,,,,,,,,,,,,,,,,4.00 ,钢结构及幕墙主体安装完成后15个工作日内,0.10 ,25000.00 ,25000.00 ,产值确认单,44555.00 ,25000.00 ,44545.00 ,25000.00 ,45947.00 ,25000.00 ,46386.00 ,,,,,,,,,,,,,,,,,,,5000.00 ,,20000.00 ,,,,,,,,,,,,5000.00 ,,20000.00 ,,,,,,,,,,,,,,,,,,,
,,,,,,,,,,,,,,,,,,,,,,,,,,,,5.00 ,展示区竣工验收合格后，经甲方书面确认并提供请款资料后15个工作日内（5%）,0.05 ,12500.00 ,12500.00 ,产值确认单,44555.00 ,12500.00 ,44545.00 ,,,12500.00 ,,0.00 ,,,,,,,,,,,,,,,,,,2500.00 ,,10000.00 ,,,,,,,,,,,,2500.00 ,,10000.00 ,,,,,,,,,,,,,,,,,,,
14,贵州,43789.00 ,张家口林语山悦项目,无,张家口林语山悦项目建筑设计咨询服务合同,CRCCRE-SJ-ZX-2019-012,咨询,,中铁房地产集团文旅发展有限公司,93188.97 ,施工图咨询：5元/㎡,465944.85 ,0.00 ,0.00 ,0.00 ,0.00 ,0.00 ,0.00 ,0.00 ,465944.85 ,0.00 ,0.00 ,0.00 ,,,0.00 ,/,咨询-1,合同签订甲方在提交全部设计资料给乙方后，20个工作日内支付,0.20 ,100000.00 ,100000.00 ,开票,43936.00 ,100000.00 ,/,100000.00 ,43936.00 ,100000.00 ,43966.00 ,0.00 ,,同节点,,43691.00 ,500000.00 ,465944.85 ,465944.85 ,-34055.15 ,34055.15 ,0.00 ,,,,,,,,100000.00 ,,,,,,,,,,,,,,100000.00 ,,,,,,,直接委托,OA,,,,,,,,,,,,,
,,,,,,,,,,,,,,,,,,,,,,,,,,,,咨询-2,乙方完成施工图阶段的设计咨询工作并经甲方认可，20个工作日内,0.80 ,365944.85 ,400000.00 ,产值确认单,44116.00 ,400000.00 ,44124.00 ,365944.85 ,44585.00 ,365944.85 ,,34055.15 ,咨询工作完成,同节点,退票重开,,,,,,,,,,,,,,,400000.00 ,,,,,,,,,,,,,,365944.85 ,,,,,,,,,,,,,,,,,,,,,
,,,,,,,,,,,,,,,,,,,,,,,,,,,,,,,,-34055.15 ,产值确认单,44585.00 ,-34055.15 ,44585.00 ,,,,,,,,,,,,,,,,,,,,,,,-34055.15 ,,,,,,,,,,,,,,,,,,,,,,,,,,,,,,,,,,,
15,贵州,44135.00 ,贵阳阳明文旅城项目,无,贵阳阳明文旅城项目建筑设计咨询服务合同,CRCCRE-SJ-ZX-2020-016,咨询,,贵州中卓文旅置业有限公司,406011.00 ,全过程咨询：6元/㎡,2436066.00 ,0.00 ,0.00 ,0.00 ,0.00 ,0.00 ,0.00 ,0.00 ,2436066.00 ,0.00 ,0.00 ,0.00 ,0.00 ,,0.00 ,/,咨询-1,合同签订后甲方在提交全部设计资料给乙方后，二十个工作日内,0.20 ,487213.20 ,487213.20 ,产值确认单,44173.00 ,487213.20 ,44173.00 ,444799.20 ,44251.00 ,444799.20 ,44496.00 ,42414.00 ,产值已确认,,,,736454.22 ,914984.37 ,755494.31 ,1699611.78 ,-178530.15 ,159490.06 ,,,,,,,,487213.20 ,,,,,,,,,,,,,,444799.20 ,,,,,,,直接委托,OA,,,,,,,,,,,,,
,,,,,,,,,,,,,,,,,,,,,,,,,,,,咨询-2,乙方完成方案阶段的设计咨询工作并经甲方认可后，二十个工作日内,0.30 ,730819.80 ,249241.02 ,产值确认单,44306.00 ,249241.02 ,44306.00 ,249241.02 ,44306.00 ,89750.96 ,44496.00 ,159490.06 ,,,,,,,,,,,,,,,,,,249241.02 ,,,,,,,,,,,,,,89750.96 ,,,,,,,,,,,,,,,,,,,,,
,,,,,,,,,,,,,,,,,,,,,,,,,,,,,,,,0.00 ,,,,,,,0.00 ,,,,,,,,,,,,,,,,,,,,,,,,,,,,,,,,,,,,,,,,,,,,,,,,,,,,,,,
,,,,,,,,,,,,,,,,,,,,,,,,,,,,咨询-3,乙方提交第一版全专业施工图设计咨询报告后，二十个工作日内,0.40 ,974426.40 ,178530.15 ,产值确认单,,,,220944.15 ,,220944.15 ,,,,,,,,,,,,,,,,,,,,178530.15 ,,,,,,,,,,,,,,220944.15 ,,,,,,,,,,,,,,,,,,,,,
,,,,,,,,,,,,,,,,,,,,,,,,,,,,,,,,0.00 ,,,,,,,0.00 ,,,,,,,,,,,,,,,,,,,,,,,,,,,,,,,,,,,,,,,,,,,,,,,,,,,,,,,
,,,,,,,,,,,,,,,,,,,,,,,,,,,,咨询-4,乙方完成项目设计咨询总结报告并经甲方认可后，二十个工作日内,0.10 ,243606.60 ,0.00 ,,,,,,,0.00 ,,0.00 ,,同节点,咨询工作完成,,,,,,,,,,,,,,,,,,,,,,,,,,,,,,,,,,,,,,,,,,,,,,,,,,
16,贵州,44560.00 ,贵阳车水路GD（21）007号地块项目01、05地块,无,车水路GD（21）007号地块项目01、05地块施工图咨询优化服务合同,CRCCRE-SJ-ZX-2021-015,咨询,CRCCRE-GZ-DXYD-QQ-2021-011,贵阳中铁城市建设投资有限公司,"01#地块（商品区）：130870.13
05#地块：150343.65","施工图咨询：4.5元/㎡
咨询工作室：3.5元/㎡
创作二室：
1元/㎡",1299194.55 ,0.00 ,0.00 ,0.00 ,288709.90 ,0.00 ,0.00 ,0.00 ,1010484.65 ,0.00 ,0.00 ,0.00 ,0.00 ,,0.00 ,0.00 ,咨询-1,合同签订后，甲方在提交首批设计资料给乙方后，三十个工作日内支付施工图设计咨询服务费的20%给乙方,0.20 ,259838.91 ,259838.91 ,产值确认单,44555.00 ,259838.91 ,44555.00 ,259838.91 ,44986.00 ,259838.91 ,45015.00 ,0.00 ,"铁建城项目-投资公司付50万分出28万给车水路咨询，后期回款还铁建城，2023年11月已还铁建城20万银信,还差8万未还",,,,1236767.22 ,1247083.56 ,1247083.56 ,62427.33 ,-10316.34 ,0.00 ,,,,57741.98 ,,,,202096.93 ,,,,,,,,,,57741.98 ,,,,202096.93 ,,,,,,,直委,OA,,,,,,,,,,,,,
,,,,,,,,,,,,,,,,,,,,,,,,,,,,,,,,,,,,,,,,,,,,,,,,,,,,,,,,,,,,,,,,,,,,,,,,,,,,,,,,,,,,,,,,,,,,,,
,,,,,,,,,,,,,,,,,,,,,,,,,,,,咨询-2,乙方提交第一版全专业施工图设计咨询报告后，经甲方确认后在三十个工作日内甲方支付施工图设计咨询服务费的60%给乙方,0.60 ,779516.73 ,779516.73 ,产值确认单,44555.00 ,779516.73 ,44555.00 ,238279.59 ,,20161.09 ,45015.00 ,369416.72 ,,,多给创二确认54.85万元,,,,,,,,,,,779516.73 ,,,,,,,,,,,,,,20161.09 ,,,,,,,,,,,,,,,,,,,,,,,,,
,,,,,,,,,,,,,,,,,,,,,,,,,,,,,,,,,,,,,,,120000.00 ,45469.00 ,,铁建城项目-投资公司付50万分出28万给车水路咨询，后期回款还铁建城，2024/6/26已还铁建城8万银信,,,,,,,,,,,,,,,,,,,,,,,,,,,120000.00 ,,,,,,,,,,,,,,,,,,,,,,,,,
,,,,,,,,,,,,,,,,,,,,,,,,,,,,,,,,,,,,,,,98118.50 ,45497.00 ,,,,,,,,,,,,,,,,,,,,,,,,,,,,,98118.50 ,,,,,,,,,,,,,,,,,,,,,,,,,
,,,,,,,,,,,,,,,,,,,,,,,,,,,,,,,,,,,,,249416.72 ,45673.00 ,249416.72 ,45680.00 ,,,,,,,,,,,,,,,,,,,,,,,,,,,,,249416.72 ,,,,,,,,,,,,,,,,,,,,,,,,,
,,,,,,,,,,,,,,,,,,,,,,,,,,,,,,,,,,,,,291820.42 ,45889.00 ,291820.42 ,46386.00 ,,创二2022年归还咨询54.85万元,,,,,,,,,,,,,,,,,,,,,,,,,,,291820.42 ,,,,,,,,,,,,,,,,,,,,,,,,,
,,,,,,,,,,,,,,,,,,,,,,,,,,,,咨询-3,甲方完成施工图审查并取得审查合格证后，三十个工作日内甲方支付工程全额设计咨询服务费的20%给乙方,0.20 ,259838.91 ,117756.12 ,产值确认单,44918.00 ,117756.12 ,44918.00 ,76094.33 ,,76094.33 ,,,"01#地块（商品区）130870.13㎡完成100%=588915.59元
05地块146259.55㎡完成80%526534.38元",,,,,,,,,,,,,,,,,117756.12 ,,,,,,,,,,,,,,76094.33 ,,,,,,,,,,,,,,,,,,,,,
,,,,,,,,,,,,,,,,,,,,,,,,,,,,,,,,,,,,,41661.79 ,,41661.79 ,,,,,,,,,,,,,,,,,,,,,,,,,,,,,,,,,,41661.79 ,,,,,,,,,,,,,,,,,,,,,
,,,,,,,,,,,,,,,,,,,,,,,,,,,,,,,,79655.46 ,产值确认单,45267.00 ,79655.46 ,45267.00 ,89971.80 ,,89971.80 ,,-10316.34 ,"01地块（商品区）130870.13㎡
已取得施工图审查合格证
05地块未取得施工图审查合格证",,,,,,,,,,,,,,,,,79655.46 ,,,,,,,,,,,,,,89971.80 ,,,,,,,,,,,,,,,,,,,,,
16,贵州,44915.00 ,贵阳兰草坝灯笼坡地块项目（不审计）,CRCCRE-DC-XM-2022-025,中国铁建·贵阳灯笼坡项目建筑方案设计合同,CRCCRE-SJ-CZ-2022-024,方案,,中铁房地产集团（贵州）有限公司,533011.00 ,"方案设计：
16元/㎡",8528176.00 ,0.00 ,0.00 ,0.00 ,7879469.93 ,0.00 ,0.00 ,0.00 ,648706.07 ,0.00 ,0.00 ,0.00 ,0.00 ,,0.00 ,0.00 ,方案-1,甲方书面启动地块方案设计确认函30天内支付，本合同履行后抵作设计费,0.10 ,852817.60 ,852817.60 ,产值确认单,44916.00 ,852817.60 ,44916.00 ,,,0.00 ,,852817.60 ,,,,,4690496.80 ,0.00 ,0.00 ,3837679.20 ,4690496.80 ,0.00 ,,,,852817.60 ,,,,,,,,,,,,,,,,,,,,,,,,,直委,OA,,,,,,,,,,,,,
,,,,,,,,,,,,,,,,,,,,,,,,,,,,方案-2,概念方案提交成果并经甲方认可之日起30天内,0.20 ,1705635.20 ,1705635.20 ,产值确认单,44916.00 ,1705635.20 ,44916.00 ,,,0.00 ,,1705635.20 ,,,,,,,,,,,,,,1705635.20 ,,,,,,,,,,,,,,,,,,,,,,,,,,,,,,,,,,,,,,,
,,,,,,,,,,,,,,,,,,,,,,,,,,,,方案-3,总图、单体设计完成，具备报规报建条件并得到业主方书面确认函之日起30天内,0.25 ,2132044.00 ,1441547.20 ,产值确认单,44916.00 ,1441547.20 ,44916.00 ,,,0.00 ,,1441547.20 ,,,,,,,,,,,,,,825294.48 ,,,,616252.72 ,,,,,,,,,,,,,,,,,,,,,,,,,,,,,,,,,,,
,,,,,,,,,,,,,,,,,,,,,,,,,,,,,,,,690496.80 ,产值确认单,45051.00 ,690496.80 ,45051.00 ,,,0.00 ,,690496.80 ,,,,,,,,,,,,,,658043.45 ,,,,32453.35 ,,,,,,,,,,,,,,,,,,,,,,,,,,,,,,,,,,,
,,,,,,,,,,,,,,,,,,,,,,,,,,,,方案-4,方案调整、修改完成并通过政府审查后（规划复函）30天内,0.30 ,2558452.80 ,0.00 ,,,,,,,0.00 ,,0.00 ,,,,,,,,,,,,,,,,,,,,,,,,,,,,,,,,,,,,,,,,,,,,,,,,,,,,,
,,,,,,,,,,,,,,,,,,,,,,,,,,,,方案-5,施工图配合完成，施工图设计文件取得施工图审查合格证30天内,0.10 ,852817.60 ,0.00 ,,,,,,,0.00 ,,0.00 ,,,,,,,,,,,,,,,,,,,,,,,,,,,,,,,,,,,,,,,,,,,,,,,,,,,,,
,,,,,,,,,,,,,,,,,,,,,,,,,,,,方案-6,施工配合、竣工验收完毕30天内,0.05 ,426408.80 ,0.00 ,,,,,,,0.00 ,,0.00 ,创二2022年归还咨询54.85万元,,,,,,,,,,,,,,,,,,,,,,,,,,,,,,,,,,,,,,,,,,,,,,,,,,,,
18,贵州,44393.00 ,"贵阳阳明文旅城项目
（语系）",CRCCRE-DC-XM-2021-010,贵阳阳明文旅城项目建筑方案及施工图设计合同,CRCCRE-SJ-CZ-2021-015,方案+售楼处施工图+施工图设计委托管理,CRCCRE-GZ-YMWL-QQ-2021-011,贵州中卓文旅置业有限公司,295488.82 ,"方案综合单价：15.87元/㎡
销售中心一口价：45万",12781209.30 ,35000.00 ,0.00 ,0.00 ,4476343.37 ,0.00 ,351900.00 ,0.00 ,0.00 ,0.00 ,62100.00 ,0.00 ,0.00 ,,7855865.93 ,项目管理中心,"一期住宅地块
40/
41",1.甲方书面启动地块方案设计确认函30天内支付，本合同履行后抵作设计费,0.10 ,180604.73 ,180604.74 ,产值确认单,44555.00 ,180604.73 ,44555.00 ,180604.73 ,44575.00 ,179004.74 ,44924.00 ,1600.00 ,2022/12/29第一次回款200万，我们120万，外委80万,,,,6415769.99 ,4687142.16 ,4687142.17 ,6365439.31 ,1728627.83 ,-0.01 ,35000.00 ,,,145604.74 ,,,,,,,,,,0.00 ,35000.00 ,,,144004.74 ,,,,,,,,,,,直委,OA,,,,,,,,,,,,,
,,,,,,,,,,,,,,,,,,,,,,,,,,,,,,,,,,,,,,,1600.00 ,45167.00 ,,,,,,,,,,,,,,,,,,,,,,,,,,,,,1600.00 ,,,,,,,,,,,,,,,,,,,,,,,,,
,,,,,,,,,,,,,,,,,,,,,,,,,,,,,2.概念方案提交成果并经甲方认可之日起30天内,0.20 ,361209.47 ,361209.46 ,产值确认单,44555.00 ,361209.47 ,44555.00 ,361209.47 ,44575.00 ,361209.46 ,44924.00 ,0.00 ,2023/5/25第二次回款50万，各家25万,,,,,,,,,,,,,361209.46 ,,,,,,,,,,0.00 ,,,,361209.46 ,,,,,,,,,,,,,,,,,,,,,,,,,
,,,,,,,,,,,,,,,,,,,,,,,,,,,,,3.总图、单体设计完成，具备报规报建条件并得到业主方书面确认函之日起30天内,0.20 ,361209.47 ,361209.46 ,产值确认单,44555.00 ,361209.47 ,44555.00 ,361209.47 ,44575.00 ,260877.42 ,44924.00 ,0.00 ,2023/8/29第三次回款50万，各家25万,,,,,,,,,,,,,361209.46 ,,,,,,,,,,0.00 ,,,,260877.42 ,,,,,,,,,,,,,,,,,,,,,,,,,
,,,,,,,,,,,,,,,,,,,,,,,,,,,,,,,,,,,,,,,100332.04 ,45071.00 ,,,,,,,,,,,,,,,,,,,,,,,,,,,,,100332.04 ,,,,,,,,,,,,,,,,,,,,,,,,,
,,,,,,,,,,,,,,,,,,,,,,,,,,,,,4.方案调整、修改完成并通过政府审查后（规划复函）30天内,0.35 ,632116.56 ,632116.57 ,产值确认单,44555.00 ,632116.56 ,44555.00 ,632116.56 ,44575.00 ,149667.96 ,45071.00 ,482448.61 ,,,,,,,,,,,,,,149667.96 ,,,,,,,,,,0.00 ,,,,149667.96 ,,,,,,,,,,,,,,,,,,,,,,,,,
,,,,,,,,,,,,,,,,,,,,,,,,,,,,,,,,,,,,,,,250000.00 ,44924.00 ,,,,,,,,,,,,,,,482448.61 ,,,,,,,,,,,,,,250000.00 ,,,,,,,,,,,,,,,,,,,,,,,,,
,,,,,,,,,,,,,,,,,,,,,,,,,,,,,,,,,,,,,,,150000.00 ,45321.00 ,,2024/1/30第四次回款30万，各家15万，银信2024.7.22到期,,,,,,,,,,,,,,,,,,,,,,,,,,,150000.00 ,,,,,,,,,,,,,,,,,,,,,,,,,
,,,,,,,,,,,,,,,,,,,,,,,,,,,,,,,,,,,,,,,82448.61 ,,,,,,,,,,,,,,,,,,,,,,,,,,,,,,82448.61 ,,,,,,,,,,,,,,,,,,,,,,,,,
,,,,,,,,,,,,,,,,,,,,,,,,,,,,,5.施工图配合完成，施工图设计单位取得施工图审查合格证30天内,0.10 ,180604.73 ,180604.73 ,产值确认单,44555.00 ,180604.73 ,44555.00 ,180604.73 ,45945.00 ,180604.73 ,46386.00 ,0.00 ,,,,,,,,,,,,,,178798.69 ,,,,,,,,,,1806.04 ,,,,178798.69 ,,,,,,,,,,1806.04 ,,,,,,,,,,,,,,,
,,,,,,,,,,,,,,,,,,,,,,,,,,,,,6.施工配合、竣工验收完毕30天内,0.05 ,90302.37 ,0.00 ,,,,,,,0.00 ,,0.00 ,,,,,,,,,,,,,,,,,,,,,,,,,,,,,,,,,,,,,,,,,,,,,,,,,,,,,
,,,,,,,,,,,,,,,,,,,,,,,,,,,,"二期住宅地块
42/
43",1.甲方书面启动地块方案设计确认函30天内支付，本合同履行后抵作设计费,0.10 ,193961.68 ,193961.68 ,产值确认单,44555.00 ,193961.68 ,44555.00 ,127308.38 ,44575.00 ,127308.38 ,44924.00 ,66653.30 ,,,,,,,,,,,,,,193961.68 ,,,,,,,,,,0.00 ,,,,127308.38 ,,,,,,,,,,,,,,,,,,,,,,,,,
,,,,,,,,,,,,,,,,,,,,,,,,,,,,,,,,,,,,,66653.30 ,44784.00 ,66653.30 ,44924.00 ,,,,,,,,,,,,,,,,,,,,,,,,,,,,,66653.30 ,,,,,,,,,,,,,,,,,,,,,,,,,
,,,,,,,,,,,,,,,,,,,,,,,,,,,,,2.概念方案提交成果并经甲方认可之日起30天内,0.20 ,387923.35 ,387923.35 ,产值确认单,44555.00 ,387923.35 ,44555.00 ,387923.35 ,45945.00 ,387923.35 ,46386.00 ,0.00 ,,,,,,,,,,,,,,387923.35 ,,,,,,,,,,0.00 ,,,,387923.35 ,,,,,,,,,,,,,,,,,,,,,,,,,
,,,,,,,,,,,,,,,,,,,,,,,,,,,,,3.总图、单体设计完成，具备报规报建条件并得到业主方书面确认函之日起30天内,0.20 ,387923.35 ,207318.62 ,产值确认单,44555.00 ,207318.62 ,44555.00 ,,,0.00 ,,207318.62 ,提前确认产值,,,,,,,,,,,,,207318.62 ,,,,,,,,,,0.00 ,,,,,,,,,,,,,,,,,,,,,,,,,,,,,
,,,,,,,,,,,,,,,,,,,,,,,,,,,,,4.方案调整、修改完成并通过政府审查后（规划复函）30天内,0.35 ,678865.87 ,678865.87 ,,,,,,,0.00 ,,678865.87 ,,,,,,,,,,,,,,672077.21 ,,,,,,,,,,6788.66 ,,,,,,,,,,,,,,,,,,,,,,,,,,,,,
,,,,,,,,,,,,,,,,,,,,,,,,,,,,,5.施工图配合完成，施工图设计单位取得施工图审查合格证30天内,0.10 ,193961.68 ,193961.68 ,,,,,,,0.00 ,,193961.68 ,,,,,,,,,,,,,,192022.06 ,,,,,,,,,,1939.62 ,,,,,,,,,,,,,,,,,,,,,,,,,,,,,
,,,,,,,,,,,,,,,,,,,,,,,,,,,,,6.施工配合、竣工验收完毕30天内,0.05 ,96980.84 ,0.00 ,,,,,,,0.00 ,,0.00 ,,,,,,,,,,,,,,,,,,,,,,,,,,,,,,,,,,,,,,,,,,,,,,,,,,,,,
,,,,,,,,,,,,,,,,,,,,,,,,,,,,"二期商业地块
40/41/
42",1.甲方书面启动地块方案设计确认函30天内支付，本合同履行后抵作设计费,0.10 ,75326.49 ,8206.49 ,,,,,,,0.00 ,,8206.49 ,,,,,,,,,,,,,,7453.23 ,,,,,,,,,,753.26 ,,,,,,,,,,,,,,,,,,,,,,,,,,,,,
,,,,,,,,,,,,,,,,,,,,,,,,,,,,,2.概念方案提交成果并经甲方认可之日起30天内,0.20 ,150652.98 ,150652.98 ,,,,,,,0.00 ,,150652.98 ,,,,,,,,,,,,,,149146.45 ,,,,,,,,,,1506.53 ,,,,,,,,,,,,,,,,,,,,,,,,,,,,,
,,,,,,,,,,,,,,,,,,,,,,,,,,,,,3.总图、单体设计完成，具备报规报建条件并得到业主方书面确认函之日起30天内,0.20 ,150652.98 ,150652.98 ,,,,,,,0.00 ,,150652.98 ,,,,,,,,,,,,,,149146.45 ,,,,,,,,,,1506.53 ,,,,,,,,,,,,,,,,,,,,,,,,,,,,,
,,,,,,,,,,,,,,,,,,,,,,,,,,,,,4.方案调整、修改完成并通过政府审查后（规划复函）30天内,0.35 ,263642.72 ,263642.72 ,,,,,,,0.00 ,,263642.72 ,,,,,,,,,,,,,,261006.29 ,,,,,,,,,,2636.43 ,,,,,,,,,,,,,,,,,,,,,,,,,,,,,
,,,,,,,,,,,,,,,,,,,,,,,,,,,,,5.施工图配合完成，施工图设计单位取得施工图审查合格证30天内,0.10 ,75326.49 ,75326.49 ,,,,,,,0.00 ,,75326.49 ,,,,,,,,,,,,,,74573.23 ,,,,,,,,,,753.26 ,,,,,,,,,,,,,,,,,,,,,,,,,,,,,
,,,,,,,,,,,,,,,,,,,,,,,,,,,,,6.施工配合、竣工验收完毕30天内,0.05 ,37663.25 ,0.00 ,,,,,,,0.00 ,,0.00 ,,,,,,,,,,,,,,,,,,,,,,,,,,,,,,,,,,,,,,,,,,,,,,,,,,,,,
,,,,,,,,,,,,,,,,,,,,,,,,,,,,售楼处及合院样板间建筑方案至施工图阶段,甲方书面启动地块方案设计确认函，乙方提交第一版概念方案成果并经甲方认可之日起40个工作日内,0.10 ,45000.00 ,45000.00 ,产值确认单,44555.00 ,45000.00 ,44555.00 ,45000.00 ,44575.00 ,3600.00 ,44924.00 ,41400.00 ,,,,,,,,,,,,,,3600.00 ,,35190.00 ,,,,6210.00 ,,,,,,,,3600.00 ,,,,,,,,,,,,,,,,,,,,,,,,,
,,,,,,,,,,,,,,,,,,,,,,,,,,,,,,,,,,,,,,,41400.00 ,45167.00 ,-41400.00 ,,,,,,,,,,,,,,,,,,,,,,,,,,,,,,35190.00 ,,,,6210.00 ,,,,,,,,,,,,,,,,,,,
,,,,,,,,,,,,,,,,,,,,,,,,,,,,,方案设计完成，并得到业主方书面确认函之日起40个工作日内,0.20 ,90000.00 ,90000.00 ,产值确认单,44555.00 ,90000.00 ,44555.00 ,90000.00 ,44575.00 ,7200.00 ,44924.00 ,82800.00 ,,,,,,,,,,,,,,7200.00 ,,70380.00 ,,,,12420.00 ,,,,,,,,7200.00 ,,,,,,,,,,,,,,,,,,,,,,,,,
,,,,,,,,,,,,,,,,,,,,,,,,,,,,,,,,,,,,,,,82800.00 ,45167.00 ,-82800.00 ,,,,,,,,,,,,,,,,,,,,,,,,,,,,,,70380.00 ,,,,12420.00 ,,,,,,,,,,,,,,,,,,,
,,,,,,,,,,,,,,,,,,,,,,,,,,,,,乙方提交初步设计文件或甲方书面指示进行施工图设计后40个工作日内,0.30 ,135000.00 ,135000.00 ,产值确认单,44555.00 ,135000.00 ,44555.00 ,135000.00 ,44575.00 ,10800.00 ,44924.00 ,124200.00 ,,,,,,,,,,,,,,10800.00 ,,105570.00 ,,,,18630.00 ,,,,,,,,10800.00 ,,,,,,,,,,,,,,,,,,,,,,,,,
,,,,,,,,,,,,,,,,,,,,,,,,,,,,,,,,,,,,,,,124200.00 ,45167.00 ,-124200.00 ,,,,,,,,,,,,,,,,,,,,,,,,,,,,,,105570.00 ,,,,18630.00 ,,,,,,,,,,,,,,,,,,,
,,,,,,,,,,,,,,,,,,,,,,,,,,,,,乙方提交的施工图设计文件业主方书面确认函或开始施工后40个工作日内,0.35 ,157500.00 ,9629.17 ,产值确认单,44555.00 ,9629.17 ,44555.00 ,9629.17 ,45945.00 ,9629.17 ,46386.00 ,0.00 ,,,,,,,,,,,,,,9629.17 ,,,,,,,,,,,,,,9629.17 ,,,,,,,,,,,,,,,,,,,,,,,,,
,,,,,,,,,,,,,,,,,,,,,,,,,,,,,,,,147870.83 ,产值确认单,45173.00 ,147870.83 ,45173.00 ,147870.83 ,45945.00 ,147870.83 ,46386.00 ,0.00 ,,,,,,,,,,,,,,,,123165.00 ,,,,21735.00 ,,,,2970.83 ,,,,,,123165.00 ,,,,21735.00 ,,,,2970.83 ,,,,,,,,,,,,,,,
,,,,,,,,,,,,,,,,,,,,,,,,,,,,,,,,,,,,,,,,,,,,,,,,,,,,,,,,,,,,,,,,,,,,,,,,,,,,,,,,,,,,,,,,,,,,,,
,,,,,,,,,,,,,,,,,,,,,,,,,,,,,施工配合、竣工验收完毕40个工作日内,0.05 ,22500.00 ,0.00 ,,,,,,,0.00 ,,0.00 ,,,,,,,,,,,,,,,,,,,,,,,,,,,,,,,,,,,,,,,,,,,,,,,,,,,,,
,,,,,,,,,,,,,,,,,,,,,,,,,,,,"施工图阶段设计
40/41/
42/43",1.合同签订后，甲方书面通知启动设计40个工作日内（10％），本合同开始履行后抵作设计费,0.10 ,489868.87 ,175975.70 ,产值确认单,44659.00 ,175975.70 ,44659.00 ,175975.70 ,44858.00 ,175975.70 ,44924.00 ,0.00 ,,,,,,,,,,,,,,,,,,,,,,,,175975.70 ,,,,,,,,,,,,,,175975.70 ,,,,,,,,,,,,,,,
,,,,,,,,,,,,,,,,,,,,,,,,,,,,,,,,0.00 ,,,,,,,,,,,,,,,,,,,,,,,,,,,,,,,,,,,,,,,,,,,,,,,,,,,,,,,,,,,,,,
,,,,,,,,,,,,,,,,,,,,,,,,,,,,,2.乙方配合概念方案及方案设计单位完成总图及建筑方案复核，并配合提交总图及建筑方案设计文件后40个工作日内（5%）,0.05 ,244934.44 ,87987.85 ,产值确认单,44659.00 ,87987.85 ,44659.00 ,87987.85 ,44858.00 ,87987.85 ,44924.00 ,0.00 ,,,,,,,,,,,,,,,,,,,,,,,,87987.85 ,,,,,,,,,,,,,,87987.85 ,,,,,,,,,,,,,,,
,,,,,,,,,,,,,,,,,,,,,,,,,,,,,,,,0.00 ,,,,,,,,,,,,,,,,,,,,,,,,,,,,,,,,,,,,,,,,,,,,,,,,,,,,,,,,,,,,,,
,,,,,,,,,,,,,,,,,,,,,,,,,,,,,3.乙方配合概念方案及方案设计单位提交总图和建筑方案报审设计文件并通过政府有关部门审查或甲方书面指示进行初步设计后40个工作日内,0.05 ,244934.44 ,87987.85 ,产值确认单,44659.00 ,87987.85 ,44659.00 ,87987.85 ,44858.00 ,87987.85 ,44924.00 ,0.00 ,,,,,,,,,,,,,,,,,,,,,,,,87987.85 ,,,,,,,,,,,,,,87987.85 ,,,,,,,,,,,,,,,
,,,,,,,,,,,,,,,,,,,,,,,,,,,,,,,,0.00 ,,,,,,,,,,,,,,,,,,,,,,,,,,,,,,,,,,,,,,,,,,,,,,,,,,,,,,,,,,,,,,
,,,,,,,,,,,,,,,,,,,,,,,,,,,,,4.乙方向甲方提交初步设计文件并经甲方确认后40个工作日内（5%）,0.05 ,244934.44 ,87987.85 ,产值确认单,44659.00 ,87987.85 ,44659.00 ,87987.85 ,44858.00 ,87987.85 ,44924.00 ,0.00 ,,,,,,,,,,,,,,,,,,,,,,,,87987.85 ,,,,,,,,,,,,,,87987.85 ,,,,,,,,,,,,,,,
,,,,,,,,,,,,,,,,,,,,,,,,,,,,,,,,0.00 ,,,,,,,,,,,,,,,,,,,,,,,,,,,,,,,,,,,,,,,,,,,,,,,,,,,,,,,,,,,,,,
,,,,,,,,,,,,,,,,,,,,,,,,,,,,,5.乙方提交初步设计文件并通过政府有关部门审查或甲方书面指示进行施工图设计后40个工作日内（5%）,0.05 ,244934.44 ,87987.85 ,产值确认单,44659.00 ,87987.85 ,44659.00 ,87987.85 ,44858.00 ,87987.85 ,44924.00 ,0.00 ,,,,,,,,,,,,,,,,,,,,,,,,87987.85 ,,,,,,,,,,,,,,87987.85 ,,,,,,,,,,,,,,,
,,,,,,,,,,,,,,,,,,,,,,,,,,,,,,,,0.00 ,,,,,,,,,,,,,,,,,,,,,,,,,,,,,,,,,,,,,,,,,,,,,,,,,,,,,,,,,,,,,,
,,,,,,,,,,,,,,,,,,,,,,,,,,,,,6.乙方向甲方提交施工图设计文件并经甲方书面确认后40个工作日内 (20%）,0.20 ,979737.75 ,351951.40 ,产值确认单,44659.00 ,351951.40 ,44659.00 ,351951.40 ,44858.00 ,205419.60 ,44924.00 ,146531.80 ,,,,,,,,,,,,,,,,,,,,,,,,351951.40 ,,,,,,,,,,,,,,205419.60 ,,,,,,,,,,,,,,,
,,,,,,,,,,,,,,,,,,,,,,,,,,,,,,,,,,,,,,,146531.81 ,45071.00 ,-146531.81 ,,,,,,,,,,,,,,,,,,,,,,,,,,,,,,,,,,,,,,146531.81 ,,,,,,,,,,,,,,,
,,,,,,,,,,,,,,,,,,,,,,,,,,,,,,,,0.00 ,,,,,,,,,0.00 ,,,,,,,,,,,,,,,,,,,,,,,,,,,,,,,,,,,,,,,,,,,,,,,,,,,,,
,,,,,,,,,,,,,,,,,,,,,,,,,,,,,7.乙方提交的施工图报审设计文件通过政府有关部门审查或开始施工后40个工作日内（40%）,0.40 ,1959475.50 ,703902.81 ,产值确认单,44659.00 ,703902.81 ,44659.00 ,703902.81 ,44858.00 ,159157.13 ,45167.00 ,544745.68 ,,,,,,,,,,,,,,,,,,,,,,,,703902.81 ,,,,,,,,,,,,,,159157.13 ,,,,,,,,,,,,,,,
,,,,,,,,,,,,,,,,,,,,,,,,,,,,,,,,,,,,,,,150000.00 ,45321.00 ,,2024/1/30第四次回款30万，各家15万，银信2024.7.22到期,,,,,,,,,,,,,,,,,,,,,,,,,,,,,,,,,,,,,150000.00 ,,,,,,,,,,,,,,,
,,,,,,,,,,,,,,,,,,,,,,,,,,,,,,,,,,,,,,,394745.68 ,,-394745.68 ,,,,,,,,,,,,,,,,,,,,,,,,,,,,,,,,,,,,,,394745.68 ,,,,,,,,,,,,,,,
,,,,,,,,,,,,,,,,,,,,,,,,,,,,,,,,0.00 ,,,,,,,,,0.00 ,,,,,,,,,,,,,,,,,,,,,,,,,,,,,,,,,,,,,,,,,,,,,,,,,,,,,
,,,,,,,,,,,,,,,,,,,,,,,,,,,,,8.工程竣工验收合格后且办理完竣工结算后40个工作日内（10％）,0.10 ,489868.87 ,0.00 ,,,,,,,,,0.00 ,,,,,,,,,,,,,,,,,,,,,,,,,,,,,,,,,,,,,,,,,,,,,,,,,,,,,
,,,,,,,,,,,,,,,,,,,,,,,,,,,,,,,,0.00 ,,,,,,,0.00 ,,0.00 ,,,,,,,,,,,,,,,,,,,,,,,,,,,,,,,,,,,,,,,,,,,,,,,,,,,,,
,,,,,,,,,,,,,,,,,,,,,,,,,,,,装配式设计费用,1.合同签订后，甲方书面启动装配式设计方案40个工作日内，甲方支付装配式设计咨询费总额的（10%）,0.10 ,140635.94 ,0.00 ,,,,,,,0.00 ,,0.00 ,,,,,,,,,,,,,,,,,,,,,,,,,,,,,,,,,,,,,,,,,,,,,,,,,,,,,
,,,,,,,,,,,,,,,,,,,,,,,,,,,,,2.经甲方及政府有关部门完成装配式建筑方案初评认定、评审后40个工作日内）甲方支付装配式设计咨询费总额的（10%）,0.10 ,140635.94 ,0.00 ,,,,,,,0.00 ,,0.00 ,,,,,,,,,,,,,,,,,,,,,,,,,,,,,,,,,,,,,,,,,,,,,,,,,,,,,
,,,,,,,,,,,,,,,,,,,,,,,,,,,,,3.乙方提交全部的装配式设计图纸后，在甲方确认40个工作日内，甲方支付装配式设计咨询费总额的（40%）,0.40 ,562543.74 ,0.00 ,,,,,,,0.00 ,,0.00 ,,,,,,,,,,,,,,,,,,,,,,,,,,,,,,,,,,,,,,,,,,,,,,,,,,,,,
,,,,,,,,,,,,,,,,,,,,,,,,,,,,,4.项目首栋首层预制构件开始吊装之日起40个工作日内，甲方支付装配式设计咨询费总额的（30%）,0.30 ,421907.81 ,0.00 ,,,,,,,0.00 ,,0.00 ,,,,,,,,,,,,,,,,,,,,,,,,,,,,,,,,,,,,,,,,,,,,,,,,,,,,,
,,,,,,,,,,,,,,,,,,,,,,,,,,,,,5.项目主体竣工验收之日起40个工作日内，甲方支付设计费总额的（10%）,0.10 ,140635.94 ,0.00 ,,,,,,,0.00 ,,0.00 ,,,,,,,,,,,,,,,,,,,,,,,,,,,,,,,,,,,,,,,,,,,,,,,,,,,,,
,,,,,,,,,,,,,,,,,,,,,,,,,,,,地下室人防施工图设计费用,1.合同签订后，甲方书面启动地下室人防设计40个工作日内（10%）,0.10 ,36068.78 ,0.00 ,,,,,,,0.00 ,,0.00 ,,,,,,,,,,,,,,,,,,,,,,,,,,,,,,,,,,,,,,,,,,,,,,,,,,,,,
,,,,,,,,,,,,,,,,,,,,,,,,,,,,,,,,0.00 ,,,,,,,,,0.00 ,,,,,,,,,,,,,,,,,,,,,,,,,,,,,,,,,,,,,,,,,,,,,,,,,,,,,
,,,,,,,,,,,,,,,,,,,,,,,,,,,,,2.人防方案完成，并配合完成相关方案报审批复后40个工作日内（10%）,0.10 ,36068.78 ,0.00 ,,,,,,,0.00 ,,0.00 ,,,,,,,,,,,,,,,,,,,,,,,,,,,,,,,,,,,,,,,,,,,,,,,,,,,,,
,,,,,,,,,,,,,,,,,,,,,,,,,,,,,,,,0.00 ,,,,,,,,,0.00 ,,,,,,,,,,,,,,,,,,,,,,,,,,,,,,,,,,,,,,,,,,,,,,,,,,,,,
,,,,,,,,,,,,,,,,,,,,,,,,,,,,,3.人防施工图完成，并经人防审查合格后，获取审查合格证后40个工作日内（70%）,0.70 ,252481.46 ,0.00 ,,,,,,,0.00 ,,0.00 ,,,,,,,,,,,,,,,,,,,,,,,,,,,,,,,,,,,,,,,,,,,,,,,,,,,,,
,,,,,,,,,,,,,,,,,,,,,,,,,,,,,,,,0.00 ,,,,,,,,,0.00 ,,,,,,,,,,,,,,,,,,,,,,,,,,,,,,,,,,,,,,,,,,,,,,,,,,,,,
,,,,,,,,,,,,,,,,,,,,,,,,,,,,,4.工程竣工验收合格后且办理完竣工结算后40个工作日内（10％）,0.10 ,36068.78 ,0.00 ,,,,,,,,,0.00 ,,,,,,,,,,,,,,,,,,,,,,,,,,,,,,,,,,,,,,,,,,,,,,,,,,,,,
,,,,,,,,,,,,,,,,,,,,,,,,,,,,,,,,0.00 ,,,,,,,0.00 ,,0.00 ,,,,,,,,,,,,,,,,,,,,,,,,,,,,,,,,,,,,,,,,,,,,,,,,,,,,,
,,,,,,,,,,,,,,,,,,,,,,,,,,,,海绵城市设计费用,1.本合同签订后40个工作日内支付，本合同开始履行后抵作设计费。(10%),0.10 ,101880.00 ,36783.96 ,产值确认单,44659.00 ,36783.96 ,44659.00 ,36783.96 ,44858.00 ,36783.96 ,45071.00 ,0.00 ,,,,,,,,,,,,,,,,,,,,,,,,36783.96 ,,,,,,,,,,,,,,36783.96 ,,,,,,,,,,,,,,,
,,,,,,,,,,,,,,,,,,,,,,,,,,,,,,,,0.00 ,,,,,,,0.00 ,,0.00 ,,,,,,,,,,,,,,,,,,,,,,,,,,,,,,,,,,,,,,,,,,,,,,,,,,,,,
,,,,,,,,,,,,,,,,,,,,,,,,,,,,,2.乙方完成全套方案设计成果并提交至甲方或政府相关部门审查通过，甲方收到乙方付款申请后，40个工作日内支付合同总额的（35%）,0.35 ,356580.00 ,128743.85 ,产值确认单,44659.00 ,128743.85 ,44659.00 ,128743.85 ,44858.00 ,37900.98 ,45071.00 ,90842.87 ,,,,,,,,,,,,,,,,,,,,,,,,128743.85 ,,,,,,,,,,,,,,37900.98 ,,,,,,,,,,,,,,,
,,,,,,,,,,,,,,,,,,,,,,,,,,,,,,,,,,,,,,,90842.87 ,45167.00 ,-90842.87 ,,,,,,,,,,,,,,,,,,,,,,,,,,,,,,,,,,,,,,90842.87 ,,,,,,,,,,,,,,,
,,,,,,,,,,,,,,,,,,,,,,,,,,,,,,,,0.00 ,,,,,,,0.00 ,,0.00 ,,,,,,,,,,,,,,,,,,,,,,,,,,,,,,,,,,,,,,,,,,,,,,,,,,,,,
,,,,,,,,,,,,,,,,,,,,,,,,,,,,,3.乙方完成全套施工图设计成果并经甲方及政府相关部门审查通过并取得相关合格证后，甲方收到乙方付款申请后，40个工作日内前支付合同总额（50%）,0.50 ,509400.00 ,183919.79 ,产值确认单,44659.00 ,183919.79 ,44659.00 ,183919.79 ,44858.00 ,183919.79 ,,0.00 ,,,,,,,,,,,,,,,,,,,,,,,,183919.79 ,,,,,,,,,,,,,,183919.79 ,,,,,,,,,,,,,,,
,,,,,,,,,,,,,,,,,,,,,,,,,,,,,,,,0.00 ,,,,,,,0.00 ,,0.00 ,,,,,,,,,,,,,,,,,,,,,,,,,,,,,,,,,,,,,,,,,,,,,,,,,,,,,
,,,,,,,,,,,,,,,,,,,,,,,,,,,,,4.工程竣工验收合格办理完成结算，并提供请款资料后40个工作日内（5％）,0.05 ,50940.00 ,0.00 ,,,,,,,0.00 ,,0.00 ,,,,,,,,,,,,,,,,,,,,,,,,,,,,,,,,,,,,,,,,,,,,,,,,,,,,,
,,,,,,,,,,,,,,,,,,,,,,,,,,,,,,,,0.00 ,,,,,,,0.00 ,,0.00 ,,,,,,,,,,,,,,,,,,,,,,,,,,,,,,,,,,,,,,,,,,,,,,,,,,,,,
,,,,,,,,,,,,,,,,,,,,,,,,,,,,绿色建筑设计费用,1.本合同签订后40个工作日内支付，本合同开始履行后抵作设计费。乙方开展绿色建筑策划工作。在协议签订后10个工作日乙方完成绿色建筑策划方案编制，并协助甲方进行绿色建筑评价标识项目备案。(10%),0.10 ,14774.44 ,6396.28 ,产值确认单,44659.00 ,6396.28 ,44659.00 ,6396.28 ,44858.00 ,6396.28 ,45071.00 ,0.00 ,,,,,,,,,,,,,,,,,,,,,,,,6396.28 ,,,,,,,,,,,,,,6396.28 ,,,,,,,,,,,,,,,
,,,,,,,,,,,,,,,,,,,,,,,,,,,,,,,,0.00 ,,,,,,,0.00 ,,0.00 ,,,,,,,,,,,,,,,,,,,,,,,,,,,,,,,,,,,,,,,,,,,,,,,,,,,,,
,,,,,,,,,,,,,,,,,,,,,,,,,,,,,2.甲方收到乙方编制的绿色建筑标识申报资料，并收到乙方付款申请后，并提供请款资料后40个工作日内支付。（35%）,0.35 ,51710.54 ,22386.98 ,产值确认单,44659.00 ,22386.98 ,44659.00 ,22386.98 ,44858.00 ,22386.98 ,45071.00 ,0.00 ,,,,,,,,,,,,,,,,,,,,,,,,22386.98 ,,,,,,,,,,,,,,22386.98 ,,,,,,,,,,,,,,,
,,,,,,,,,,,,,,,,,,,,,,,,,,,,,,,,0.00 ,,,,,,,0.00 ,,0.00 ,,,,,,,,,,,,,,,,,,,,,,,,,,,,,,,,,,,,,,,,,,,,,,,,,,,,,
,,,,,,,,,,,,,,,,,,,,,,,,,,,,,3.乙方代理申请本项目一星级绿色建筑标识，项目通过绿色建筑标识预评审会，乙方提交项目绿色建筑评价标识预评审意见后，并提供请款资料后40个工作日内支付。（45%）,0.45 ,66484.98 ,0.00 ,,,,,,,0.00 ,,0.00 ,,,,,,,,,,,,,,,,,,,,,,,,,,,,,,,,,,,,,,,,,,,,,,,,,,,,,
,,,,,,,,,,,,,,,,,,,,,,,,,,,,,,,,0.00 ,,,,,,,0.00 ,,0.00 ,,,,,,,,,,,,,,,,,,,,,,,,,,,,,,,,,,,,,,,,,,,,,,,,,,,,,
,,,,,,,,,,,,,,,,,,,,,,,,,,,,,4.工程竣工验收合格办理完成结算，并通过项目一星级绿色建筑评价标识现场认证，取得认证标识，并提供请款资料后40个工作日内支付。（10％）,0.10 ,14774.44 ,0.00 ,,,,,,,0.00 ,,0.00 ,,,,,,,,,,,,,,,,,,,,,,,,,,,,,,,,,,,,,,,,,,,,,,,,,,,,,
,,,,,,,,,,,,,,,,,,,,,,,,,,,,,,,,0.00 ,,,,,,,0.00 ,,0.00 ,,,,,,,,,,,,,,,,,,,,,,,,,,,,,,,,,,,,,,,,,,,,,,,,,,,,,
19,贵州,44454.00 ,贵阳铁建城项目,/,"贵阳铁建城项目
委托设计管理服务合同
（253地块）",CRCCRE-SJ-XM-2021-018,"1.可持续发展专题2.交通专题
3.人工湖水生态环境设计专题
4.设计管理工作",,"中铁房地产集团（贵州）有限公司
",505300.22 ,\,804065.00 ,0.00 ,0.00 ,0.00 ,36548.50 ,0.00 ,0.00 ,0.00 ,0.00 ,0.00 ,0.00 ,0.00 ,,,767516.50 ,项目管理中心,1.可持续发展设计顾问服务内容,铁建地产片区开发可持续发展体系、实施导则,0.58 ,82450.99 ,0.00 ,,,,,,,0.00 ,,0.00 ,,,,,352831.82 ,352831.82 ,352831.82 ,451233.18 ,0.00 ,0.00 ,,,,,,,,,,,,,,,,,,,,,,,,,,,,,直委,OA,,,,,,,,,,,,,
,,,,,,,,,,,,,,,,,,,,,,,,,,,,,铁建城项目-可持续发展方案设计,0.42 ,60462.92 ,60462.92 ,产值确认单,44897.00 ,60462.92 ,44897.00 ,60462.92 ,44971.00 ,60462.92 ,45015.00 ,0.00 ,投资公司代付22万，贵州已返还投资60462.92,,,,,,,,,,,,,,,,,,,,,,,60462.92 ,,,,,,,,,,,,,,60462.92 ,,,,,,,,,,,,,,,
,,,,,,,,,,,,,,,,,,,,,,,,,,,,2.铁建城项目实施阶段服务内容,污水源热泵-实施阶段（初步设计、施工图设计配合）,0.21 ,19225.01 ,0.00 ,,,,,,,0.00 ,,0.00 ,,,,,,,,,,,,,,,,,,,,,,,,,,,,,,,,,,,,,,,,,,,,,,,,,,,,,
,,,,,,,,,,,,,,,,,,,,,,,,,,,,,地缘热泵-实施阶段（初步设计、施工图设计配合）,0.24 ,21945.53 ,0.00 ,,,,,,,0.00 ,,0.00 ,,,,,,,,,,,,,,,,,,,,,,,,,,,,,,,,,,,,,,,,,,,,,,,,,,,,,
,,,,,,,,,,,,,,,,,,,,,,,,,,,,,太阳能-实施阶段（初步设计、施工图设计配合）,0.18 ,16504.49 ,0.00 ,,,,,,,0.00 ,,0.00 ,,,,,,,,,,,,,,,,,,,,,,,,,,,,,,,,,,,,,,,,,,,,,,,,,,,,,
,,,,,,,,,,,,,,,,,,,,,,,,,,,,,海绵城市-实施阶段（初步设计、施工图设计配合）,0.18 ,16504.49 ,0.00 ,,,,,,,0.00 ,,0.00 ,,,,,,,,,,,,,,,,,,,,,,,,,,,,,,,,,,,,,,,,,,,,,,,,,,,,,
,,,,,,,,,,,,,,,,,,,,,,,,,,,,,磷石膏等环保材料及资源的合理利用、废弃物管理-实施阶段（初步设计、施工图设计配合）,0.18 ,16504.49 ,0.00 ,,,,,,,0.00 ,,0.00 ,,,,,,,,,,,,,,,,,,,,,,,,,,,,,,,,,,,,,,,,,,,,,,,,,,,,,
,,,,,,,,,,,,,,,,,,,,,,,,,,,,3.绿建认证、健康认证设计服务内容,绿建认证可行性分析,0.50 ,16488.00 ,0.00 ,,,,,,,0.00 ,,0.00 ,,,,,,,,,,,,,,,,,,,,,,,,,,,,,,,,,,,,,,,,,,,,,,,,,,,,,
,,,,,,,,,,,,,,,,,,,,,,,,,,,,,健康认证可行性分析,0.50 ,16488.00 ,0.00 ,,,,,,,0.00 ,,0.00 ,,,,,,,,,,,,,,,,,,,,,,,,,,,,,,,,,,,,,,,,,,,,,,,,,,,,,
,,,,,,,,,,,,,,,,,,,,,,,,,,,,交通研究导则及对外交通研究分析,交通研究导则及对外交通研究分析,0.26 ,62581.00 ,62581.00 ,产值确认单,44557.00 ,62581.00 ,44551.00 ,62581.00 ,44971.00 ,62581.00 ,45519.00 ,0.00 ,,,,,,,,,,,,,,,,,,,,,,,,62581.00 ,,,,,,,,,,,,,,62581.00 ,,,,,,,,,,,,,,,
,,,,,,,,,,,,,,,,,,,,,,,,,,,,,施工图阶段的交通评估和施工图审核(253地块),0.74 ,181991.00 ,0.00 ,,,,,,,0.00 ,,0.00 ,,,,,,,,,,,,,,,,,,,,,,,,,,,,,,,,,,,,,,,,,,,,,,,,,,,,,
,,,,,,,,,,,,,,,,,,,,,,,,,,,,"规
划
阶
段",水源供给方案,0.13 ,27480.00 ,27480.00 ,产值确认单,44897.00 ,27480.00 ,44897.00 ,27480.00 ,44971.00 ,27480.00 ,45128.00 ,0.00 ,贵州公司（回款20万2023/07/21）返还60462.92元,,139537.08未付外委开票11月付款,,,,,,,,,,,,,,,,,,,,,27480.00 ,,,,,,,,,,,,,,27480.00 ,,,,,,,,,,,,,,,
,,,,,,,,,,,,,,,,,,,,,,,,,,,,,水质保持方案,0.31 ,68700.00 ,68700.00 ,产值确认单,44897.00 ,68700.00 ,44897.00 ,68700.00 ,44971.00 ,68700.00 ,45128.00 ,0.00 ,,,,,,,,,,,,,,,,,,,,,,,,68700.00 ,,,,,,,,,,,,,,68700.00 ,,,,,,,,,,,,,,,
,,,,,,,,,,,,,,,,,,,,,,,,,,,,,水安全保障方案,0.13 ,27480.00 ,27480.00 ,产值确认单,44897.00 ,27480.00 ,44897.00 ,27480.00 ,44971.00 ,27480.00 ,45128.00 ,0.00 ,,,,,,,,,,,,,,,,,,,,,,,,27480.00 ,,,,,,,,,,,,,,27480.00 ,,,,,,,,,,,,,,,
,,,,,,,,,,,,,,,,,,,,,,,,,,,,,防渗方案,0.25 ,54960.00 ,54960.00 ,产值确认单,44897.00 ,54960.00 ,44897.00 ,54960.00 ,44971.00 ,15877.08 ,45128.00 ,39082.92 ,,,,,,,,,,,,,,,,,,,,,,,,54960.00 ,,,,,,,,,,,,,,15877.08 ,,,,,,,,,,,,,,,
,,,,,,,,,,,,,,,,,,,,,,,,,,,,,,,,,,,,,,,39082.92 ,45519.00 ,0.00 ,,,,,,,,,,,,,,,,,,,,,,,,,,,,,,,,,,,,,,39082.92 ,,,,,,,,,,,,,,,
,,,,,,,,,,,,,,,,,,,,,,,,,,,,"实
施
阶
段",水源供给方案,0.06 ,13740.00 ,0.00 ,,,,,,,0.00 ,,0.00 ,,,,,,,,,,,,,,,,,,,,,,,,,,,,,,,,,,,,,,,,,,,,,,,,,,,,,
,,,,,,,,,,,,,,,,,,,,,,,,,,,,,水质保持方案,0.06 ,13740.00 ,0.00 ,,,,,,,0.00 ,,0.00 ,,,,,,,,,,,,,,,,,,,,,,,,,,,,,,,,,,,,,,,,,,,,,,,,,,,,,
,,,,,,,,,,,,,,,,,,,,,,,,,,,,,水安全保障方案,0.06 ,13740.00 ,0.00 ,,,,,,,0.00 ,,0.00 ,,,,,,,,,,,,,,,,,,,,,,,,,,,,,,,,,,,,,,,,,,,,,,,,,,,,,
,,,,,,,,,,,,,,,,,,,,,,,,,,,,片区开发及贵阳铁建城项目专题研究设计内容及管理,可持续发展专题、人工湖水生态环境设计专题专题、交通专题提交规划阶段成果文件并经甲方书面审核通过后15个工作日内,0.70 ,51167.90 ,51167.90 ,产值确认单,44897.00 ,51167.90 ,44897.00 ,51167.90 ,44971.00 ,51167.90 ,45519.00 ,0.00 ,,,,,,,,,,,,,,25583.95 ,,,,,,,,,,25583.95 ,,,,25583.95 ,,,,,,,,,,25583.95 ,,,,,,,,,,,,,,,
,,,,,,,,,,,,,,,,,,,,,,,,,,,,,可持续发展专题、人工湖水生态环境设计专题专题、交通专题提交施工图阶段或实施阶段成果并经甲方书面审核通过后15个工作日内,0.30 ,21929.10 ,0.00 ,,,,,,,0.00 ,,0.00 ,,,,,,,,,,,,,,,,,,,,,,,,,,,,,,,,,,,,,,,,,,,,,,,,,,,,,
,贵州,44515.00 ,贵阳铁建城项目,无,《贵阳铁建城项目委托设计管理服务合同》02号地块费用分摊协议,CRCCRE-SJ-XM-2021-018-B2,"1.可持续发展专题2.交通专题
3.人工湖水生态环境设计专题
4.设计管理工作",CRCCRE-GY-LCB2-QQ-2021-010,中铁房地产集团（贵阳）有限公司,317912.41 ,\,506198.00 ,0.00 ,0.00 ,0.00 ,23009.00 ,0.00 ,0.00 ,0.00 ,0.00 ,0.00 ,0.00 ,0.00 ,,,483189.00 ,项目管理中心,1.可持续发展设计顾问服务内容,铁建地产片区开发可持续发展体系、实施导则,0.58 ,51906.92 ,0.00 ,,,,,,,0.00 ,,0.00 ,,,,,336685.68 ,336685.68 ,336685.68 ,169512.32 ,0.00 ,0.00 ,,,,,,,,,,,,,,,,,,,,,,,,,,,,,直接委托,OA,,,,,,,,,,,,,
,,,,,,,,,,,,,,,,,,,,,,,,,,,,,铁建城项目-可持续发展方案设计,0.42 ,38053.08 ,38053.08 ,产值确认单,44897.00 ,38053.08 ,44897.00 ,38053.08 ,44967.00 ,38053.08 ,45015.00 ,0.00 ,贵阳回款10万返还投资借款38053.08,,,,,,,,,,,,,,,,,,,,,,,38053.08 ,,,,,,,,,,,,,,38053.08 ,,,,,,,,,,,,,,,
,,,,,,,,,,,,,,,,,,,,,,,,,,,,2.铁建城项目实施阶段服务内容,污水源热泵-实施阶段（初步设计、施工图设计配合）,0.21 ,12103.08 ,0.00 ,,,,,,,0.00 ,,0.00 ,,,,,,,,,,,,,,,,,,,,,,,,,,,,,,,,,,,,,,,,,,,,,,,,,,,,,
,,,,,,,,,,,,,,,,,,,,,,,,,,,,,地缘热泵-实施阶段（初步设计、施工图设计配合）,0.24 ,13815.78 ,0.00 ,,,,,,,0.00 ,,0.00 ,,,,,,,,,,,,,,,,,,,,,,,,,,,,,,,,,,,,,,,,,,,,,,,,,,,,,
,,,,,,,,,,,,,,,,,,,,,,,,,,,,,太阳能-实施阶段（初步设计、施工图设计配合）,0.18 ,10390.38 ,0.00 ,,,,,,,0.00 ,,0.00 ,,,,,,,,,,,,,,,,,,,,,,,,,,,,,,,,,,,,,,,,,,,,,,,,,,,,,
,,,,,,,,,,,,,,,,,,,,,,,,,,,,,海绵城市-实施阶段（初步设计、施工图设计配合）,0.18 ,10390.38 ,0.00 ,,,,,,,0.00 ,,0.00 ,,,,,,,,,,,,,,,,,,,,,,,,,,,,,,,,,,,,,,,,,,,,,,,,,,,,,
,,,,,,,,,,,,,,,,,,,,,,,,,,,,,磷石膏等环保材料及资源的合理利用、废弃物管理-实施阶段（初步设计、施工图设计配合）,0.18 ,10390.38 ,0.00 ,,,,,,,0.00 ,,0.00 ,,,,,,,,,,,,,,,,,,,,,,,,,,,,,,,,,,,,,,,,,,,,,,,,,,,,,
,,,,,,,,,,,,,,,,,,,,,,,,,,,,3.绿建认证、健康认证设计服务内容,绿建认证可行性分析,0.50 ,10380.00 ,0.00 ,,,,,,,0.00 ,,0.00 ,,,,,,,,,,,,,,,,,,,,,,,,,,,,,,,,,,,,,,,,,,,,,,,,,,,,,
,,,,,,,,,,,,,,,,,,,,,,,,,,,,,健康认证可行性分析,0.50 ,10380.00 ,0.00 ,,,,,,,0.00 ,,0.00 ,,,,,,,,,,,,,,,,,,,,,,,,,,,,,,,,,,,,,,,,,,,,,,,,,,,,,
,,,,,,,,,,,,,,,,,,,,,,,,,,,,交通研究导则及对外交通研究分析,完成各分项设计成果并经甲方书面审核通过后15个工作日内,1.00 ,153970.00 ,153970.00 ,产值确认单,44557.00 ,153970.00 ,44551.00 ,153970.00 ,44967.00 ,61946.92 ,45044.00 ,87550.00 ,,,10万已付2023/6/29,,,,,,,,,,,,,,,,,,,,,153970.00 ,,,,,,,,,,,,,,61946.92 ,,,,,,,,,,,,,,,
,,,,,,,,,,,,,,,,,,,,,,,,,,,,,,,,,,,,,,,87550.00 ,45076.00 ,,贵阳公司回款20万银信,,276494未付外委开票8月付款,,,,,,,,,,,,,,,,,,,,,,,,,,,,,,,,,,,87550.00 ,,,,,,,,,,,,,,,
,,,,,,,,,,,,,,,,,,,,,,,,,,,,,,,,,,,,,,,4473.08 ,45519.00 ,,,,,,,,,,,,,,,,,,,,,,,,,,,,,,,,,,,,,,,4473.08 ,,,,,,,,,,,,,,,
,,,,,,,,,,,,,,,,,,,,,,,,,,,,"规
划
阶
段",水源供给方案,0.13 ,17300.00 ,17300.00 ,产值确认单,44897.00 ,17300.00 ,44897.00 ,17300.00 ,44967.00 ,17300.00 ,45076.00 ,0.00 ,贵阳公司回款20万银信,,"211039.90
已付2023/7/7",,,,,,,,,,,,,,,,,,,,,17300.00 ,,,,,,,,,,,,,,17300.00 ,,,,,,,,,,,,,,,
,,,,,,,,,,,,,,,,,,,,,,,,,,,,,水质保持方案,0.31 ,43250.00 ,43250.00 ,产值确认单,44897.00 ,43250.00 ,44897.00 ,43250.00 ,44967.00 ,43250.00 ,45076.00 ,0.00 ,,,,,,,,,,,,,,,,,,,,,,,,43250.00 ,,,,,,,,,,,,,,43250.00 ,,,,,,,,,,,,,,,
,,,,,,,,,,,,,,,,,,,,,,,,,,,,,水安全保障方案,0.13 ,17300.00 ,17300.00 ,产值确认单,44897.00 ,17300.00 ,44897.00 ,17300.00 ,44967.00 ,17300.00 ,45076.00 ,0.00 ,,,,,,,,,,,,,,,,,,,,,,,,17300.00 ,,,,,,,,,,,,,,17300.00 ,,,,,,,,,,,,,,,
,,,,,,,,,,,,,,,,,,,,,,,,,,,,,防渗方案,0.25 ,34600.00 ,34600.00 ,产值确认单,44897.00 ,34600.00 ,44897.00 ,34600.00 ,44967.00 ,34600.00 ,45076.00 ,0.00 ,,,,,,,,,,,,,,,,,,,,,,,,34600.00 ,,,,,,,,,,,,,,34600.00 ,,,,,,,,,,,,,,,
,,,,,,,,,,,,,,,,,,,,,,,,,,,,"实
施
阶
段",水源供给方案,0.06 ,8650.00 ,0.00 ,,,,,,,0.00 ,,0.00 ,,,,,,,,,,,,,,,,,,,,,,,,,,,,,,,,,,,,,,,,,,,,,,,,,,,,,
,,,,,,,,,,,,,,,,,,,,,,,,,,,,,水质保持方案,0.06 ,8650.00 ,0.00 ,,,,,,,0.00 ,,0.00 ,,,,,,,,,,,,,,,,,,,,,,,,,,,,,,,,,,,,,,,,,,,,,,,,,,,,,
,,,,,,,,,,,,,,,,,,,,,,,,,,,,,水安全保障方案,0.06 ,8650.00 ,0.00 ,,,,,,,0.00 ,,0.00 ,,,,,,,,,,,,,,,,,,,,,,,,,,,,,,,,,,,,,,,,,,,,,,,,,,,,,
,,,,,,,,,,,,,,,,,,,,,,,,,,,,片区开发及贵阳铁建城项目专题研究设计内容及管理,可持续发展专题、人工湖水生态环境设计专题专题、交通专题提交规划阶段成果文件并经甲方书面审核通过后15个工作日内,0.70 ,32212.60 ,32212.60 ,产值确认单,44897.00 ,32212.60 ,44897.00 ,32212.60 ,44967.00 ,32212.60 ,45519.00 ,0.00 ,,,,,,,,,,,,,,16106.30 ,,,,,,,,,,16106.30 ,,,,16106.30 ,,,,,,,,,,16106.30 ,,,,,,,,,,,,,,,
,,,,,,,,,,,,,,,,,,,,,,,,,,,,,可持续发展专题、人工湖水生态环境设计专题专题、交通专题提交施工图阶段或实施阶段成果并经甲方书面审核通过后15个工作日内,0.30 ,13805.40 ,0.00 ,,,,,,,0.00 ,,0.00 ,,,,,,,,,,,,,,,,,,,,,,,,,,,,,,,,,,,,,,,,,,,,,,,,,,,,,
,贵州,44515.00 ,贵阳铁建城项目,无,"《贵阳铁建城项目委托设计管理服务合同》
低效AB及净地01-08地块费用分摊协议",CRCCRE-SJ-XM-2021-018-B1,"1.可持续发展专题2.交通专题
3.人工湖水生态环境设计专题
4.设计管理工作",CRCCRE-GZ-DXYD-QQ-2021-007,贵阳中铁城市建设投资有限公司,1015330.95 ,\,1615737.00 ,0.00 ,0.00 ,0.00 ,73443.00 ,0.00 ,0.00 ,0.00 ,0.00 ,0.00 ,0.00 ,0.00 ,,,1542294.00 ,项目管理中心,1.可持续发展设计顾问服务内容,铁建地产片区开发可持续发展体系、实施导则,0.31 ,165660.00 ,0.00 ,,,,,,,0.00 ,,0.00 ,,,,,856183.20 ,856183.20 ,856183.20 ,759553.80 ,0.00 ,0.00 ,,,,,,,,,,,,,,,,,,,,,,,,,,,,,直接委托,OA,,,,,,,,,,,,,
,,,,,,,,,,,,,,,,,,,,,,,,,,,,,铁建城项目-可持续发展方案设计,0.23 ,121484.00 ,121484.00 ,产值确认单,44897.00 ,121484.00 ,44897.00 ,121484.00 ,44967.00 ,121484.00 ,45015.00 ,0.00 ,投资公司付50万，其中22万付AECOM,,,,,,,,,,,,,,,,,,,,,,,121484.00 ,,,,,,,,,,,,,,121484.00 ,,,,,,,,,,,,,,,
,,,,,,,,,,,,,,,,,,,,,,,,,,,,2.铁建城项目实施阶段服务内容,污水源热泵-实施阶段（初步设计、施工图设计配合）,0.07 ,38654.00 ,0.00 ,,,,,,,0.00 ,,0.00 ,,,,,,,,,,,,,,,,,,,,,,,,,,,,,,,,,,,,,,,,,,,,,,,,,,,,,
,,,,,,,,,,,,,,,,,,,,,,,,,,,,,地缘热泵-实施阶段（初步设计、施工图设计配合）,0.08 ,44176.00 ,0.00 ,,,,,,,0.00 ,,0.00 ,,,,,,,,,,,,,,,,,,,,,,,,,,,,,,,,,,,,,,,,,,,,,,,,,,,,,
,,,,,,,,,,,,,,,,,,,,,,,,,,,,,太阳能-实施阶段（初步设计、施工图设计配合）,0.06 ,33132.00 ,0.00 ,,,,,,,0.00 ,,0.00 ,,,,,,,,,,,,,,,,,,,,,,,,,,,,,,,,,,,,,,,,,,,,,,,,,,,,,
,,,,,,,,,,,,,,,,,,,,,,,,,,,,,海绵城市-实施阶段（初步设计、施工图设计配合）,0.06 ,33132.00 ,0.00 ,,,,,,,0.00 ,,0.00 ,,,,,,,,,,,,,,,,,,,,,,,,,,,,,,,,,,,,,,,,,,,,,,,,,,,,,
,,,,,,,,,,,,,,,,,,,,,,,,,,,,,磷石膏等环保材料及资源的合理利用、废弃物管理-实施阶段（初步设计、施工图设计配合）,0.06 ,33132.00 ,0.00 ,,,,,,,0.00 ,,0.00 ,,,,,,,,,,,,,,,,,,,,,,,,,,,,,,,,,,,,,,,,,,,,,,,,,,,,,
,,,,,,,,,,,,,,,,,,,,,,,,,,,,3.绿建认证、健康认证设计服务内容,绿建认证可行性分析,0.06 ,33132.00 ,0.00 ,,,,,,,0.00 ,,0.00 ,,,,,,,,,,,,,,,,,,,,,,,,,,,,,,,,,,,,,,,,,,,,,,,,,,,,,
,,,,,,,,,,,,,,,,,,,,,,,,,,,,,健康认证可行性分析,0.06 ,33132.00 ,0.00 ,,,,,,,0.00 ,,0.00 ,,,,,,,,,,,,,,,,,,,,,,,,,,,,,,,,,,,,,,,,,,,,,,,,,,,,,
,,,,,,,,,,,,,,,,,,,,,,,,,,,,片区开发及贵阳铁建城项目交通专题,交通研究导则及对外交通研究分析(37.0944公顷用地面积),0.56 ,272949.00 ,272949.00 ,产值确认单,44557.00 ,272949.00 ,44551.00 ,272949.00 ,44967.00 ,38053.08 ,45044.00 ,210462.92 ,贵阳回款10万返还投资借款38053.08,,10万已付2023/6/29,,,,,,,,,,,,,,,,,,,,,272949.00 ,,,,,,,,,,,,,,38053.08 ,,,,,,,,,,,,,,,
,,,,,,,,,,,,,,,,,,,,,,,,,,,,,,,,,,,,,,,150000.00 ,45127.00 ,,投资公司回款15万银行转账,,276494未付外委开票8月付款，多确认收入21518.92元,,,,,,,,,,,,,,,,,,,,,,,,,,,,,,,,,,,150000.00 ,,,,,,,,,,,,,,,
,,,,,,,,,,,,,,,,,,,,,,,,,,,,,,,,,,,,,,,60462.92 ,45128.00 ,,贵州公司（回款20万2023/07/21）返还60462.92元,,,,,,,,,,,,,,,,,,,,,,,,,,,,,,,,,,,,,60462.92 ,,,,,,,,,,,,,,,
,,,,,,,,,,,,,,,,,,,,,,,,,,,,,,,,,,,,,,,24433.00 ,45259.00 ,,车水路项目-投资公司付20万，回款还铁建城，剩余8万,,,,,,,,,,,,,,,,,,,,,,,,,,,,,,,,,,,,,24433.00 ,,,,,,,,,,,,,,,
,,,,,,,,,,,,,,,,,,,,,,,,,,,,,总体及概念规划阶段的地块交通系统研究（低效A）,0.14 ,70769.00 ,0.00 ,,,,,,,0.00 ,,0.00 ,,,,,,,,,,,,,,,,,,,,,,,,,,,,,,,,,,,,,,,,,,,,,,,,,,,,,
,,,,,,,,,,,,,,,,,,,,,,,,,,,,,总体及概念规划阶段的地块交通系统研究（低效B）,0.14 ,69918.00 ,0.00 ,,,,,,,0.00 ,,0.00 ,,,,,,,,,,,,,,,,,,,,,,,,,,,,,,,,,,,,,,,,,,,,,,,,,,,,,
,,,,,,,,,,,,,,,,,,,,,,,,,,,,,施工图阶段的交通评估和施工图审核（低效A）,0.05 ,23885.00 ,0.00 ,,,,,,,0.00 ,,0.00 ,,,,,,,,,,,,,,,,,,,,,,,,,,,,,,,,,,,,,,,,,,,,,,,,,,,,,
,,,,,,,,,,,,,,,,,,,,,,,,,,,,,施工图阶段的交通评估和施工图审核（低效B）,0.11 ,53937.00 ,0.00 ,,,,,,,0.00 ,,0.00 ,,,,,,,,,,,,,,,,,,,,,,,,,,,,,,,,,,,,,,,,,,,,,,,,,,,,,
,,,,,,,,,,,,,,,,,,,,,,,,,,,,"规
划
阶
段",水源供给方案,0.13 ,55220.00 ,55220.00 ,产值确认单,44897.00 ,55220.00 ,44897.00 ,55220.00 ,44967.00 ,55220.00 ,45075.00 ,0.00 ,投资公司回款15万银行转账,,"211039.90
已付2023/7/7",,,,,,,,,,,,,,,,,,,,,55220.00 ,,,,,,,,,,,,,,55220.00 ,,,,,,,,,,,,,,,
,,,,,,,,,,,,,,,,,,,,,,,,,,,,,水质保持方案,0.31 ,138050.00 ,138050.00 ,产值确认单,44897.00 ,138050.00 ,44897.00 ,138050.00 ,44967.00 ,43369.90 ,45075.00 ,94680.10 ,,,,,,,,,,,,,,,,,,,,,,,,138050.00 ,,,,,,,,,,,,,,43369.90 ,,,,,,,,,,,,,,,
,,,,,,,,,,,,,,,,,,,,,,,,,,,,,,,,,,,,,,,94680.10 ,45259.00 ,-94680.10 ,车水路项目-投资公司付20万，回款还铁建城，剩余8万,,,,,,,,,,,,,,,,,,,,,,,,,,,,,,,,,,,,,94680.10 ,,,,,,,,,,,,,,,
,,,,,,,,,,,,,,,,,,,,,,,,,,,,,水安全保障方案,0.13 ,55220.00 ,55220.00 ,产值确认单,44897.00 ,55220.00 ,44897.00 ,55220.00 ,44967.00 ,55220.00 ,45259.00 ,0.00 ,,,,,,,,,,,,,,,,,,,,,,,,55220.00 ,,,,,,,,,,,,,,55220.00 ,,,,,,,,,,,,,,,
,,,,,,,,,,,,,,,,,,,,,,,,,,,,,防渗方案,0.25 ,110440.00 ,110440.00 ,产值确认单,44897.00 ,110440.00 ,44897.00 ,110440.00 ,44967.00 ,56183.42 ,45469.00 ,54256.58 ,2024/6/26车水路已回款8万，和车水路项目平账,,,,,,,,,,,,,,,,,,,,,,,110440.00 ,,,,,,,,,,,,,,56183.42 ,,,,,,,,,,,,,,,
,,,,,,,,,,,,,,,,,,,,,,,,,,,,,,,,,,,,,,,54256.58 ,45520.00 ,,,,,,,,,,,,,,,,,,,,,,,,,,,,,,,,,,,,,,,54256.58 ,,,,,,,,,,,,,,,
,,,,,,,,,,,,,,,,,,,,,,,,,,,,"实
施
阶
段",水源供给方案,0.06 ,27610.00 ,0.00 ,,,,,,,0.00 ,,0.00 ,,,,,,,,,,,,,,,,,,,,,,,,,,,,,,,,,,,,,,,,,,,,,,,,,,,,,
,,,,,,,,,,,,,,,,,,,,,,,,,,,,,水质保持方案,0.06 ,27610.00 ,0.00 ,,,,,,,0.00 ,,0.00 ,,,,,,,,,,,,,,,,,,,,,,,,,,,,,,,,,,,,,,,,,,,,,,,,,,,,,
,,,,,,,,,,,,,,,,,,,,,,,,,,,,,水安全保障方案,0.06 ,27610.00 ,0.00 ,,,,,,,0.00 ,,0.00 ,,,,,,,,,,,,,,,,,,,,,,,,,,,,,,,,,,,,,,,,,,,,,,,,,,,,,
,,,,,,,,,,,,,,,,,,,,,,,,,,,,片区开发及贵阳铁建城项目专题研究设计内容及管理,可持续发展专题、人工湖水生态环境设计专题专题、交通专题提交规划阶段成果文件并经甲方书面审核通过后15个工作日内,0.70 ,102820.20 ,102820.20 ,产值确认单,44897.00 ,102820.20 ,44897.00 ,102820.20 ,44967.00 ,51410.10 ,45075.00 ,51410.10 ,投资公司回款15万银行转账,,,,,,,,,,,,,51410.10 ,,,,,,,,,,,,,,51410.10 ,,,,,,,,,,,,,,,,,,,,,,,,,
,,,,,,,,,,,,,,,,,,,,,,,,,,,,,,,,,,,,,,,25666.90 ,45259.00 ,-25666.90 ,车水路项目-投资公司付20万，回款还铁建城，剩余8万,,,,,,,,,,,,,,,,,,,,,,,51410.10 ,,,,,,,,,,,,,,25666.90 ,,,,,,,,,,,,,,,
,,,,,,,,,,,,,,,,,,,,,,,,,,,,,,,,,,,,,,,23816.58 ,45469.00 ,-23816.58 ,2024/6/26车水路已回款8万，和车水路项目平账,,,,,,,,,,,,,,,,,,,,,,,,,,,,,,,,,,,,,23816.58 ,,,,,,,,,,,,,,,
,,,,,,,,,,,,,,,,,,,,,,,,,,,,,,,,,,,,,,,1926.62 ,45520.00 ,-1926.62 ,,,,,,,,,,,,,,,,,,,,,,,,,,,,,,,,,,,,,,1926.62 ,,,,,,,,,,,,,,,
,,,,,,,,,,,,,,,,,,,,,,,,,,,,,可持续发展专题、人工湖水生态环境设计专题专题、交通专题提交施工图阶段或实施阶段成果并经甲方书面审核通过后15个工作日内,0.30 ,44065.80 ,0.00 ,,,,,,,0.00 ,,0.00 ,,,,,,,,,,,,,,,,,,,,,,,,,,,,,,,,,,,,,,,,,,,,,,,,,,,,,
10,西南,43298.00 ,"成都青羊售楼处项目
（完成）",/,青羊区烹专项目建筑设计咨询服务合同,CRCCRE-SJ-ZX-2018-006,咨询,,成都中铁瑞兴房地产开发有限公司 ,154032.03 ,咨询：7元/㎡,1041810.70 ,0.00 ,0.00 ,0.00 ,0.00 ,0.00 ,0.00 ,,1041810.70 ,0.00 ,0.00 ,0.00 ,,,0.00 ,,1.00 ,支付当前进行地块的20％为本合同预付款,0.20 ,215644.84 ,215644.00 ,开票,43368.00 ,/,/,215644.84 ,43368.00 ,215644.00 ,43475.00 ,0.00 ,,,,,1033802.47 ,1041811.54 ,1041810.70 ,8008.23 ,-8009.07 ,0.84 ,,,,,,,,215644.00 ,,,,,,,,,,,,,,215644.00 ,,,,,,,邀标,,,,,,,,,,,,,,
,,,,,,,,,,,,,,,,,,,,,,,,,,,,2.00 ,支付当前进行地块设计咨询费的30％为方案设计阶段付款,0.30 ,323467.26 ,331477.02 ,产值确认单,43460.00 ,331477.02 ,43822.00 ,331477.02 ,43822.00 ,331477.02 ,43843.00 ,0.00 ,,,,,,,,,,,,,,,,,,331477.02 ,,,,,,,,,,,,,,331477.02 ,,,,,,,,,,,,,,,,,,,,,
,,,,,,,,,,,,,,,,,,,,,,,,,,,,3.00 ,支付当前进行地块设计咨询费的40％为施工图阶段付款,0.40 ,431289.68 ,423280.77 ,产值确认单,43460.00 ,/,/,431289.00 ,43999.00 ,431289.00 ,44028.00 ,-8008.23 ,产值确认已90%,,7月已付款,,,,,,,,,,,,,,,423280.77 ,,,,,,,,,,,,,,431289.00 ,,,,,,,,,,,,,,,,,,,,,
,,,,,,,,,,,,,,,,,,,,,,,,,,,,4.00 ,支付当前进行地块设计费的10％为施工完成后尾款,0.10 ,107822.42 ,63400.68 ,产值确认单,44555.00 ,63400.68 ,44545.00 ,63400.68 ,44851.00 ,63400.68 ,44889.00 ,0.00 ,,,,,,,,,,,,,,,,,,63400.68 ,,,,,,,,,,,,,,63400.68 ,,,,,,,,,,,,,,,,,,,,,
10,西南,44029.00 ,四川成都青羊137地块（完成）（案名：西派金沙）,CRCCRE-DC-XM-2020-074,成都青羊137亩项目一期施工图设计咨询服务合同,CRCCRE-SJ-ZX-2020-011,咨询,,成都乐欣置业有限公司,133965.10 ,咨询：5元/㎡,669825.50 ,0.00 ,0.00 ,0.00 ,0.00 ,0.00 ,0.00 ,0.00 ,669825.50 ,0.00 ,0.00 ,0.00 ,,,0.00 ,,1.00 ,合同签订后，甲方在提交首批设计资料给乙方后，五十五个工作日内支付施工图设计咨询服务费的20%给乙方,0.20 ,133965.10 ,535860.40 ,开票,44060.00 ,535860.68 ,44060.00 ,535860.40 ,44060.00 ,535860.40 ,44134.00 ,0.00 ,已完成,已完成,8月17已确认100%的产值，已开票预计十月回款，久其系统问题，流程没走完,,669825.50 ,669825.50 ,669825.50 ,0.00 ,0.00 ,0.00 ,,,,,,,,535860.40 ,,,,,,,,,,,,,,535860.40 ,,,,,,,直委,OA,,,,,,,,,,,,,
,,,,,,,,,,,,,,,,,,,,,,,,,,,,2.00 ,乙方提交第一版全专业施工图设计咨询报告后，经甲方确认后在五十五个工作日内甲方支付施工图设计咨询服务费的60%,0.60 ,401895.30 ,,,,,,,,,,0.00 ,,,,,,,,,,,,,,,,,,,,,,,,,,,,,,,,,,,,,,,,,,,,,,,,,,,,,
,,,,,,,,,,,,,,,,,,,,,,,,,,,,3.00 ,甲方完成施工图审查并取得审查合格证后，五十五个工作日内甲方支付工程全额设计咨询服务费的20%给乙方。,0.20 ,133965.10 ,133965.10 ,产值确认单,44060.00 ,133965.10 ,44060.00 ,133965.10 ,44428.00 ,133965.10 ,44468.00 ,0.00 ,,,8月17已确认100%的产值,,,,,,,,,,,,,,,133965.10 ,,,,,,,,,,,,,,133965.10 ,,,,,,,,,,,,,,,,,,,,,
10,西南,44120.00 ,"四川成都青羊137地块（二期）
（完成）（案名：西派金沙）",CRCCRE-DC-XM-2020-097,成都青羊137亩项目二期施工图设计咨询服务合同,CRCCRE-SJ-ZX-2020-015,咨询,,成都乐欣置业有限公司,100254.49 ,咨询：5元/㎡,501272.45 ,0.00 ,0.00 ,0.00 ,0.00 ,0.00 ,0.00 ,0.00 ,501272.45 ,0.00 ,0.00 ,0.00 ,,,0.00 ,,1.00 ,合同签订后，甲方在提交首批设计资料给乙方后，五十五个工作日内支付施工图设计咨询服务费的20%给乙方,0.20 ,100254.49 ,100254.49 ,开票,44160.00 ,100254.49 ,44160.00 ,100254.49 ,44179.00 ,100254.49 ,44224.00 ,0.00 ,已完成,已完成,,,501272.45 ,501272.45 ,501272.45 ,0.00 ,0.00 ,0.00 ,,,,,,,,100254.49 ,,,,,,,,,,,,,,100254.49 ,,,,,,,直委,OA,,,,,,,,,,,,,
,,,,,,,,,,,,,,,,,,,,,,,,,,,,2.00 ,乙方提交第一版全专业施工图设计咨询报告后，经甲方确认后在五十五个工作日内甲方支付施工图设计咨询服务费的60%,0.60 ,300763.47 ,300763.47 ,,44160.00 ,300763.47 ,44160.00 ,300763.47 ,44179.00 ,300763.47 ,44224.00 ,0.00 ,,,,,,,,,,,,,,,,,,300763.47 ,,,,,,,,,,,,,,300763.47 ,,,,,,,,,,,,,,,,,,,,,
,,,,,,,,,,,,,,,,,,,,,,,,,,,,3.00 ,甲方完成施工图审查并取得审查合格证后，五十五个工作日内甲方支付工程全额设计咨询服务费的20%给乙方。,0.20 ,100254.49 ,100254.49 ,产值确认单,44160.00 ,100254.49 ,44160.00 ,100254.49 ,44428.00 ,100254.49 ,44468.00 ,0.00 ,,,,,,,,,,,,,,,,,,100254.49 ,,,,,,,,,,,,,,100254.49 ,,,,,,,,,,,,,,,,,,,,,
10,西南,44211.00 ,"四川成都青羊137地块（三期）
（完成）（案名：西派金沙）",CRCCRE-DC-XM-2020-098,成都青羊137亩项目三期施工图设计咨询服务合同,CRCCRE-SJ-ZX-2021-001,咨询,,成都乐欣置业有限公司,129435.82 ,咨询：5元/㎡,642915.04 ,0.00 ,0.00 ,0.00 ,0.00 ,0.00 ,0.00 ,0.00 ,642915.04 ,0.00 ,0.00 ,0.00 ,,,0.00 ,0.00 ,1.00 ,合同签订后，甲方在提交首批设计资料给乙方后，五十五个工作日内支付施工图设计咨询服务费的20%给乙方,0.20 ,128583.01 ,128583.00 ,产值确认单,44515.00 ,128583.01 ,44515.00 ,128583.00 ,44515.00 ,128583.00 ,44558.00 ,0.00 ,已完成,,,,642915.04 ,642915.04 ,642915.04 ,0.00 ,0.00 ,0.00 ,,,,,,,,128583.00 ,,,,,,,,,,,,,,128583.00 ,,,,,,,直委,OA,,,,,,,,,,,,,
,,,,,,,,,,,,,,,,,,,,,,,,,,,,2.00 ,乙方提交第一版全专业施工图设计咨询报告后，经甲方确认后在五十五个工作日内甲方支付施工图设计咨询服务费的60%,0.60 ,385749.02 ,385749.00 ,产值确认单,44515.00 ,385749.02 ,44515.00 ,385749.00 ,44515.00 ,385749.00 ,44558.00 ,0.00 ,,,,,,,,,,,,,,,,,,385749.00 ,,,,,,,,,,,,,,385749.00 ,,,,,,,,,,,,,,,,,,,,,
,,,,,,,,,,,,,,,,,,,,,,,,,,,,3.00 ,甲方完成施工图审查并取得审查合格证后，五十五个工作日内甲方支付工程全额设计咨询服务费的20%给乙方。,0.20 ,128583.01 ,128583.04 ,产值确认单,44515.00 ,128583.01 ,44515.00 ,128583.04 ,44804.00 ,128583.04 ,44834.00 ,0.00 ,,,,,,,,,,,,,,,,,,128583.04 ,,,,,,,,,,,,,,128583.04 ,,,,,,,,,,,,,,,,,,,,,
,贵州,45404.00 ,贵阳兰草坝棚户区03-01地块,,兰草坝G(23)077号地块项目建设工程设计总包管理服务合同,CRCCRE-SJ-XM-2024-006,方案+景观+精装+咨询+多维汇报,CRCCRE-GZ-LCB03-QQ-2024-004,贵州甲秀鹏程置业有限公司,"合同面积：392617.45
规证面积：
394979.17","方案设计：
20.71元/㎡
施工图咨询：4.5元/㎡
多维汇报：
8万/个",12698912.08 ,0.00 ,0.00 ,7351185.24 ,0.00 ,0.00 ,0.00 ,0.00 ,2447281.43 ,79200.00 ,0.00 ,0.00 ,0.00 ,0.00 ,2821245.41 ,/,方案-1,合同签订并提交第一版概念性方案后，经甲方审核确认后,0.20 ,1626132.51 ,1602320.13 ,产值确认单,45423.00 ,1626132.51 ,45423.00 ,1602320.13 ,45468.00 ,1602320.13 ,45657.00 ,,第一次回款银信255万、现金22万,,"第一次计价金额：
2774856.02元
第二次计价金额：3038795.74元",,10499011.55 ,6342190.59 ,6143502.01 ,2199900.53 ,4156820.96 ,198688.58 ,,,1468273.96 ,,,,,117784.84 ,,,,,,16261.33 ,,,1468273.96 ,,,,,117784.84 ,,,,,,16261.33 ,,,,,,,,,,,,,,,
,,,,,,,,,,,,,,,,,,,,,,,,,,,,方案-2,方案调整、修改完成经甲方确认后，经甲方审核确认后,0.30 ,2439198.77 ,2439198.77 ,产值确认单,45423.00 ,2439198.76 ,45423.00 ,1409011.37 ,45800.00 ,352119.67 ,45868.00 ,,第二次回款银信100万,,,,,,,,,,,,2202410.94 ,,,,,212395.84 ,,,,,,24391.99 ,,,320000.00 ,,,,,18029.56 ,,,,,,14090.11 ,,,,,,,,,,,,,,,
,,,,,,,,,,,,,,,,,,,,,,,,,,,,,,,,,,,,,,,426895.22 ,45911.00 ,,第三次回款银信100万,,,,,,,,,,,,,,,,,,,,,,,,,,389722.86 ,,,,,37172.36 ,,,,,,,,,,,,,,,,,,,,,
,,,,,,,,,,,,,,,,,,,,,,,,,,,,,,,,,,,,,,,629996.48 ,45988.00 ,,,,,,,,,,,,,,,,,,,,,,,,,,,,575138.86 ,,,,,54857.62 ,,,,,,,,,,,,,,,,,,,,,
,,,,,,,,,,,,,,,,,,,,,,,,,,,,,,,,,,,,,743505.53 ,45882.00 ,370003.52 ,45988.00 ,,,,,,,,,,,,,,,,,,,,,,,,,,,,370003.52 ,,,,,,,,,,,,,,,,,,,,,,,,,,
,,,,,,,,,,,,,,,,,,,,,,,,,,,,,,,,,,,,,,,373502.01 ,46111.00 ,,三四期第一笔20%计价,,,,,,,,,,,,,,,,,,,,,,,,,,373502.01 ,,,,,,,,,,,,,,,,,,,,,,,,,,
,,,,,,,,,,,,,,,,,,,,,,,,,,,,方案-3,方案通过政府相关审批（规划复函）后，经甲方审核确认后,0.20 ,1626132.51 ,1626132.51 ,产值确认单,45423.00 ,1626132.51 ,45423.00 ,,,0.00 ,,,,,,,,,,,,,,,1468273.96 ,,,,,141597.22 ,,,,,,16261.33 ,,,,,,,,,,,,,,,,,,,,,,,,,,,,,
,,,,,,,,,,,,,,,,,,,,,,,,,,,,方案-4,项目总图、建筑单专业扩初设计图纸完成，并取得《建设工程规划许可证》后，经甲方审核确认后,0.20 ,1626132.51 ,457805.75 ,产值确认单,45642.00 ,457805.75 ,45642.00 ,,,0.00 ,,,提前确认产值,,,,,,,,,,,,413363.77 ,,,,,39863.92 ,,,,,,4578.06 ,,,,,,,,,,,,,,,,,,,,,,,,,,,,,
,,,,,,,,,,,,,,,,,,,,,,,,,,,,,,,,0.00 ,,,,,,,,,,,,,,,,,,,,,,,,,,,,,,,,,,,,,,,,,,,,,,,,,,,,,,,,,,,,,,
,,,,,,,,,,,,,,,,,,,,,,,,,,,,,,,,0.00 ,,,,,,,,,,,,,,,,,,,,,,,,,,,,,,,,,,,,,,,,,,,,,,,,,,,,,,,,,,,,,,
,,,,,,,,,,,,,,,,,,,,,,,,,,,,,,,,0.00 ,,,,,,,,,,,,,,,,,,,,,,,,,,,,,,,,,,,,,,,,,,,,,,,,,,,,,,,,,,,,,,
,,,,,,,,,,,,,,,,,,,,,,,,,,,,方案-5,配合施工完成，至竣工验收完成后按照《建设工程规划许可证》各项建筑面积结算,0.10 ,813066.26 ,459786.58 ,,,,,,,0.00 ,,,,,,,,,,,,,,,459786.58 ,,,,,,,,,,,,,,,,,,,,,,,,,,,,,,,,,,,,,,,,
,,,,,,,,,,,,,,,,,,,,,,,,,,,,,,,,,,,,,,,,,,,,,,,,,,,,,,,,,,,,,,,,,,,,,,,,,,,,,,,,,,,,,,,,,,,,,,
,,,,,,,,,,,,,,,,,,,,,,,,,,,,,,,,,,,,,,,,,,,,,,,,,,,,,,274350.40 ,,,,,70798.61 ,,,,,,8130.66 ,,,,,,,,,,,,,,,,,,,,,,,,,,,,,
,,,,,,,,,,,,,,,,,,,,,,,,,,,,咨询-1,合同签订后，甲方在提交首批设计资料给乙方后2个月内（付款审批流程完成后）,0.20 ,353355.71 ,353355.71 ,产值确认单,45423.00 ,353355.71 ,45423.00 ,353355.71 ,45468.00 ,353355.71 ,45657.00 ,,第一次回款银信255万、现金22万,,,,,,,,,,,,1963.09 ,,,,,347859.06 ,,,,,,3533.56 ,,,1963.09 ,,,,,347859.06 ,,,,,,3533.56 ,,,,,,,,,,,,,,,
,,,,,,,,,,,,,,,,,,,,,,,,,,,,咨询-2,乙方提交第一版全专业施工图设计咨询报告后经甲方确认后2个月内,0.40 ,706711.41 ,188643.91 ,产值确认单,45423.00 ,188643.91 ,45423.00 ,188643.91 ,45468.00 ,188643.91 ,45657.00 ,,"一期：104802.17㎡
一期：3209.11㎡（增加面积）
一期共计：108011.28㎡
第一次回款银信255万、现金22万",,,,,,,,,,,,3926.17 ,,,,,177650.63 ,,,,,,7067.11 ,,,3926.17 ,,,,,177650.63 ,,,,,,7067.11 ,,,,,,,,,,,,,,,
,,,,,,,,,,,,,,,,,,,,,,,,,,,,,,,,5895.32 ,产值确认单,45642.00 ,5776.40 ,45642.00 ,5895.32 ,45468.00 ,5895.32 ,45657.00 ,,,,,,,,,,,,,,32.75 ,,,,,5803.62 ,,,,,,58.95 ,,,32.75 ,,,,,5803.62 ,,,,,,58.95 ,,,,,,,,,,,,,,,
,,,,,,,,,,,,,,,,,,,,,,,,,,,,,,,,184990.78 ,产值确认单,45642.00 ,184990.78 ,45642.00 ,20765.20 ,45800.00 ,20765.20 ,45868.00 ,,"二期：102772.65㎡
第二次回款银信100万",,,,,,,,,,,,1027.73 ,,,,,182113.14 ,,,,,,1849.91 ,,,115.36 ,,,,,20442.19 ,,,,,,207.65 ,,,,,,,,,,,,,,,
,,,,,,,,,,,,,,,,,,,,,,,,,,,,,,,,,,,,,164225.58 ,,0.00 ,,,,,,,,,,,,,,,,,,,,,,,,,,,,,,,,,,,,,,,,,,,,,,,,,,,,,,,
,,,,,,,,,,,,,,,,,,,,,,,,,,,,,,,,0.00 ,,,,,,,0.00 ,,,三期：,,,,,,,,,,,,,,,,,,,,,,,,,,,,,,,,,,,,,,,,,,,,,,,,,,,,
,,,,,,,,,,,,,,,,,,,,,,,,,,,,,,,,0.00 ,,,,,,,0.00 ,,,四期：,,,,,,,,,,,,,,,,,,,,,,,,,,,,,,,,,,,,,,,,,,,,,,,,,,,,
,,,,,,,,,,,,,,,,,,,,,,,,,,,,咨询-3,甲方完成施工图审查并取得审查合格证后2个月内,0.40 ,706711.41 ,194420.31 ,产值确认单,45642.00 ,194420.31 ,45642.00 ,194420.29 ,45800.00 ,142259.11 ,45868.00 ,,"一期：108011.28㎡
第二次回款银信100万",,,,,,,,,,,,3958.26 ,,,,,183337.18 ,,,,,,7124.87 ,,,1080.11 ,,,,,139234.80 ,,,,,,1944.20 ,,,,,,,,,,,,,,,
,,,,,,,,,,,,,,,,,,,,,,,,,,,,,,,,,,,,,,,52161.18 ,45911.00 ,,第三次回款银信100万,,,,,,,,,,,,,,,,,,,,,,,,,,,,,,,52161.18 ,,,,,,,,,,,,,,,,,,,,,
,,,,,,,,,,,,,,,,,,,,,,,,,,,,,,,,184990.78 ,产值确认单,45642.00 ,184990.78 ,45642.00 ,184990.78 ,45800.00 ,107838.82 ,45911.00 ,,"第三次回款银信100万
二期：102772.65㎡",,,,,,,,,,,,1027.73 ,,,,,182113.14 ,,,,,,1849.91 ,,,1027.73 ,,,,,104961.17 ,,,,,,1849.92 ,,,,,,,,,,,,,,,
,,,,,,,,,,,,,,,,,,,,,,,,,,,,,,,,,,,,,,,77151.96 ,45911.00 ,,,,,,,,,,,,,,,,,,,,,,,,,,,,,,,,,77151.96 ,,,,,,,,,,,,,,,,,,,,,
,,,,,,,,,,,,,,,,,,,,,,,,,,,,,,,,0.00 ,,,,,,,0.00 ,,,,,,,,,,,,,,,,,,,,,,,,,,,,,,,,,,,,,,,,,,,,,,,,,,,,,,,
,,,,,,,,,,,,,,,,,,,,,,,,,,,,,,,,0.00 ,,,,,,,0.00 ,,,,,,,,,,,,,,,,,,,,,,,,,,,,,,,,,,,,,,,,,,,,,,,,,,,,,,,
,,,,,,,,,,,,,,,,,,,,,,,,,,,,BIM,方案通过政府相关审批（规划复函）后，经甲方审核确认后2个月内（付款审批流程完成后）,1.00 ,80000.00 ,80000.00 ,产值确认单,45423.00 ,80000.00 ,45423.00 ,80000.00 ,45468.00 ,75143.98 ,45657.00 ,,第一次回款银信255万、现金22万,,,,,,,,,,,,,,,,,,79200.00 ,,,,,800.00 ,,,,,,,,,74343.98 ,,,,,800.00 ,,,,,,,,,,,,,,,
,,,,,,,,,,,,,,,,,,,,,,,,,,,,,,,,,,,,,,,4856.02 ,45868.00 ,,第二次回款银信100万,,,,,,,,,,,,,,,,,,,,,,,,,,,,,,,,4856.02 ,,,,,,,,,,,,,,,,,,,,
,,,,,,,,,,,,,,,,,,,,,,,,,,,,景观整体,合同签订并提交第一版概念性方案后2个月内（付款审批流程完成后）,0.10 ,166580.48 ,166580.48 ,产值确认单,45423.00 ,166580.48 ,45423.00 ,166580.48 ,45468.00 ,166580.48 ,45657.00 ,,"第一次回款银信255万、现金22万
截止第二次计价：1期80%、2期45%、3期4期10%，共计金额：653912.81元",,,,,,,,,,,,,,,,,,,,,,,166580.48 ,,,,,,,,,,,,,,166580.48 ,,,,,,,,,,,,,,,
,,,,,,,,,,,,,,,,,,,,,,,,,,,,景观大区,大区及红线外概念设计成果经甲方确认后2个月内,0.15 ,249870.72 ,249870.72 ,产值确认单,45423.00 ,249870.72 ,45423.00 ,137002.93 ,45468.00 ,137002.93 ,45657.00 ,,,,,,,,,,,,,,,,,,,,,,,,,249870.72 ,,,,,,,,,,,,,,137002.93 ,,,,,,,,,,,,,,,
,,,,,,,,,,,,,,,,,,,,,,,,,,,,,,,,,,,,,,,,,,,,,,,,,,,,,,,,,,,,,,,,,,,,,,,,,,,,,,,,,,,,,,,,,,,,,,
,,,,,,,,,,,,,,,,,,,,,,,,,,,,,,,,,,,,,,,,,,,,,,,,,,,,,,,,,,,,,,,,,,,,,,,,,,,,,,,,,,,,,,,,,,,,,,
,,,,,,,,,,,,,,,,,,,,,,,,,,,,景观大区,大区及红线外方案设计成果完成经甲方确认后2个月内,0.20 ,333160.96 ,333160.96 ,产值确认单,45423.00 ,333160.96 ,45423.00 ,182670.58 ,45468.00 ,182670.58 ,45657.00 ,,,,,,,,,,,,,,,,,,,,,,,,,333160.96 ,,,,,,,,,,,,,,182670.58 ,,,,,,,,,,,,,,,
,,,,,,,,,,,,,,,,,,,,,,,,,,,,,,,,,,,,,,,,,,,,,,,,,,,,,,,,,,,,,,,,,,,,,,,,,,,,,,,,,,,,,,,,,,,,,,
,,,,,,,,,,,,,,,,,,,,,,,,,,,,,,,,,,,,,,,0.00 ,,,,,,,,,,,,,,,,,,,,,,,,,,,,,,,,,,,,,,,,,,,,,,,,,,,,,,,
,,,,,,,,,,,,,,,,,,,,,,,,,,,,景观大区,大区及红线外扩初设计成果完成经甲方确认后2个月内,0.15 ,249870.72 ,249870.72 ,产值确认单,45423.00 ,249870.72 ,45423.00 ,58386.96 ,45468.00 ,58386.96 ,45657.00 ,,"一期扩初（71991.71）
第二次回款银信100万",,,,,,,,,,,,,,,,,,,,,,,249870.72 ,,,,,,,,,,,,,,58386.96 ,,,,,,,,,,,,,,,
,,,,,,,,,,,,,,,,,,,,,,,,,,,,,,,,,,,,,13604.75 ,45800.00 ,13604.75 ,45868.00 ,,,,,,,,,,,,,,,,,,,,,,,,,,,,,,,,,,,,,,,13604.75 ,,,,,,,,,,,,,,,
,,,,,,,,,,,,,,,,,,,,,,,,,,,,,,,,,,,,,,,0.00 ,,,,,,,,,,,,,,,,,,,,,,,,,,,,,,,,,,,,,,,,,,,,,,,,,,,,,,,
,,,,,,,,,,,,,,,,,,,,,,,,,,,,,,,,,,,,,,,0.00 ,,,,,,,,,,,,,,,,,,,,,,,,,,,,,,,,,,,,,,,,,,,,,,,,,,,,,,,
,,,,,,,,,,,,,,,,,,,,,,,,,,,,景观大区,大区及红线外施工图设计成果完成经甲方确认后2个月内,0.20 ,333160.96 ,333160.96 ,产值确认单,45642.00 ,333160.96 ,45642.00 ,95667.11 ,45800.00 ,95667.11 ,45868.00 ,,"一期施工图（少记321.84元）
第二次回款银信100万",,,,,,,,,,,,,,,,,,,,,,,333160.96 ,,,,,,,,,,,,,,95667.11 ,,,,,,,,,,,,,,,
,,,,,,,,,,,,,,,,,,,,,,,,,,,,,,,,,,,,,,,0.00 ,,,,,,,,,,,,,,,,,,,,,,,,,,,,,,,,,,,,,,,,,,,,,,,,,,,,,,,
,,,,,,,,,,,,,,,,,,,,,,,,,,,,,,,,,,,,,,,0.00 ,,,,,,,,,,,,,,,,,,,,,,,,,,,,,,,,,,,,,,,,,,,,,,,,,,,,,,,
,,,,,,,,,,,,,,,,,,,,,,,,,,,,景观大区,大区及红线外施工现场配合完成经甲方确认后2个月内,0.05 ,83290.24 ,83290.24 ,,,,,,,0.00 ,,,,,,,,,,,,,,,,,,,,,,,,,,83290.24 ,,,,,,,,,,,,,,,,,,,,,,,,,,,,,
,,,,,,,,,,,,,,,,,,,,,,,,,,,,景观整体,景观工程竣工验收合格，本合同办理完成结算后2个月内,0.15 ,249870.72 ,249870.72 ,,,,,,,0.00 ,,,,,,,,,,,,,,,,,,,,,,,,,,249870.72 ,,,,,,,,,,,,,,,,,,,,,,,,,,,,,
,,,,,,,,,,,,,,,,,,,,,,,,,,,,售楼处及样板间,合同签订并提交第一版概念性方案后2个月内,0.20 ,89827.00 ,89827.00 ,产值确认单,45423.00 ,89827.00 ,45423.00 ,359308.00 ,45800.00 ,160000.00 ,45868.00 ,,第二次回款银信100万,,,,,,,,,,,,,,,,,,,,,,,89827.00 ,,,,,,,,,,,,,,160000.00 ,,,,,,,,,,,,,,,
,,,,,,,,,,,,,,,,,,,,,,,,,,,,售楼处及样板间,精装概念设计完成经甲方确认后2个月内,0.20 ,89827.00 ,89827.00 ,产值确认单,45423.00 ,89827.00 ,45423.00 ,,,50728.14 ,45868.00 ,,"返还景观回款（10万）
第二次回款银信100万",,,,,,,,,,,,,,,,,,,,,,,89827.00 ,,,,,,,,,,,,,,50728.14 ,,,,,,,,,,,,,,,
,,,,,,,,,,,,,,,,,,,,,,,,,,,,售楼处及样板间,精装方案扩初设计完成经甲方确认后2个月内,0.20 ,89827.00 ,89827.00 ,产值确认单,45423.00 ,89827.00 ,45423.00 ,,,58752.86 ,45911.00 ,,"返还景观回款（10万）
第三次回款银信100万",,,,,,,,,,,,,,,,,,,,,,,89827.00 ,,,,,,,,,,,,,,58752.86 ,,,,,,,,,,,,,,,
,,,,,,,,,,,,,,,,,,,,,,,,,,,,售楼处及样板间,精装施工图设计完成经甲方确认后2个月内,0.20 ,89827.00 ,89827.00 ,产值确认单,45423.00 ,89827.00 ,45423.00 ,,,89827.00 ,45911.00 ,,第三次回款银信100万,,,,,,,,,,,,,,,,,,,,,,,89827.00 ,,,,,,,,,,,,,,89827.00 ,,,,,,,,,,,,,,,
,,,,,,,,,,,,,,,,,,,,,,,,,,,,售楼处及样板间,精装修竣工验收合格，本合同办理完成结算后2个月内,0.20 ,89827.00 ,89827.00 ,,,,,,,0.00 ,,,,,,,,,,,,,,,,,,,,,,,,,,89827.00 ,,,,,,,,,,,,,,,,,,,,,,,,,,,,,
,,,,,,,,,,,,,,,,,,,,,,,,,,,,精装大区-1,合同签订并提交第一版概念性方案后2个月内,0.20 ,121306.24 ,121306.24 ,产值确认单,45423.00 ,121306.24 ,45423.00 ,86843.24 ,45800.00 ,86843.24 ,45868.00 ,,第二次回款银信100万,,,,,,,,,,,,,,,,,,,,,,,121306.24 ,,,,,,,,,,,,,,86843.24 ,,,,,,,,,,,,,,,
,,,,,,,,,,,,,,,,,,,,,,,,,,,,,,,,,,,,,34463.00 ,,,,,,,,,,,,,,,,,,,,,,,,,,,,,,,,,,,,,,,,,,,,,,,,,,,,,,,,,
,,,,,,,,,,,,,,,,,,,,,,,,,,,,精装大区-2,精装概念设计完成经甲方确认后2个月内,0.20 ,121306.24 ,121306.24 ,产值确认单,45423.00 ,121306.24 ,45423.00 ,86843.24 ,45800.00 ,73156.76 ,45868.00 ,,第二次回款银信100万,,,,,,,,,,,,,,,,,,,,,,,121306.24 ,,,,,,,,,,,,,,73156.76 ,,,,,,,,,,,,,,,
,,,,,,,,,,,,,,,,,,,,,,,,,,,,,,,,,,,,,,,13686.48 ,45911.00 ,,第三次回款银信100万,,,,,,,,,,,,,,,,,,,,,,,,,,,,,,,,,,,,,13686.48 ,,,,,,,,,,,,,,,
,,,,,,,,,,,,,,,,,,,,,,,,,,,,,,,,,,,,,,,,,,,,,,,,,,,,,,,,,,,,,,,,,,,,,,,,,,,,,,,,,,,,,,,,,,,,,,
,,,,,,,,,,,,,,,,,,,,,,,,,,,,精装大区-3,精装方案扩初设计完成经甲方确认后2个月内,0.20 ,121306.24 ,121306.24 ,产值确认单,45423.00 ,121306.24 ,45423.00 ,86843.24 ,45800.00 ,86843.24 ,45911.00 ,,第三次回款银信100万,,,,,,,,,,,,,,,,,,,,,,,121306.24 ,,,,,,,,,,,,,,86843.24 ,,,,,,,,,,,,,,,
,,,,,,,,,,,,,,,,,,,,,,,,,,,,,,,,,,,,,,,,,,,,,,,,,,,,,,,,,,,,,,,,,,,,,,,,,,,,,,,,,,,,,,,,,,,,,,
,,,,,,,,,,,,,,,,,,,,,,,,,,,,精装大区-4,精装施工图设计完成经甲方确认后2个月内,0.20 ,121306.24 ,121306.24 ,产值确认单,45423.00 ,121306.24 ,45423.00 ,86843.24 ,45800.00 ,59470.28 ,45911.00 ,,第三次回款银信100万,,,,,,,,,,,,,,,,,,,,,,,121306.24 ,,,,,,,,,,,,,,59470.28 ,,,,,,,,,,,,,,,
,,,,,,,,,,,,,,,,,,,,,,,,,,,,,,,,,,,,,,,27372.96 ,45911.00 ,,第三次回款银信100万,,,,,,,,,,,,,,,,,,,,,,,,,,,,,,,,,,,,,27372.96 ,,,,,,,,,,,,,,,
,,,,,,,,,,,,,,,,,,,,,,,,,,,,,,,,,,,,,,,,,,,,,,,,,,,,,,,,,,,,,,,,,,,,,,,,,,,,,,,,,,,,,,,,,,,,,,
,,,,,,,,,,,,,,,,,,,,,,,,,,,,精装大区-5,精装修竣工验收合格，本合同办理完成结算后2个月内,0.20 ,121306.24 ,121306.24 ,,,,,,,0.00 ,,,,,,,,,,,,,,,,,,,,,,,,,,121306.24 ,,,,,,,,,,,,,,,,,,,,,,,,,,,,,
11,西南,43255.00 ,"成都双流华府项目

（西派国樾）
（完成）",/,双流区协和街道11、12号地块项目建筑设计咨询服务合同,CRCCRE-SJ-ZX-2018-005,咨询,,成都中铁华府置业有限公司,501165.00 ,咨询：7元/㎡,3508155.00 ,0.00 ,0.00 ,0.00 ,0.00 ,0.00 ,0.00 ,0.00 ,3508155.00 ,0.00 ,0.00 ,0.00 ,,,0.00 ,0.00 ,1.00 ,支付当前进行地块的20％为本合同预付款,0.20 ,701631.00 ,701631.00 ,开票,43405.00 ,/,/,701631.00 ,43405.00 ,701631.00 ,43435.00 ,0.00 ,,,,,3793869.94 ,3793869.94 ,3793869.94 ,-285714.94 ,0.00 ,0.00 ,,,,,,,,701631.00 ,,,,,,,,,,,,,,701631.00 ,,,,,,,邀标,,,,,,,,,,,,,,
,,,,,,,,,,,,,,,,,,,,,,,,,,,,2.00 ,支付当前进行地块设计咨询费的30％为方案设计阶段付款,0.30 ,1052446.50 ,1052446.50 ,开票,43822.00 ,1052446.50 ,43822.00 ,1052446.50 ,43822.00 ,1052446.50 ,43846.00 ,0.00 ,,,,,,,,,,,,,,,,,,1052446.50 ,,,,,,,,,,,,,,1052446.50 ,,,,,,,,,,,,,,,,,,,,,
,,,,,,,,,,,,,,,,,,,,,,,,,,,,3.00 ,支付当前进行地块设计咨询费的40％为施工图阶段付款,0.40 ,1403262.00 ,1095584.00 ,开票,43822.00 ,1095584.00 ,43822.00 ,1095584.00 ,43822.00 ,1095584.00 ,43846.00 ,0.00 ,,,,,,,,,,,,,,,,,,1095584.00 ,,,,,,,,,,,,,,1095584.00 ,,,,,,,,,,,,,,,,,,,,,
,,,,,,,,,,,,,,,,,,,,,,,,,,,,,,,,24866.32 ,产值确认单,45121.00 ,24866.32 ,45121.00 ,332544.32 ,45124.00 ,332544.32 ,45168.00 ,332544.32 ,"国樾五期118765.83㎡
118765.83×7×40%=332544.32",,,,,,,,,,,,,,,,,24866.32 ,,,,,,,,,,,,,,332544.32 ,,,,,,,,,,,,,,,,,,,,,
,,,,,,,,,,,,,,,,,,,,,,,,,,,,,,,,307678.00 ,产值确认单,43846.00 ,307678.00 ,43846.00 ,,,,,,,,11号地块已结算，由于面积超出要签补充协议，故等12号地块一起结算,,,,,,,,,,,,,,,307678.00 ,,,,,,,,,,,,,,,,,,,,,,,,,,,,,,,,,,,
,,,,,,,,,,,,,,,,,,,,,,,,,,,,4.00 ,支付当前进行地块设计费的10％为施工完成后尾款,0.10 ,350815.50 ,611664.12 ,产值确认单,45250.00 ,611664.12 ,45250.00 ,611664.12 ,45250.00 ,611664.12 ,45624.00 ,0.00 ,结算金额：3793869.94,,,,,,,,,,,,,,,,,611664.12 ,,,,,,,,,,,,,,611664.12 ,,,,,,,,,611664.12 ,0.00 ,,,,,,,,,,,
12,西南,43435.00 ,"昆明逸都小区B、C地块
（完成）",/,逸都小区-郦苑、逸都小区-湖苑建设工程设计咨询,CRCCRE-SJ-ZX-2018-010,咨询,,中铁建昆仑云南房地产有限公司,221785.00 ,施工图咨询：5元/㎡,1108925.00 ,0.00 ,0.00 ,0.00 ,0.00 ,0.00 ,0.00 ,,1108925.00 ,0.00 ,0.00 ,0.00 ,,,0.00 ,0.00 ,1.00 ,乙方完成建筑设计各专业咨询报告并经甲方书面认可后，甲方支付乙方合同价款的40%。,0.40 ,443570.00 ,443570.00 ,开票,43497.00 ,/,/,443570.00 ,43497.00 ,443570.00 ,43556.00 ,0.00 ,,已完成,,,1108925.00 ,1108925.00 ,1108925.00 ,0.00 ,0.00 ,0.00 ,,,,,,,,443570.00 ,,,,,,,,,,,,,,443570.00 ,,,,,,,邀标,,,,,,,,,,,,,,
,,,,,,,,,,,,,,,,,,,,,,,,,,,,2.00 ,乙方完成建筑设计各专业咨询报告结论并经甲方书面认可后，甲方支付乙方合同价款的50%。,0.50 ,554462.50 ,554462.50 ,开票,43739.00 ,/,/,554462.50 ,43739.00 ,554462.50 ,43800.00 ,0.00 ,,,,,,,,,,,,,,,,,,554462.50 ,,,,,,,,,,,,,,554462.50 ,,,,,,,,,,,,,,,,,,,,,
,,,,,,,,,,,,,,,,,,,,,,,,,,,,3.00 ,乙方完成建筑设计咨询后评估报告并经甲方书面认可后，甲方支付合同价款的10%。,0.10 ,110892.50 ,110892.50 ,开票,44033.00 ,/,/,110892.50 ,44033.00 ,110892.50 ,44132.00 ,0.00 ,,,已回款,,,,,,,,,,,,,,,110892.50 ,,,,,,,,,,,,,,110892.50 ,,,,,,,,,,,,,,,,,,,,,
13,西南,43307.00 ,"重庆寸滩项目
（西派城）",/,中国铁建重庆寸滩项目建筑设计咨询服务合同,CRCCRE-SJ-ZX-2018-007,咨询,CRCCRE-ZQGS-ZXBNXM0000-KF.XS.10-2017-002,中铁房地产集团重庆有限公司,A-34-1-16/07地块：363650.35；A-34-1-19/07地块：270105.23；A-34-1-20/07地块：303356.12,咨询：7元/㎡,6559781.90 ,0.00 ,0.00 ,0.00 ,0.00 ,0.00 ,0.00 ,0.00 ,6559781.90 ,0.00 ,0.00 ,0.00 ,,,0.00 ,0.00 ,1.00 ,乙方完成各地块方案阶段的设计咨询工作，提交电子版《方案阶段设计咨询意见》并经甲方书面认可，甲方支付各地块咨询服务费的50%给乙方,0.50 ,3279890.95 ,1272776.23 ,开票,43374.00 ,/,/,1272776.23 ,43374.00 ,1272776.23 ,43435.00 ,0.00 ,,,A-34-1-16/07地块363650.35,,5411925.50 ,5021993.27 ,5021993.27 ,1147856.40 ,389932.23 ,0.00 ,,,,,,,,1272776.23 ,,,,,,,,,,,,,,1272776.23 ,,,,,,,,,,,,,,,,,,,,,
,,,,,,,,,,,,,,,,,,,,,,,,,,,,,,,,1086806.25 ,开票,43497.00 ,/,/,1086806.25 ,43497.00 ,1086806.25 ,43739.00 ,0.00 ,,,A-34-1-20/07地块（7#）310516.07㎡,,,,,,,,,,,,,,,1086806.25 ,,,,,,,,,,,,,,1086806.25 ,,,,,,,,,,,,,,,,,,,,,
,,,,,,,,,,,,,,,,,,,,,,,,,,,,,,,,151414.17 ,开票,45590.00 ,151414.17 ,45590.00 ,151414.17 ,45590.00 ,151414.17 ,45625.00 ,0.00 ,完成地上部分1#6#7#（43261.19㎡）,,A-34-1-19/07地块（1-8#）154670.40㎡,,,,,,,,,,,,,,,151414.17 ,,,,,,,,,,,,,,151414.17 ,,,,,,,,,151414.17 ,0.00 ,,,,,,,,,,,
,,,,,,,,,,,,,,,,,,,,,,,,,,,,,,,,389932.23 ,产值确认单,45638.00 ,389932.23 ,45638.00 ,,,,,,集团对该项目“以销定产”，项目上未施工所以不能请款，按项目施工进度请款,,,,,,,,,,,,,,,,,389932.23 ,,,,,,,,,,,,,,389932.23 ,,,,,,,,,,,,,,,,,,,,,
,,,,,,,,,,,,,,,,,,,,,,,,,,,,2.00 ,乙方完成各地块施工图阶段的设计咨询工作，提交纸质版《施工图设计咨询意见》4份并经甲方书面认可，甲方支付至各地块实际咨询服务费的100%给乙方。,0.50 ,3279890.95 ,1272776.23 ,开票,43374.00 ,/,/,1272776.23 ,43374.00 ,1272776.23 ,43435.00 ,0.00 ,,,A-34-1-16/07地块363650.35,,,,,,,,,,,,,,,1272776.23 ,,,,,,,,,,,,,,1272776.23 ,,,,,,,,,,,,,,,,,,,,,
,,,,,,,,,,,,,,,,,,,,,,,,,,,,,,,,1086806.25 ,开票,43497.00 ,/,/,1086806.25 ,43497.00 ,1086806.25 ,43739.00 ,0.00 ,,,A-34-1-20/07地块（7#）310516.07㎡,,,,,,,,,,,,,,,1086806.25 ,,,,,,,,,,,,,,1086806.25 ,,,,,,,,,,,,,,,,,,,,,
,,,,,,,,,,,,,,,,,,,,,,,,,,,,,,,,151414.16 ,开票,45590.00 ,151414.16 ,45590.00 ,151414.16 ,45590.00 ,151414.16 ,45625.00 ,0.00 ,完成地上部分1#6#7#（43261.19㎡）,,A-34-1-19/07地块（1-8#）154670.40㎡,,,,,,,,,,,,,,,151414.16 ,,,,,,,,,,,,,,151414.16 ,,,,,,,,,,,,,,,,,,,,,
,,,,,,,,,,,,,,,,,,,,,,,,,,,,,,,,389932.24 ,产值确认单,45638.00 ,389932.24 ,45638.00 ,,,,,,集团对该项目“以销定产”，项目上未施工所以不能请款，按项目施工进度请款,,,,,,,,,,,,,,,,,389932.24 ,,,,,,,,,,,,,,389932.24 ,,,,,,,,,,,,,,,,,,,,,
14,西南,43307.00 ,"重庆-寸滩项目（A-34-1-19-07地块）-超豪宅项目结构顾问
(未启动)",/,(中铁建重庆西派城)寸滩项目二期结构设计顾问服务,CRCCRE-SJ-ZX-2018-007,咨询,,中铁房地产集团重庆有限公司,270000.00 ,固定单价（20元/㎡）,2250000.00 ,0.00 ,0.00 ,0.00 ,0.00 ,0.00 ,0.00 ,0.00 ,2250000.00 ,0.00 ,0.00 ,0.00 ,,,0.00 ,0.00 ,1.00 ,签订合同后10 日内,0.15 ,337500.00 ,337500.00 ,,,,,,,0.00 ,,337500.00 ,,,未开始履行合同义务,,337500.00 ,0.00 ,0.00 ,1912500.00 ,337500.00 ,0.00 ,,,,,,,,337500.00 ,,,,,,,,,,,,,,,,,,,,,,,,,,,,,,,,,,,
,,,,,,,,,,,,,,,,,,,,,,,,,,,,2.00 ,提交地上结构的方案报告验收合格后,0.20 ,450000.00 ,0.00 ,,,,,,,0.00 ,,0.00 ,,,,,,,,,,,,,,,,,,,,,,,,,,,,,,,,,,,,,,,,,,,,,,,,,,,,,
,,,,,,,,,,,,,,,,,,,,,,,,,,,,3.00 ,提交50%结构初步设计报告验收合格后,0.20 ,450000.00 ,0.00 ,,,,,,,0.00 ,,0.00 ,,,,,,,,,,,,,,,,,,,,,,,,,,,,,,,,,,,,,,,,,,,,,,,,,,,,,
,,,,,,,,,,,,,,,,,,,,,,,,,,,,4.00 ,提交100%结构初步设计报告验收合格后,0.20 ,450000.00 ,0.00 ,,,,,,,0.00 ,,0.00 ,,,,,,,,,,,,,,,,,,,,,,,,,,,,,,,,,,,,,,,,,,,,,,,,,,,,,
,,,,,,,,,,,,,,,,,,,,,,,,,,,,5.00 ,提交50%结构施工图审核报告验收合格后,0.10 ,225000.00 ,0.00 ,,,,,,,0.00 ,,0.00 ,,,,,,,,,,,,,,,,,,,,,,,,,,,,,,,,,,,,,,,,,,,,,,,,,,,,,
,,,,,,,,,,,,,,,,,,,,,,,,,,,,6.00 ,提交95%结构施工图审核报告验收合格后,0.15 ,337500.00 ,0.00 ,,,,,,,0.00 ,,0.00 ,,,,,,,,,,,,,,,,,,,,,,,,,,,,,,,,,,,,,,,,,,,,,,,,,,,,,
15,西南,43844.00 ,重庆茶园A81（南山和院）,CRCCRE-DC-XM-2020-049,茶园A81项目建筑设计咨询服务合同,CRCCRE-SJ-ZX-2020-001,咨询,,重庆泽润置业有限公司,44980.83 ,施工图咨询：5元/㎡,224904.15 ,0.00 ,0.00 ,0.00 ,0.00 ,0.00 ,0.00 ,0.00 ,224904.15 ,0.00 ,0.00 ,0.00 ,,,0.00 ,0.00 ,1.00 ,合同签订后，甲方在提交首批设计资料给乙方后，二十个工作日内支付施工图设计咨询服务费的20%给乙方,0.20 ,44980.83 ,170009.72 ,开票,43992.00 ,/,/,170009.72 ,44138.00 ,170009.72 ,44313.00 ,0.00 ,"一期面积42502.43㎡
80%=170009.72
二期面积2478.40㎡
付款80%=9913元",,,,214990.55 ,170009.72 ,170009.72 ,9913.60 ,44980.83 ,0.00 ,,,,,,,,170009.72 ,,,,,,,,,,,,,,170009.72 ,,,,,,,,,,,,,,,,,,,,,
,,,,,,,,,,,,,,,,,,,,,,,,,,,,2.00 ,乙方提交第一版全专业施工图设计咨询报告后，二十个工作日内甲方支付施工图设计咨询服务费的60%给乙方,0.60 ,134942.49 ,,,,,,,,,,0.00 ,,,,,,,,,,,,,,,,,,,,,,,,,,,,,,,,,,,,,,,,,,,,,,,,,,,,,
,,,,,,,,,,,,,,,,,,,,,,,,,,,,3.00 ,甲方完成施工图审查并取得审查合格证后，十五个工作日内甲方支付工程全额设计优化咨询费的20%给乙方。,0.20 ,44980.83 ,44980.83 ,,,,,,,,,44980.83 ,不到节点,,,,,,,,,,,,,,,,,44980.83 ,,,,,,,,,,,,,,44980.83 ,,,,,,,,,,,,,,,,,,,,,
16,西南,44532.00 ,"成都高新区新川105亩地项目
（完成）
（案名：新川樾）",/,新川105亩GX2020-01-13地块住宅用地及配套项目施工图设计咨询服务合同,CRCCRE-SJ-ZX-2021-013,咨询,,成都樾美置业有限公司,262127.31 ,施工图咨询：3.5元/㎡,917827.68 ,0.00 ,0.00 ,0.00 ,0.00 ,0.00 ,0.00 ,0.00 ,917827.68 ,0.00 ,0.00 ,0.00 ,,,0.00 ,0.00 ,1.00 ,合同签订后，甲方在提交首批设计资料给乙方后，五十五个工作日内支付施工图设计咨询服务费的20%给乙方,0.20 ,183565.54 ,183565.54 ,产值确认单,44555.00 ,183565.54 ,44545.00 ,183565.54 ,44641.00 ,183565.54 ,44678.00 ,0.00 ,,,,,917827.68 ,917827.68 ,917827.68 ,0.00 ,0.00 ,0.00 ,,,,,,,,183565.54 ,,,,,,,,,,,,,,183565.54 ,,,,,,,,,,,,,,,,,,,,,
,,,,,,,,,,,,,,,,,,,,,,,,,,,,2.00 ,乙方提交第一版全专业施工图设计咨询报告后，五十五个工作日内甲方支付施工图设计咨询服务费的60%给乙方,0.60 ,550696.61 ,550696.61 ,产值确认单,44555.00 ,550696.61 ,44545.00 ,550696.61 ,44641.00 ,550696.61 ,44678.00 ,0.00 ,,,,,,,,,,,,,,,,,,550696.61 ,,,,,,,,,,,,,,550696.61 ,,,,,,,,,,,,,,,,,,,,,
,,,,,,,,,,,,,,,,,,,,,,,,,,,,3.00 ,甲方完成施工图审查并取得审查合格证后，五十五个工作日内甲方支付工程全额设计优化咨询费的20%给乙方。,0.20 ,183565.54 ,183565.54 ,产值确认单,44795.00 ,183565.54 ,44795.00 ,183565.54 ,44795.00 ,183565.54 ,44860.00 ,0.00 ,,,,,,,,,,,,,,,,,,183565.54 ,,,,,,,,,,,,,,183565.54 ,,,,,,,,,,,,,,,,,,,,,
16,西南,44551.00 ,"成都双流东升118亩地项目
（完成）
（案名：双楠樾府）",/,双流区东升街道葛陌社区1、3、4组；九江街道蛟龙社区1组新建商品住宅、绿化工程及附属设施项目施工图设计咨询服务合同,CRCCRE-SJ-ZX-2021-011,咨询,,成都都樾置业有限公司,225711.00 ,施工图咨询：3.5元/㎡,789988.50 ,0.00 ,0.00 ,0.00 ,0.00 ,0.00 ,0.00 ,0.00 ,789988.50 ,0.00 ,0.00 ,0.00 ,,,0.00 ,0.00 ,1.00 ,合同签订后，甲方在提交首批设计资料给乙方后，五十五个工作日内支付施工图设计咨询服务费的20%给乙方,0.20 ,157997.70 ,157997.70 ,产值确认单,44555.00 ,157997.70 ,44555.00 ,157997.70 ,44641.00 ,157997.70 ,44712.00 ,0.00 ,,,,,789988.50 ,789988.50 ,789988.50 ,0.00 ,0.00 ,0.00 ,,,,,,,,157997.70 ,,,,,,,,,,,,,,157997.70 ,,,,,,,,,,,,,,,,,,,,,
,,,,,,,,,,,,,,,,,,,,,,,,,,,,2.00 ,乙方提交第一版全专业施工图设计咨询报告后，五十五个工作日内甲方支付施工图设计咨询服务费的60%给乙方,0.60 ,473993.10 ,473993.10 ,产值确认单,44555.00 ,473993.10 ,44555.00 ,473993.10 ,44641.00 ,473993.10 ,44712.00 ,0.00 ,,,,,,,,,,,,,,,,,,473993.10 ,,,,,,,,,,,,,,473993.10 ,,,,,,,,,,,,,,,,,,,,,
,,,,,,,,,,,,,,,,,,,,,,,,,,,,3.00 ,甲方完成施工图审查并取得审查合格证后，五十五个工作日内甲方支付工程全额设计优化咨询费的20%给乙方。,0.20 ,157997.70 ,157997.70 ,产值确认单,44850.00 ,157997.70 ,44850.00 ,157997.70 ,44964.00 ,157997.70 ,45005.00 ,0.00 ,,,,,,,,,,,,,,,,,,157997.70 ,,,,,,,,,,,,,,157997.70 ,,,,,,,,,,,,,,,,,,,,,
16,西南,44551.00 ,"成都双流东升47亩地项目
（完成）（案名：棠樾）",/,双流区东升街道花园社区4、10组新建商品住宅，绿化工程及附属设施项目施工图设计咨询服务合同,CRCCRE-SJ-ZX-2021-012,咨询,,成都冠樾置业有限公司,91064.86 ,施工图咨询：3.5元/㎡,318727.00 ,0.00 ,0.00 ,0.00 ,0.00 ,0.00 ,0.00 ,0.00 ,318727.00 ,0.00 ,0.00 ,0.00 ,,,0.00 ,0.00 ,1.00 ,合同签订后，甲方在提交首批设计资料给乙方后，五十五个工作日内支付施工图设计咨询服务费的20%给乙方,0.20 ,63745.40 ,63745.40 ,产值确认单,44555.00 ,63745.40 ,44555.00 ,63745.40 ,44641.00 ,63745.40 ,44705.00 ,0.00 ,,,,,318727.00 ,318727.00 ,318727.00 ,0.00 ,0.00 ,0.00 ,,,,,,,,63745.40 ,,,,,,,,,,,,,,63745.40 ,,,,,,,,,,,,,,,,,,,,,
,,,,,,,,,,,,,,,,,,,,,,,,,,,,2.00 ,乙方提交第一版全专业施工图设计咨询报告后，五十五个工作日内甲方支付施工图设计咨询服务费的60%给乙方,0.60 ,191236.20 ,191236.20 ,产值确认单,44555.00 ,191236.20 ,44555.00 ,191236.20 ,44641.00 ,191236.20 ,44705.00 ,0.00 ,,,,,,,,,,,,,,,,,,191236.20 ,,,,,,,,,,,,,,191236.20 ,,,,,,,,,,,,,,,,,,,,,
,,,,,,,,,,,,,,,,,,,,,,,,,,,,3.00 ,甲方完成施工图审查并取得审查合格证后，五十五个工作日内甲方支付工程全额设计优化咨询费的20%给乙方。,0.20 ,63745.40 ,63745.40 ,产值确认单,44851.00 ,63745.40 ,44851.00 ,63745.40 ,44851.00 ,63745.40 ,44889.00 ,0.00 ,,,,,,,,,,,,,,,,,,63745.40 ,,,,,,,,,,,,,,63745.40 ,,,,,,,,,,,,,,,,,,,,,
,西南,44913.00 ,"成都青羊40亩项目
（锦樾）
（完成）",CRCCRE-DC-XM-2022-017,青羊区蔡桥街道蔡桥社区2、5组住宅及配套设施项目施工图设计咨询服务合同,CRCCRE-SJ-ZX-2022-006,咨询,CRCCRE-XN-CDDW-CDSQYQCQM-KF.QQ.02.01-2022-001,成都耀派置业有限公司,98904.78 ,施工图咨询：3.5元/㎡,346166.75 ,,,,,,,,346166.75 ,,,,,,,,1.00 ,合同签订后，甲方在提交首批设计资料给乙方后，五十五个工作日内支付施工图设计咨询服务费的20%给乙方,0.20 ,69300.00 ,69300.00 ,产值确认单,44914.00 ,69300.00 ,44914.00 ,138466.70 ,45105.00 ,138466.70 ,45166.00 ,,,,,,,,,,,,,,,,,,,69300.00 ,,,,,,,,,,,,,,138466.70 ,,,,,,,,,,,,,,,,,,,,,
,,,,,,,,,,,,,,,,,,,,,,,,,,,,2.00 ,乙方提交第一版全专业施工图设计咨询报告后，五十五个工作日内甲方支付施工图设计咨询服务费的60%给乙方,0.60 ,207900.00 ,207900.00 ,产值确认单,44914.00 ,207900.00 ,44914.00 ,,,,,,,,,,,,,,,,,,,,,,,207900.00 ,,,,,,,,,,,,,,,,,,,,,,,,,,,,,,,,,,,
,,,,,,,,,,,,,,,,,,,,,,,,,,,,,,,,,,,,,121158.36 ,45227.00 ,121158.36 ,45264.00 ,,甲方今年给付75%,,,,,,,,,,,,,,,,,,,,,,,,,,,,,,,121158.36 ,,,,,,,,,,,,,,,,,,,,,
,,,,,,,,,,,,,,,,,,,,,,,,,,,,,,,,,,,,,17308.34 ,45646.00 ,17308.34 ,45679.00 ,,,,,,,,,,,,,,,,,,,,,,,,,,,,,,,,,17308.34 ,,,,,,,,,,,,,,,,,,,,,
,,,,,,,,,,,,,,,,,,,,,,,,,,,,3.00 ,甲方完成施工图审查并取得审查合格证后，五十五个工作日内甲方支付工程全额设计优化咨询费的20%给乙方,0.20 ,68966.75 ,68966.75 ,产值确认单,45233.00 ,68966.75 ,45233.00 ,69233.35 ,45646.00 ,69233.35 ,45679.00 ,,,,,,,,,,,,,,,,,,,68966.75 ,,,,,,,,,,,,,,69233.35 ,,,,,,,,,,,,,,,,,,,,,
,西南,44913.00 ,"成都青羊101亩项目
（青羊樾府）（完成）",CRCCRE-DC-XM-2022-018,青羊区蔡桥街道蔡桥社区1组，华严社区4、6、7组，红碾社区6组住宅及配套设施项目施工图设计咨询服务合同,CRCCRE-SJ-ZX-2022-005,咨询,CRCCRE-XN-CDDW-CDSQYQCQM-KF.QQ.02.01-2022-002,成都佳派置业有限公司,196232.43 ,施工图咨询：3.5元/㎡,683606.00 ,,,,,,,,683606.00 ,,,,,,,,1.00 ,合同签订后，甲方在提交首批设计资料给乙方后，五十五个工作日内支付施工图设计咨询服务费的20%给乙方,0.20 ,136721.20 ,138600.00 ,产值确认单,44914.00 ,138600.00 ,44914.00 ,273442.40 ,45105.00 ,273442.40 ,45159.00 ,,,,,,,,,,,,,,,,,,,138600.00 ,,,,,,,,,,,,,,273442.40 ,,,,,,,,,,,,,,,,,,,,,
,,,,,,,,,,,,,,,,,,,,,,,,,,,,2.00 ,乙方提交第一版全专业施工图设计咨询报告后，五十五个工作日内甲方支付施工图设计咨询服务费的60%给乙方,0.60 ,410163.60 ,134842.40 ,产值确认单,45105.00 ,134842.40 ,45105.00 ,,,,,,,,,,,,,,,,,,,,,,,134842.40 ,,,,,,,,,,,,,,,,,,,,,,,,,,,,,,,,,,,
,,,,,,,,,,,,,,,,,,,,,,,,,,,,,,,,239262.10 ,产值确认单,45227.00 ,239262.10 ,45227.00 ,239262.10 ,45227.00 ,239262.10 ,45254.00 ,,甲方今年给付75%,,,,,,,,,,,,,,,,,239262.10 ,,,,,,,,,,,,,,239262.10 ,,,,,,,,,,,,,,,,,,,,,
,,,,,,,,,,,,,,,,,,,,,,,,,,,,,,,,34180.30 ,产值确认单,45233.00 ,34180.30 ,45233.00 ,34180.30 ,45646.00 ,34180.30 ,45678.00 ,,,,,,,,,,,,,,,,,,,34180.30 ,,,,,,,,,,,,,,34180.30 ,,,,,,,,,,,,,,,,,,,,,
,,,,,,,,,,,,,,,,,,,,,,,,,,,,3.00 ,甲方完成施工图审查并取得审查合格证后，五十五个工作日内甲方支付工程全额设计优化咨询费的20%给乙方,0.20 ,136721.20 ,136721.20 ,产值确认单,45233.00 ,136721.20 ,45233.00 ,136721.20 ,45646.00 ,136721.20 ,45678.00 ,,,,,,,,,,,,,,,,,,,136721.20 ,,,,,,,,,,,,,,136721.20 ,,,,,,,,,,,,,,,,,,,,,
,西南,45280.00 ,高新西区26亩项目,CRCCRE-DC-XM-2023-027,成都高新西区3.8亩项目施工图精审及BIM管综优化服务合同,CRCCRE-SJ-ZX-2023-054,精审+BIM,,四川国恒建筑设计有限公司,5800.00 ,"施工图精审：
3元/㎡
BIM管综：
5元/㎡",46400.00 ,,,,,,,,17400.00 ,29000.00 ,,,,,,,1-精审,合同签订生效后，甲方提交项目相关设计资料，乙方按合同约定开展精审工作经甲方及业主方书面确认的，项目获取建设工程规划许可证后，且甲方收到业主方主合同总金额的20%回款后；,0.20 ,3480.00 ,3480.00 ,跟国恒结算,,,,,,0.00 ,,,,,,,,,,,,,,,,,,,,3480.00 ,,,,,,,,,,,,,,,,,,,,,,,,,,,,,,,,,,,
,,,,,,,,,,,,,,,,,,,,,,,,,,,,2-精审,乙方提交第一版全专业施工图精审咨询报告经甲方及业主方书面确认的，项目获取图审合格证后，且甲方收到业主方主合同总金额的80%回款后；,0.60 ,10440.00 ,10440.00 ,,,,,,,0.00 ,,,,,,,,,,,,,,,,,,,,10440.00 ,,,,,,,,,,,,,,,,,,,,,,,,,,,,,,,,,,,
,,,,,,,,,,,,,,,,,,,,,,,,,,,,3-精审,乙方提交施工图精审咨询服务的所有成果，经甲方及业主方确认，且甲方收到业主方主合同总金额的100%回款后；,0.20 ,3480.00 ,3480.00 ,,,,,,,0.00 ,,,,,,,,,,,,,,,,,,,,3480.00 ,,,,,,,,,,,,,,,,,,,,,,,,,,,,,,,,,,,
,,,,,,,,,,,,,,,,,,,,,,,,,,,,1-BIM,乙方提交第一版BIM模型且经过甲方及业主方确认，且甲方收到业主方主合同总金额的20%回款后；,0.20 ,5800.00 ,5800.00 ,,,,,,,0.00 ,,,,,,,,,,,,,,,,,,,,,5800.00 ,,,,,,,,,,,,,,,,,,,,,,,,,,,,,,,,,,
,,,,,,,,,,,,,,,,,,,,,,,,,,,,2-BIM,乙方根据甲方优化后的施工图纸提交BIM咨询优化报告、完成BIM范围的交底工作，该合同所有BIM相关工作成果经过甲方及业主方确认，且甲方收到业主方主合同总金额的80%回款后,0.60 ,17400.00 ,17400.00 ,,,,,,,0.00 ,,,,,,,,,,,,,,,,,,,,,17400.00 ,,,,,,,,,,,,,,,,,,,,,,,,,,,,,,,,,,
,,,,,,,,,,,,,,,,,,,,,,,,,,,,3-BIM,乙方跟踪项目进度，完成设计变更的BIM模型更改，至项目取得竣工备案表，且甲方收到业主方主合同总金额的100%回款后,0.20 ,5800.00 ,5800.00 ,,,,,,,0.00 ,,,,,,,,,,,,,,,,,,,,,5800.00 ,,,,,,,,,,,,,,,,,,,,,,,,,,,,,,,,,,
,西南,45280.00 ,高新西区26亩项目,CRCCRE-DC-XM-2023-027,成都高新西区25亩项目施工图精审及BIM管综优化服务合同,CRCCRE-SJ-ZX-2023-055,精审+BIM,,四川国恒建筑设计有限公司,5800.00 ,"施工图精审：3元/㎡
BIM管综：
5元/㎡",210000.00 ,,,,,,,,140000.00 ,70000.00 ,,,,,,,1-精审,合同签订生效后，甲方提交项目相关设计资料，乙方按合同约定开展精审工作经甲方及业主方书面确认的，项目获取建设工程规划许可证后，且甲方收到业主方主合同总金额的20%回款后；,0.20 ,28000.00 ,28000.00 ,产值确认单,45282.00 ,28000.00 ,45282.00 ,53600.00 ,,0.00 ,,,,,,,,,,,,,,,,,,,,28000.00 ,,,,,,,,,,,,,,,,,,,,,,,,,,,,,,,,,,,
,,,,,,,,,,,,,,,,,,,,,,,,,,,,2-精审,乙方提交第一版全专业施工图精审咨询报告经甲方及业主方书面确认的，项目获取图审合格证后，且甲方收到业主方主合同总金额的80%回款后；,0.60 ,84000.00 ,84000.00 ,产值确认单,45282.00 ,84000.00 ,45282.00 ,,,0.00 ,,,,,,,,,,,,,,,,,,,,84000.00 ,,,,,,,,,,,,,,,,,,,,,,,,,,,,,,,,,,,
,,,,,,,,,,,,,,,,,,,,,,,,,,,,3-精审,乙方提交施工图精审咨询服务的所有成果，经甲方及业主方确认，且甲方收到业主方主合同总金额的100%回款后；,0.20 ,28000.00 ,28000.00 ,产值确认单,45282.00 ,28000.00 ,45282.00 ,,,0.00 ,,,,,,,,,,,,,,,,,,,,28000.00 ,,,,,,,,,,,,,,,,,,,,,,,,,,,,,,,,,,,
,,,,,,,,,,,,,,,,,,,,,,,,,,,,1-BIM,乙方提交第一版BIM模型且经过甲方及业主方确认，且甲方收到业主方主合同总金额的20%回款后；,0.20 ,14000.00 ,14000.00 ,产值确认单,45282.00 ,14000.00 ,45282.00 ,,,0.00 ,,,,,,,,,,,,,,,,,,,,,14000.00 ,,,,,,,,,,,,,,,,,,,,,,,,,,,,,,,,,,
,,,,,,,,,,,,,,,,,,,,,,,,,,,,2-BIM,乙方根据甲方优化后的施工图纸提交BIM咨询优化报告、完成BIM范围的交底工作，该合同所有BIM相关工作成果经过甲方及业主方确认，且甲方收到业主方主合同总金额的80%回款后,0.60 ,42000.00 ,42000.00 ,产值确认单,45282.00 ,42000.00 ,45282.00 ,,,0.00 ,,,,,,,,,,,,,,,,,,,,,42000.00 ,,,,,,,,,,,,,,,,,,,,,,,,,,,,,,,,,,
,,,,,,,,,,,,,,,,,,,,,,,,,,,,3-BIM,乙方跟踪项目进度，完成设计变更的BIM模型更改，至项目取得竣工备案表，且甲方收到业主方主合同总金额的100%回款后,0.20 ,14000.00 ,14000.00 ,产值确认单,45282.00 ,14000.00 ,45282.00 ,,,0.00 ,,,,,,,,,,,,,,,,,,,,,14000.00 ,,,,,,,,,,,,,,,,,,,,,,,,,,,,,,,,,,
,西南,45309.00 ,"成都市双流区麓湖76亩项目
（西派臻境）",,中铁建天府新区华阳街道2023-50166号住兼商地块项目建设工程设计总包管理服务合同,CRCCRE-SJ-XM-2023-087,方案+景观+精装+咨询+多维汇报,CRCCRE-XN-CDDS-CDTFXQLHMXM-KF.QQ.02.01-2023-002,成都冠麓置业有限公司,137075.43 ,"方案设计：
19.55元/㎡
施工图咨询：3.5元/㎡
多维方案：
6万/个",7875534.04 ,0.00 ,0.00 ,0.00 ,0.00 ,0.00 ,0.00 ,0.00 ,479764.01 ,60000.00 ,0.00 ,0.00 ,0.00 ,,7335770.03 ,/,方案-1,合同签订并提交第一版概念性方案后，经甲方审核确认后,0.20 ,536023.48 ,536023.48 ,产值确认单,45357.00 ,536023.48 ,45357.00 ,536023.48 ,45376.00 ,536023.48 ,45433.00 ,,,,,,7618704.19 ,6311935.55 ,7151801.17 ,256829.86 ,1306768.64 ,-839865.62 ,,,,,,,,,,,,,,536023.48 ,,,,,,,,,,,,,,536023.48 ,,,,,,,,,,,,,,,
,,,,,,,,,,,,,,,,,,,,,,,,,,,,方案-2,方案调整、修改完成经甲方确认后，经甲方审核确认后,0.30 ,804035.22 ,804035.22 ,产值确认单,45357.00 ,804035.22 ,45357.00 ,804035.22 ,45376.00 ,804035.22 ,45433.00 ,,,,,,,,,,,,,,,,,,,,,,,,,804035.22 ,,,,,,,,,,,,,,804035.22 ,,,,,,,,,,,,,,,
,,,,,,,,,,,,,,,,,,,,,,,,,,,,方案-3,方案通过政府相关审批（规划复函）后，经甲方审核确认后,0.20 ,536023.48 ,536023.48 ,产值确认单,45499.00 ,536023.48 ,45499.00 ,536023.48 ,45502.00 ,536023.48 ,45657.00 ,,,,,,,,,,,,,,,,,,,,,,,,,536023.48 ,,,,,,,,,,,,,,536023.48 ,,,536023.48 ,0.00 ,,,,,,,,,,,
,,,,,,,,,,,,,,,,,,,,,,,,,,,,方案-4,项目总图、建筑单专业扩初设计图纸完成，并取得《建设工程规划许可证》后，经甲方审核确认后,0.20 ,536023.48 ,536023.48 ,产值确认单,45499.00 ,536023.48 ,45499.00 ,536023.48 ,45502.00 ,536023.48 ,45657.00 ,,,,,,,,,,,,,,,,,,,,,,,,,536023.48 ,,,,,,,,,,,,,,536023.48 ,,,536023.48 ,0.00 ,,,,,,,,,,,
,,,,,,,,,,,,,,,,,,,,,,,,,,,,方案-5,配合施工完成，至竣工验收完成后按照《建设工程规划许可证》各项建筑面积结算,0.10 ,268011.74 ,268011.74 ,预估,46325.00 ,,,,,268011.74 ,,,,,,,,,,,,,,,,,,,,,,,,,,268011.74 ,,,,,,,,,,,,,,268011.74 ,,,,,,,,,,,,,,,
,,,,,,,,,,,,,,,,,,,,,,,,,,,,咨询-1,合同签订后，甲方在提交首批设计资料给乙方后2个月内（付款审批流程完成后）,0.20 ,95952.80 ,95952.80 ,产值确认单,45357.00 ,95952.80 ,45357.00 ,95952.80 ,45376.00 ,95952.80 ,45433.00 ,,欠1分钱给咨询,,,,,,,,,,,,,,,,,95952.80 ,,,,,,,,,,,,,,95952.80 ,,,,,,,,,,,,,,,,,,,,,
,,,,,,,,,,,,,,,,,,,,,,,,,,,,咨询-2,乙方提交第一版全专业施工图设计咨询报告后经甲方确认后2个月内,0.40 ,191905.60 ,191905.60 ,产值确认单,45357.00 ,191905.60 ,45357.00 ,191905.60 ,45376.00 ,191905.60 ,45433.00 ,,,,,,,,,,,,,,,,,,,191905.60 ,,,,,,,,,,,,,,191905.60 ,,,,,,,,,,,,,,,,,,,,,
,,,,,,,,,,,,,,,,,,,,,,,,,,,,咨询-3,甲方完成施工图审查并取得审查合格证后2个月内,0.40 ,191905.60 ,191905.61 ,产值确认单,45499.00 ,191905.61 ,45499.00 ,191905.61 ,45502.00 ,191905.61 ,45657.00 ,,,,,,,,,,,,,,,,,,,191905.61 ,,,,,,,,,,,,,,191905.61 ,,,,,,,,,191905.61 ,0.00 ,,,,,,,,,,,
,,,,,,,,,,,,,,,,,,,,,,,,,,,,BIM,方案通过政府相关审批（规划复函）后，经甲方审核确认后2个月内（付款审批流程完成后）,1.00 ,60000.00 ,60000.00 ,产值确认单,45357.00 ,60000.00 ,45357.00 ,60000.00 ,45376.00 ,60000.00 ,45433.00 ,,,,,,,,,,,,,,,,,,,,60000.00 ,,,,,,,,,,,,,,60000.00 ,,,,,,,,,,,,,,,,,,,,
,,,,,,,,,,,,,,,,,,,,,,,,,,,,景观整体,合同签订并提交第一版概念性方案后2个月内（付款审批流程完成后）,0.10 ,125035.51 ,125035.51 ,产值确认单,45357.00 ,125035.51 ,45357.00 ,125035.51 ,45376.00 ,125035.51 ,45433.00 ,,,,,,,,,,,,,,,,,,,,,,,,,125035.51 ,,,,,,,,,,,,,,125035.51 ,,,,,,,,,,,,,,,
,,,,,,,,,,,,,,,,,,,,,,,,,,,,景观展示区,展示区方案设计成果完成经甲方确认后2个月内,0.40 ,158755.05 ,158755.05 ,产值确认单,45357.00 ,158755.05 ,45357.00 ,158755.05 ,45376.00 ,158755.05 ,45433.00 ,,,,,,,,,,,,,,,,,,,,,,,,,158755.05 ,,,,,,,,,,,,,,158755.05 ,,,,,,,,,,,,,,,
,,,,,,,,,,,,,,,,,,,,,,,,,,,,景观展示区,展示区施工图设计成果完成经甲方确认后2个月内,0.30 ,119066.29 ,119066.29 ,产值确认单,45357.00 ,119066.29 ,45357.00 ,119066.29 ,45376.00 ,119066.29 ,45433.00 ,,,,,,,,,,,,,,,,,,,,,,,,,119066.29 ,,,,,,,,,,,,,,119066.29 ,,,,,,,,,,,,,,,
,,,,,,,,,,,,,,,,,,,,,,,,,,,,景观展示区,展示区施工现场配合完成经甲方确认后2个月内,0.10 ,39688.76 ,39688.76 ,产值确认单,45499.00 ,39688.76 ,45499.00 ,39688.76 ,45502.00 ,39688.76 ,45657.00 ,,,,,,,,,,,,,,,,,,,,,,,,,39688.76 ,,,,,,,,,,,,,,39688.76 ,,,39688.76 ,0.00 ,,,,,,,,,,,
,,,,,,,,,,,,,,,,,,,,,,,,,,,,景观大区,大区及红线外概念设计成果经甲方确认后2个月内,0.15 ,128020.12 ,128020.12 ,产值确认单,45357.00 ,128020.12 ,45357.00 ,128020.12 ,45376.00 ,128020.12 ,45433.00 ,,,,,,,,,,,,,,,,,,,,,,,,,128020.12 ,,,,,,,,,,,,,,128020.12 ,,,,,,,,,,,,,,,
,,,,,,,,,,,,,,,,,,,,,,,,,,,,景观大区,大区及红线外方案设计成果完成经甲方确认后2个月内,0.20 ,170693.49 ,170693.49 ,产值确认单,45357.00 ,170693.49 ,45357.00 ,170693.49 ,45376.00 ,170693.49 ,45433.00 ,,,,,,,,,,,,,,,,,,,,,,,,,170693.49 ,,,,,,,,,,,,,,170693.49 ,,,,,,,,,,,,,,,
,,,,,,,,,,,,,,,,,,,,,,,,,,,,景观大区,大区及红线外扩初设计成果完成经甲方确认后2个月内,0.15 ,128020.12 ,128020.12 ,产值确认单,45499.00 ,128020.12 ,45499.00 ,128020.12 ,45502.00 ,128020.12 ,45657.00 ,,,,,,,,,,,,,,,,,,,,,,,,,128020.12 ,,,,,,,,,,,,,,128020.12 ,,,128020.12 ,0.00 ,,,,,,,,,,,
,,,,,,,,,,,,,,,,,,,,,,,,,,,,景观大区,大区及红线外施工图设计成果完成经甲方确认后2个月内,0.20 ,170693.49 ,170693.49 ,预估,46172.00 ,,,,,170693.49 ,,,,,,,,,,,,,,,,,,,,,,,,,,170693.49 ,,,,,,,,,,,,,,170693.49 ,,,170693.49 ,0.00 ,,,,,,,,,,,
,,,,,,,,,,,,,,,,,,,,,,,,,,,,景观大区,大区及红线外施工现场配合完成经甲方确认后2个月内,0.05 ,42673.37 ,42673.37 ,预估,46203.00 ,,,,,42673.37 ,,,,,,,,,,,,,,,,,,,,,,,,,,42673.37 ,,,,,,,,,,,,,,42673.37 ,,,,,,,,,,,,,,,
,,,,,,,,,,,,,,,,,,,,,,,,,,,,景观整体,景观工程竣工验收合格，本合同办理完成结算后2个月内,0.10 ,125035.51 ,125035.51 ,预估,46325.00 ,,,,,125035.51 ,,,,,,,,,,,,,,,,,,,,,,,,,,125035.51 ,,,,,,,,,,,,,,,,,,,,,,,,,,,,,
,,,,,,,,,,,,,,,,,,,,,,,,,,,,售楼处及样板间,合同签订并提交第一版概念性方案后2个月内,0.20 ,447608.00 ,447608.00 ,产值确认单,45357.00 ,447608.00 ,45357.00 ,447608.00 ,45376.00 ,447608.00 ,45433.00 ,,,,,,,,,,,,,,,,,,,,,,,,,447608.00 ,,,,,,,,,,,,,,447608.00 ,,,,,,,,,,,,,,,
,,,,,,,,,,,,,,,,,,,,,,,,,,,,售楼处及样板间,精装概念设计完成经甲方确认后2个月内,0.20 ,447608.00 ,447608.00 ,产值确认单,45357.00 ,447608.00 ,45357.00 ,447608.00 ,45376.00 ,447608.00 ,45433.00 ,,,,,,,,,,,,,,,,,,,,,,,,,447608.00 ,,,,,,,,,,,,,,447608.00 ,,,,,,,,,,,,,,,
,,,,,,,,,,,,,,,,,,,,,,,,,,,,售楼处及样板间,精装方案扩初设计完成经甲方确认后2个月内,0.20 ,447608.00 ,447608.00 ,产值确认单,45357.00 ,447608.00 ,45357.00 ,447608.00 ,45376.00 ,447608.00 ,45433.00 ,,,,,,,,,,,,,,,,,,,,,,,,,447608.00 ,,,,,,,,,,,,,,447608.00 ,,,,,,,,,,,,,,,
,,,,,,,,,,,,,,,,,,,,,,,,,,,,售楼处及样板间,精装施工图设计完成经甲方确认后2个月内,0.20 ,447608.00 ,447608.00 ,产值确认单,45357.00 ,447608.00 ,45357.00 ,447608.00 ,45376.00 ,447608.00 ,45433.00 ,,,,,,,,,,,,,,,,,,,,,,,,,447608.00 ,,,,,,,,,,,,,,447608.00 ,,,,,,,,,,,,,,,
,,,,,,,,,,,,,,,,,,,,,,,,,,,,售楼处及样板间,精装修竣工验收合格，本合同办理完成结算后2个月内,0.20 ,233451.51 ,233451.51 ,预估,46325.00 ,,,,,0.00 ,,,,,,,,,,,,,,,,,,,,,,,,,,233451.51 ,,,,,,,,,,,,,,,,,,,,,,,,,,,,,
,,,,,,,,,,,,,,,,,,,,,,,,,,,,精装大区-1,合同签订并提交第一版概念性方案后2个月内,0.20 ,233451.51 ,233451.51 ,产值确认单,45357.00 ,233451.51 ,45357.00 ,233451.51 ,45376.00 ,233451.51 ,45433.00 ,,,,,,,,,,,,,,,,,,,,,,,,,233451.51 ,,,,,,,,,,,,,,233451.51 ,,,,,,,,,,,,,,,
,,,,,,,,,,,,,,,,,,,,,,,,,,,,精装大区-2,精装概念设计完成经甲方确认后2个月内,0.20 ,233451.51 ,233451.51 ,产值确认单,45357.00 ,233451.51 ,45357.00 ,233451.51 ,45376.00 ,233451.51 ,45433.00 ,,,,,,,,,,,,,,,,,,,,,,,,,233451.51 ,,,,,,,,,,,,,,233451.51 ,,,,,,,,,,,,,,,
,,,,,,,,,,,,,,,,,,,,,,,,,,,,精装大区-3,精装方案扩初设计完成经甲方确认后2个月内,0.20 ,233451.51 ,233451.51 ,产值确认单,45499.00 ,233451.51 ,45499.00 ,233451.51 ,45502.00 ,233451.51 ,45657.00 ,,,,,,,,,,,,,,,,,,,,,,,,,233451.51 ,,,,,,,,,,,,,,233451.51 ,,,233451.51 ,0.00 ,,,,,,,,,,,
,,,,,,,,,,,,,,,,,,,,,,,,,,,,精装大区-4,精装施工图设计完成经甲方确认后2个月内,0.20 ,233451.51 ,233451.51 ,预估,46203.00 ,,,,,233451.51 ,,,,,,,,,,,,,,,,,,,,,,,,,,233451.51 ,,,,,,,,,,,,,,233451.51 ,,,233451.51 ,0.00 ,,,,,,,,,,,
,,,,,,,,,,,,,,,,,,,,,,,,,,,,精装大区-5,精装修竣工验收合格，本合同办理完成结算后2个月内,0.20 ,233451.51 ,233451.51 ,预估,46325.00 ,,,,,0.00 ,,,,,,,,,,,,,,,,,,,,,,,,,,233451.51 ,,,,,,,,,,,,,,,,,,,,,,,,,,,,,
,西南,45518.00 ,"成都市双流区麓湖76亩项目
（西派臻境）",,中铁建天府新区华阳街道2023-50166号住兼商地块项目建设工程设计总包管理服务合同补充协议（一）,CRCCRE-SJ-XM-2023-087-B1,BIM+精装样板间,CRCCRE-XN-CDDS-CDTFXQLHMXM-KF.QQ.02.01-2023-002-B1,成都冠麓置业有限公司,"地下管综：37886.76㎡
精装样板间：
155.57㎡","BIM管综：
4.2元/㎡
精装样板间：
900元/㎡",299137.39 ,,,,,,,,,159124.39 ,,,,,140013.00 ,,精装样板间,乙方提交精装设计成果后经甲方书面认可后，新增新风格165户型样板间款项一次性付清,1.00 ,140013.00 ,140013.00 ,产值确认单,45639.00 ,140013.00 ,45639.00 ,140013.00 ,45645.00 ,140013.00 ,45680.00 ,,,,,,,,,,,,,,,,,,,,,,,,,140013.00 ,,,,,,,,,,,,,,140013.00 ,,,,,,,,,,,,,,,
,,,,,,,,,,,,,,,,,,,,,,,,,,,,1-BIM,合同签订并提交第一版地下车库及地下室BIM模型且经过甲方确认后2个月内（付款审批流程完成后）。,0.40 ,63649.76 ,63649.76 ,产值确认单,45639.00 ,63649.76 ,45639.00 ,63649.76 ,45645.00 ,63649.76 ,45680.00 ,,,,,,,,,,,,,,,,,,,,63649.76 ,,,,,,,,,,,,,,63649.76 ,,,,,,,,,,,,,,,,,,,,
,,,,,,,,,,,,,,,,,,,,,,,,,,,,2-BIM,乙方根据甲方优化后的施工图纸提交BIM咨询优化报告、完成BIM范围的交底工作且经过甲方确认后2个月内（付款审批流程完成后）。,0.55 ,87518.41 ,87518.41 ,产值确认单,45639.00 ,87518.41 ,45639.00 ,87518.41 ,45645.00 ,87518.41 ,45680.00 ,,,,,,,,,,,,,,,,,,,,87518.41 ,,,,,,,,,,,,,,87518.41 ,,,,,,,,,,,,,,,,,,,,
,,,,,,,,,,,,,,,,,,,,,,,,,,,,3-BIM,乙方根据施工进度提交设计变更的BIM模型更改至竣工验收完成，按照《建设工程规划许可证》地下建筑面积进行结算后2个月内（付款审批流程完成后）。,0.05 ,7956.22 ,7956.22 ,预估,46325.00 ,,,,,0.00 ,,,,,,,,,,,,,,,,,,,,,7956.22 ,,,,,,,,,,,,,,,,,,,,,,,,,,,,,,,,,,
,西南,45462.00 ,"成都武侯区51亩住宅及配套项目
（西派善境）",CRCCRE-DC-XM-2024-008,武侯区51亩住宅及配套项目建设工程设计总包管理服务合同,CRCCRE-SJ-XM-2024-021,方案+景观+精装+BIM,CRCCRE-XN-WH51-CDSWHQWHXCMXM-KF.QQ.02.01-2024-002,成都蓉派置业有限公司,98897.48 ,"BIM管综：
7元/㎡",6469085.72 ,0.00 ,0.00 ,0.00 ,0.00 ,0.00 ,0.00 ,0.00 ,0.00 ,186120.00 ,0.00 ,0.00 ,0.00 ,,6282965.72 ,/,方案-1,合同签订并提交第一版概念性方案后，经甲方审核确认后,0.20 ,380329.94 ,380329.94 ,产值确认单,45497.00 ,380329.94 ,45514.00 ,380329.94 ,45499.00 ,380329.94 ,45554.00 ,,,,,,6239522.34 ,5415683.54 ,5415683.54 ,229563.38 ,823838.80 ,0.00 ,,,,,,,,,,,,,,380329.94 ,,,,,,,,,,,,,,380329.94 ,,,380329.94 ,0.00 ,,,,,,,,,,,
,,,,,,,,,,,,,,,,,,,,,,,,,,,,方案-2,方案调整、修改完成经甲方确认后，经甲方审核确认后,0.30 ,570494.92 ,570494.92 ,产值确认单,45497.00 ,570494.92 ,45514.00 ,570494.92 ,45499.00 ,570494.92 ,45554.00 ,,,,,,,,,,,,,,,,,,,,,,,,,570494.92 ,,,,,,,,,,,,,,570494.92 ,,,570494.92 ,0.00 ,,,,,,,,,,,
,,,,,,,,,,,,,,,,,,,,,,,,,,,,方案-3,方案通过政府相关审批（规划复函）后，经甲方审核确认后,0.20 ,380329.94 ,380329.94 ,产值确认单,45497.00 ,380329.94 ,45514.00 ,380329.94 ,45499.00 ,114098.98 ,45554.00 ,,,,,,,,,,,,,,,,,,,,,,,,,380329.94 ,,,,,,,,,,,,,,114098.98 ,,,,,,,,,,,,,,,
,,,,,,,,,,,,,,,,,,,,,,,,,,,,,,,,,,,,,,,266230.96 ,45616.00 ,,,,,,,,,,,,,,,,,,,,,,,,,,,,,,,,,,,,,,,266230.96 ,,,266230.96 ,0.00 ,,,,,,,,,,,
,,,,,,,,,,,,,,,,,,,,,,,,,,,,方案-4,项目总图、建筑单专业扩初设计图纸完成，并取得《建设工程规划许可证》后，经甲方审核确认后,0.20 ,380329.94 ,380329.94 ,产值确认单,45639.00 ,380329.94 ,45639.00 ,380329.94 ,45646.00 ,380329.94 ,45680.00 ,,,,,,,,,,,,,,,,,,,,,,,,,380329.94 ,,,,,,,,,,,,,,380329.94 ,,,,,,,,,,,,,,,
,,,,,,,,,,,,,,,,,,,,,,,,,,,,方案-5,配合施工完成，至竣工验收完成后按照《建设工程规划许可证》各项建筑面积结算,0.10 ,190164.97 ,0.00 ,,,,,,,0.00 ,,,,,,,,,,,,,,,,,,,,,,,,,,,,,,,,,,,,,,,,,,,,,,,,,,,,,,,
,,,,,,,,,,,,,,,,,,,,,,,,,,,,BIM-1,合同签订并提交第一版地下车库及地下室BIM模型且经过甲方确认后2个月内,0.40 ,75200.00 ,75200.00 ,产值确认单,45497.00 ,75200.00 ,45514.00 ,75200.00 ,45499.00 ,75200.00 ,45554.00 ,,,,,,,,,,,,,,,,,,,,74448.00 ,,,,,752.00 ,,,,,,,,,74448.00 ,,,,,752.00 ,,,75200.00 ,0.00 ,,,,,,,,,,,
,,,,,,,,,,,,,,,,,,,,,,,,,,,,BIM-2,乙方根据甲方优化后的施工图纸提交BIM咨询优化报告、户型管综深化及出图、完成BIM咨询范围的交底工作且经过甲方确认后2个月内,0.55 ,103400.00 ,103400.00 ,产值确认单,45497.00 ,103400.00 ,45514.00 ,103400.00 ,45499.00 ,67680.00 ,45554.00 ,,,,,,,,,,,,,,,,,,,,102366.00 ,,,,,1034.00 ,,,,,,,,,66646.00 ,,,,,1034.00 ,,,67680.00 ,0.00 ,,,,,,,,,,,
,,,,,,,,,,,,,,,,,,,,,,,,,,,,,,,,,,,,,,,35720.00 ,45616.00 ,,,,,,,,,,,,,,,,,,,,,,,,,,,,,,,,,,35720.00 ,,,,,,,,,,,,,,,,,,,,
,,,,,,,,,,,,,,,,,,,,,,,,,,,,BIM-3,乙方根据施工进度提交设计变更的BIM模型更改至竣工验收完成，按照《建设工程规划许可证》地下建筑面积进行结算后2个月内,0.05 ,9400.00 ,9400.00 ,,,,,,,0.00 ,,,,,,,,,,,,,,,,,,,,,9306.00 ,,,,,94.00 ,,,,,,,,,,,,,,,,,,,,,,,,,,,,,
,,,,,,,,,,,,,,,,,,,,,,,,,,,,景观整体,合同签订并提交第一版概念性方案后2个月内（付款审批流程完成后）,0.10 ,100846.80 ,100846.80 ,产值确认单,45497.00 ,100846.80 ,45514.00 ,100846.80 ,45499.00 ,100846.80 ,45554.00 ,,,,,,,,,,,,,,,,,,,,,,,,,100846.80 ,,,,,,,,,,,,,,100846.80 ,,,100846.80 ,0.00 ,,,,,,,,,,,
,,,,,,,,,,,,,,,,,,,,,,,,,,,,景观展示区,展示区方案设计成果完成经甲方确认后2个月内,0.40 ,88200.00 ,88200.00 ,产值确认单,45497.00 ,88200.00 ,45514.00 ,88200.00 ,45499.00 ,88200.00 ,45554.00 ,,,,,,,,,,,,,,,,,,,,,,,,,88200.00 ,,,,,,,,,,,,,,88200.00 ,,,88200.00 ,0.00 ,,,,,,,,,,,
,,,,,,,,,,,,,,,,,,,,,,,,,,,,景观展示区,展示区施工图设计成果完成经甲方确认后2个月内,0.30 ,66150.00 ,66150.00 ,产值确认单,45497.00 ,66150.00 ,45514.00 ,66150.00 ,45499.00 ,66150.00 ,45554.00 ,,,,,,,,,,,,,,,,,,,,,,,,,66150.00 ,,,,,,,,,,,,,,66150.00 ,,,66150.00 ,0.00 ,,,,,,,,,,,
,,,,,,,,,,,,,,,,,,,,,,,,,,,,景观展示区,展示区施工现场配合完成经甲方确认后2个月内,0.10 ,22050.00 ,22050.00 ,产值确认单,45639.00 ,22050.00 ,45639.00 ,22050.00 ,45646.00 ,22050.00 ,45680.00 ,,,,,,,,,,,,,,,,,,,,,,,,,22050.00 ,,,,,,,,,,,,,,22050.00 ,,,,,,,,,,,,,,,
,,,,,,,,,,,,,,,,,,,,,,,,,,,,景观大区,大区及红线外概念设计成果经甲方确认后2个月内,0.15 ,118195.20 ,118195.20 ,产值确认单,45497.00 ,118195.20 ,45514.00 ,118195.20 ,45499.00 ,43516.80 ,45554.00 ,,,,,,,,,,,,,,,,,,,,,,,,,118195.20 ,,,,,,,,,,,,,,43516.80 ,,,43516.80 ,0.00 ,,,,,,,,,,,
,,,,,,,,,,,,,,,,,,,,,,,,,,,,,,,,,,,,,,,74678.40 ,45616.00 ,,,,,,,,,,,,,,,,,,,,,,,,,,,,,,,,,,,,,,,74678.40 ,,,,,,,,,,,,,,,
,,,,,,,,,,,,,,,,,,,,,,,,,,,,景观大区,大区及红线外方案设计成果完成经甲方确认后2个月内,0.20 ,157593.60 ,157593.60 ,产值确认单,45639.00 ,157593.60 ,45639.00 ,157593.60 ,45646.00 ,157593.60 ,45680.00 ,,,,,,,,,,,,,,,,,,,,,,,,,157593.60 ,,,,,,,,,,,,,,157593.60 ,,,,,,,,,,,,,,,
,,,,,,,,,,,,,,,,,,,,,,,,,,,,景观大区,大区及红线外扩初设计成果完成经甲方确认后2个月内,0.15 ,118195.20 ,118195.20 ,产值确认单,45730.00 ,118195.20 ,45730.00 ,118195.20 ,45730.00 ,118195.20 ,45799.00 ,,,,,,,,,,,,,,,,,,,,,,,,,118195.20 ,,,,,,,,,,,,,,118195.20 ,,,,,,,,,,,,,,,
,,,,,,,,,,,,,,,,,,,,,,,,,,,,景观大区,大区及红线外施工图设计成果完成经甲方确认后2个月内,0.20 ,157593.60 ,157593.60 ,产值确认单,45730.00 ,157593.60 ,45730.00 ,157593.60 ,45730.00 ,157593.60 ,45799.00 ,,,,,,,,,,,,,,,,,,,,,,,,,157593.60 ,,,,,,,,,,,,,,157593.60 ,,,,,,,,,,,,,,,
,,,,,,,,,,,,,,,,,,,,,,,,,,,,景观大区,大区及红线外施工现场配合完成经甲方确认后2个月内,0.05 ,39398.40 ,39398.40 ,预估,46111.00 ,,,,,0.00 ,,,,,,,,,,,,,,,,,,,,,,,,,,39398.40 ,,,,,,,,,,,,,,,,,,,,,,,,,,,,,
,,,,,,,,,,,,,,,,,,,,,,,,,,,,景观整体,景观工程竣工验收合格，本合同办理完成结算后2个月内,0.10 ,100846.80 ,100846.80 ,,,,,,,0.00 ,,,,,,,,,,,,,,,,,,,,,,,,,,100846.80 ,,,,,,,,,,,,,,,,,,,,,,,,,,,,,
,,,,,,,,,,,,,,,,,,,,,,,,,,,,售楼处及样板间,合同签订并提交第一版概念性方案后2个月内,0.20 ,523638.00 ,523638.00 ,产值确认单,45497.00 ,523638.00 ,45514.00 ,523638.00 ,45499.00 ,523638.00 ,45554.00 ,,,,,,,,,,,,,,,,,,,,,,,,,523638.00 ,,,,,,,,,,,,,,523638.00 ,,,523638.00 ,0.00 ,,,,,,,,,,,
,,,,,,,,,,,,,,,,,,,,,,,,,,,,售楼处及样板间,精装概念设计完成经甲方确认后2个月内,0.20 ,523638.00 ,523638.00 ,产值确认单,45497.00 ,523638.00 ,45514.00 ,523638.00 ,45499.00 ,523638.00 ,45554.00 ,,,,,,,,,,,,,,,,,,,,,,,,,523638.00 ,,,,,,,,,,,,,,523638.00 ,,,523638.00 ,0.00 ,,,,,,,,,,,
,,,,,,,,,,,,,,,,,,,,,,,,,,,,售楼处及样板间,精装方案扩初设计完成经甲方确认后2个月内,0.20 ,523638.00 ,523638.00 ,产值确认单,45497.00 ,523638.00 ,45514.00 ,523638.00 ,45499.00 ,523638.00 ,45554.00 ,,,,,,,,,,,,,,,,,,,,,,,,,523638.00 ,,,,,,,,,,,,,,523638.00 ,,,523638.00 ,0.00 ,,,,,,,,,,,
,,,,,,,,,,,,,,,,,,,,,,,,,,,,售楼处及样板间,精装施工图设计完成经甲方确认后2个月内,0.20 ,523638.00 ,523638.00 ,产值确认单,45497.00 ,523638.00 ,45514.00 ,523638.00 ,45499.00 ,104727.60 ,45554.00 ,,,,,,,,,,,,,,,,,,,,,,,,,523638.00 ,,,,,,,,,,,,,,104727.60 ,,,104727.60 ,0.00 ,,,,,,,,,,,
,,,,,,,,,,,,,,,,,,,,,,,,,,,,,,,,,,,,,,,418910.40 ,45616.00 ,,,,,,,,,,,,,,,,,,,,,,,,,,,,,,,,,,,,,,,418910.40 ,,,,,,,,,,,,,,,
,,,,,,,,,,,,,,,,,,,,,,,,,,,,售楼处及样板间,精装修竣工验收合格，本合同办理完成结算后2个月内,0.20 ,523638.00 ,523638.00 ,,,,,,,0.00 ,,,,,,,,,,,,,,,,,,,,,,,,,,523638.00 ,,,,,,,,,,,,,,,,,,,,,,,,,,,,,
,,,,,,,,,,,,,,,,,,,,,,,,,,,,精装大区-1,合同签订并提交第一版概念性方案后2个月内,0.20 ,150555.60 ,150555.60 ,产值确认单,45497.00 ,150555.60 ,45514.00 ,150555.60 ,45499.00 ,150555.60 ,45554.00 ,,,,,,,,,,,,,,,,,,,,,,,,,150555.60 ,,,,,,,,,,,,,,150555.60 ,,,150555.60 ,0.00 ,,,,,,,,,,,
,,,,,,,,,,,,,,,,,,,,,,,,,,,,精装大区-2,精装概念设计完成经甲方确认后2个月内,0.20 ,150555.60 ,150555.60 ,产值确认单,45497.00 ,150555.60 ,45514.00 ,150555.60 ,45499.00 ,150555.60 ,45554.00 ,,,,,,,,,,,,,,,,,,,,,,,,,150555.60 ,,,,,,,,,,,,,,150555.60 ,,,150555.60 ,0.00 ,,,,,,,,,,,
,,,,,,,,,,,,,,,,,,,,,,,,,,,,精装大区-3,精装方案扩初设计完成经甲方确认后2个月内,0.20 ,150555.60 ,150555.60 ,产值确认单,45497.00 ,150555.60 ,45514.00 ,150555.60 ,45499.00 ,60222.24 ,45554.00 ,,,,,,,,,,,,,,,,,,,,,,,,,150555.60 ,,,,,,,,,,,,,,60222.24 ,,,60222.24 ,0.00 ,,,,,,,,,,,
,,,,,,,,,,,,,,,,,,,,,,,,,,,,,,,,,,,,,,,90333.36 ,45616.00 ,,,,,,,,,,,,,,,,,,,,,,,,,,,,,,,,,,,,,,,90333.36 ,,,,,,,,,,,,,,,
,,,,,,,,,,,,,,,,,,,,,,,,,,,,精装大区-4,精装施工图设计完成经甲方确认后2个月内,0.20 ,150555.60 ,150555.60 ,产值确认单,45639.00 ,150555.60 ,45639.00 ,150555.60 ,45646.00 ,150555.60 ,45680.00 ,,,,,,,,,,,,,,,,,,,,,,,,,150555.60 ,,,,,,,,,,,,,,150555.60 ,,,,,,,,,,,,,,,
,,,,,,,,,,,,,,,,,,,,,,,,,,,,精装大区-5,精装修竣工验收合格，本合同办理完成结算后2个月内,0.20 ,150555.60 ,150555.60 ,,,,,,,0.00 ,,,,,,,,,,,,,,,,,,,,,,,,,,150555.60 ,,,,,,,,,,,,,,,,,,,,,,,,,,,,,
,西南,45614.00 ,"成都锦江区31亩项目
（西派交子）",,成都锦江区31亩住宅及配套(12号地块)项目建设工程设计总包管理服务合同,CRCCRE-SJ-XM-2024-055,方案+景观+精装+BIM,CRCCRE-XN-CDDE-CDSJJQLJBMXM-KF.QQ.02.01-2024-001,成都中铁建锦城投资有限公司,61736.82 ,"BIM管综：
7元/㎡",4223837.65 ,0.00 ,0.00 ,0.00 ,0.00 ,0.00 ,0.00 ,0.00 ,0.00 ,107061.70 ,0.00 ,0.00 ,0.00 ,0.00 ,4116775.95 ,/,方案-1,合同签订并提交第一版概念性方案后，经甲方审核确认后,0.20 ,207668.61 ,207668.61 ,产值确认单,45639.00 ,207668.61 ,45639.00 ,207668.61 ,45646.00 ,207668.61 ,45673.00 ,,,,,,4178837.64 ,3535196.04 ,3535196.04 ,45000.01 ,643641.60 ,0.00 ,,,,,,,,,,,,,,207668.61 ,,,,,,,,,,,,,,207668.61 ,,,207668.61 ,0.00 ,,,,,,,,,,,
,,,,,,,,,,,,,,,,,,,,,,,,,,,,方案-2,方案调整、修改完成经甲方确认后，经甲方审核确认后,0.30 ,311502.91 ,311502.91 ,产值确认单,45639.00 ,311502.91 ,45639.00 ,311502.91 ,45646.00 ,311502.91 ,45673.00 ,,,,,,,,,,,,,,,,,,,,,,,,,311502.91 ,,,,,,,,,,,,,,311502.91 ,,,311502.91 ,0.00 ,,,,,,,,,,,
,,,,,,,,,,,,,,,,,,,,,,,,,,,,方案-3,方案通过政府相关审批（规划复函）后，经甲方审核确认后,0.20 ,207668.61 ,207668.61 ,产值确认单,45639.00 ,207668.61 ,45639.00 ,207668.61 ,45646.00 ,207668.61 ,45673.00 ,,,,,,,,,,,,,,,,,,,,,,,,,207668.61 ,,,,,,,,,,,,,,207668.61 ,,,,,,,,,,,,,,,
,,,,,,,,,,,,,,,,,,,,,,,,,,,,方案-4,项目总图、建筑单专业扩初设计图纸完成，并取得《建设工程规划许可证》后，经甲方审核确认后,0.20 ,207668.61 ,207668.61 ,产值确认单,45639.00 ,207668.61 ,45639.00 ,207668.61 ,45646.00 ,207668.61 ,45673.00 ,,,,,,,,,,,,,,,,,,,,,,,,,207668.61 ,,,,,,,,,,,,,,207668.61 ,,,,,,,,,,,,,,,
,,,,,,,,,,,,,,,,,,,,,,,,,,,,方案-5,配合施工完成，至竣工验收完成后按照《建设工程规划许可证》各项建筑面积结算,0.10 ,103834.30 ,103834.30 ,预估,45960.00 ,103834.30 ,,,,0.00 ,,,,,,,,,,,,,,,,,,,,,,,,,,103834.30 ,,,,,,,,,,,,,,,,,,,,,,,,,,,,,
,,,,,,,,,,,,,,,,,,,,,,,,,,,,BIM-1,合同签订并提交第一版地下车库及地下室BIM模型且经过甲方确认后2个月内,0.40 ,47582.98 ,47582.98 ,产值确认单,45639.00 ,47582.98 ,45639.00 ,47582.98 ,45646.00 ,47582.98 ,45673.00 ,,,,,,,,,,,,,,,,,,,,42824.68 ,,,,,4758.30 ,,,,,,,,,42824.68 ,,,,,4758.30 ,,,47582.98 ,0.00 ,,,,,,,,,,,
,,,,,,,,,,,,,,,,,,,,,,,,,,,,BIM-2,乙方根据甲方优化后的施工图纸提交BIM咨询优化报告、户型管综深化及出图、完成BIM咨询范围的交底工作且经过甲方确认后2个月内,0.55 ,65426.59 ,65426.60 ,产值确认单,45639.00 ,65426.60 ,45639.00 ,65426.60 ,45646.00 ,65426.60 ,45673.00 ,,,,,,,,,,,,,,,,,,,,58883.94 ,,,,,6542.66 ,,,,,,,,,58883.94 ,,,,,6542.66 ,,,65426.60 ,0.00 ,,,,,,,,,,,
,,,,,,,,,,,,,,,,,,,,,,,,,,,,BIM-3,乙方根据施工进度提交设计变更的BIM模型更改至竣工验收完成，按照《建设工程规划许可证》地下建筑面积进行结算后2个月内,0.05 ,5947.87 ,5947.87 ,预估,45960.00 ,,,,,0.00 ,,,,,,,,,,,,,,,,,,,,,5353.08 ,,,,,594.79 ,,,,,,,,,,,,,,,,,,,,,,,,,,,,,
,,,,,,,,,,,,,,,,,,,,,,,,,,,,景观整体,合同签订并提交第一版概念性方案后2个月内（付款审批流程完成后）,0.10 ,124448.00 ,124448.00 ,产值确认单,45639.00 ,124448.00 ,45639.00 ,124448.00 ,45646.00 ,124448.00 ,45673.00 ,,,,,,,,,,,,,,,,,,,,,,,,,124448.00 ,,,,,,,,,,,,,,124448.00 ,,,124448.00 ,0.00 ,,,,,,,,,,,
,,,,,,,,,,,,,,,,,,,,,,,,,,,,景观展示区,展示区方案设计成果完成经甲方确认后2个月内,0.40 ,137792.00 ,137792.00 ,产值确认单,45639.00 ,137792.00 ,45639.00 ,137792.00 ,45646.00 ,137792.00 ,45673.00 ,,,,,,,,,,,,,,,,,,,,,,,,,137792.00 ,,,,,,,,,,,,,,137792.00 ,,,137792.00 ,0.00 ,,,,,,,,,,,
,,,,,,,,,,,,,,,,,,,,,,,,,,,,景观展示区,展示区施工图设计成果完成经甲方确认后2个月内,0.30 ,103344.00 ,103344.00 ,产值确认单,45639.00 ,103344.00 ,45639.00 ,103344.00 ,45646.00 ,103344.00 ,45673.00 ,,,,,,,,,,,,,,,,,,,,,,,,,103344.00 ,,,,,,,,,,,,,,103344.00 ,,,103344.00 ,0.00 ,,,,,,,,,,,
,,,,,,,,,,,,,,,,,,,,,,,,,,,,景观展示区,展示区施工现场配合完成经甲方确认后2个月内,0.10 ,34448.00 ,34448.00 ,产值确认单,45639.00 ,34448.00 ,45639.00 ,34448.00 ,45646.00 ,34448.00 ,45673.00 ,,,,,,,,,,,,,,,,,,,,,,,,,34448.00 ,,,,,,,,,,,,,,34448.00 ,,,,,,,,,,,,,,,
,,,,,,,,,,,,,,,,,,,,,,,,,,,,景观大区,大区及红线外概念设计成果经甲方确认后2个月内,0.15 ,135000.00 ,135000.00 ,产值确认单,45639.00 ,135000.00 ,45639.00 ,135000.00 ,45646.00 ,135000.00 ,45673.00 ,,,,,,,,,,,,,,,,,,,,,,,,,135000.00 ,,,,,,,,,,,,,,135000.00 ,,,135000.00 ,0.00 ,,,,,,,,,,,
,,,,,,,,,,,,,,,,,,,,,,,,,,,,景观大区,大区及红线外方案设计成果完成经甲方确认后2个月内,0.20 ,180000.00 ,180000.00 ,产值确认单,45730.00 ,180000.00 ,45730.00 ,180000.00 ,45730.00 ,180000.00 ,45772.00 ,,甲方已确认可以请款,,,,,,,,,,,,,,,,,,,,,,,180000.00 ,,,,,,,,,,,,,,180000.00 ,,,,,,,,,,,,,,,
,,,,,,,,,,,,,,,,,,,,,,,,,,,,景观大区,大区及红线外扩初设计成果完成经甲方确认后2个月内,0.15 ,135000.00 ,135000.00 ,产值确认单,45730.00 ,135000.00 ,45730.00 ,135000.00 ,45730.00 ,135000.00 ,45772.00 ,,,,,,,,,,,,,,,,,,,,,,,,,135000.00 ,,,,,,,,,,,,,,135000.00 ,,,,,,,,,,,,,,,
,,,,,,,,,,,,,,,,,,,,,,,,,,,,景观大区,大区及红线外施工图设计成果完成经甲方确认后2个月内,0.20 ,180000.00 ,180000.00 ,产值确认单,45919.00 ,180000.00 ,45919.00 ,180000.00 ,45919.00 ,180000.00 ,45989.00 ,,,,,,,,,,,,,,,,,,,,,,,,,180000.00 ,,,,,,,,,,,,,,180000.00 ,,,,,,,,,,,,,,,
,,,,,,,,,,,,,,,,,,,,,,,,,,,,景观大区,大区及红线外施工现场配合完成经甲方确认后2个月内,0.05 ,45000.00 ,45000.00 ,预估,46142.00 ,,,,,0.00 ,,,,,,,,,,,,,,,,,,,,,,,,,,45000.00 ,,,,,,,,,,,,,,,,,,,,,,,,,,,,,
,,,,,,,,,,,,,,,,,,,,,,,,,,,,景观整体,景观工程竣工验收合格，本合同办理完成结算后2个月内,0.10 ,124448.00 ,124448.00 ,预估,45960.00 ,,,,,0.00 ,,,,,,,,,,,,,,,,,,,,,,,,,,124448.00 ,,,,,,,,,,,,,,,,,,,,,,,,,,,,,
,,,,,,,,,,,,,,,,,,,,,,,,,,,,售楼处及样板间,合同签订并提交第一版概念性方案后2个月内,0.20 ,280521.76 ,280521.76 ,产值确认单,45639.00 ,280521.76 ,45639.00 ,280521.76 ,45646.00 ,280521.76 ,45673.00 ,,,,,,,,,,,,,,,,,,,,,,,,,280521.76 ,,,,,,,,,,,,,,280521.76 ,,,280521.76 ,0.00 ,,,,,,,,,,,
,,,,,,,,,,,,,,,,,,,,,,,,,,,,售楼处及样板间,精装概念设计完成经甲方确认后2个月内,0.20 ,280521.76 ,280521.76 ,产值确认单,45639.00 ,280521.76 ,45639.00 ,280521.76 ,45646.00 ,280521.76 ,45673.00 ,,,,,,,,,,,,,,,,,,,,,,,,,280521.76 ,,,,,,,,,,,,,,280521.76 ,,,280521.76 ,0.00 ,,,,,,,,,,,
,,,,,,,,,,,,,,,,,,,,,,,,,,,,售楼处及样板间,精装方案扩初设计完成经甲方确认后2个月内,0.20 ,280521.76 ,280521.76 ,产值确认单,45639.00 ,280521.76 ,45639.00 ,280521.76 ,45646.00 ,280521.76 ,45673.00 ,,,,,,,,,,,,,,,,,,,,,,,,,280521.76 ,,,,,,,,,,,,,,280521.76 ,,,280521.76 ,0.00 ,,,,,,,,,,,
,,,,,,,,,,,,,,,,,,,,,,,,,,,,售楼处及样板间,精装施工图设计完成经甲方确认后2个月内,0.20 ,280521.76 ,280521.76 ,产值确认单,45639.00 ,280521.76 ,45639.00 ,280521.76 ,45646.00 ,280521.76 ,45673.00 ,,,,,,,,,,,,,,,,,,,,,,,,,280521.76 ,,,,,,,,,,,,,,280521.76 ,,,280521.76 ,0.00 ,,,,,,,,,,,
,,,,,,,,,,,,,,,,,,,,,,,,,,,,售楼处及样板间,精装修竣工验收合格，本合同办理完成结算后2个月内,0.20 ,280521.76 ,280521.76 ,预估,45960.00 ,,,,,0.00 ,,,,,,,,,,,,,,,,,,,,,,,,,,280521.76 ,,,,,,,,,,,,,,,,,,,,,,,,,,,,,
,,,,,,,,,,,,,,,,,,,,,,,,,,,,精装大区-1,合同签订并提交第一版概念性方案后2个月内,0.20 ,83889.67 ,83889.67 ,产值确认单,45639.00 ,83889.67 ,45639.00 ,83889.67 ,45646.00 ,83889.67 ,45673.00 ,,,,,,,,,,,,,,,,,,,,,,,,,83889.67 ,,,,,,,,,,,,,,83889.67 ,,,83889.67 ,0.00 ,,,,,,,,,,,
,,,,,,,,,,,,,,,,,,,,,,,,,,,,精装大区-2,精装概念设计完成经甲方确认后2个月内,0.20 ,83889.67 ,83889.67 ,产值确认单,45639.00 ,83889.67 ,45639.00 ,83889.67 ,45646.00 ,83889.67 ,45673.00 ,,,,,,,,,,,,,,,,,,,,,,,,,83889.67 ,,,,,,,,,,,,,,83889.67 ,,,83889.67 ,0.00 ,,,,,,,,,,,
,,,,,,,,,,,,,,,,,,,,,,,,,,,,精装大区-3,精装方案扩初设计完成经甲方确认后2个月内,0.20 ,83889.67 ,83889.67 ,产值确认单,45639.00 ,83889.67 ,45639.00 ,83889.67 ,45646.00 ,83889.67 ,45673.00 ,,,,,,,,,,,,,,,,,,,,,,,,,83889.67 ,,,,,,,,,,,,,,83889.67 ,,,83889.67 ,0.00 ,,,,,,,,,,,
,,,,,,,,,,,,,,,,,,,,,,,,,,,,精装大区-4,精装施工图设计完成经甲方确认后2个月内,0.20 ,83889.67 ,83889.67 ,产值确认单,45730.00 ,83889.67 ,45730.00 ,83889.67 ,45730.00 ,83889.67 ,45772.00 ,,,,,,,,,,,,,,,,,,,,,,,,,83889.67 ,,,,,,,,,,,,,,83889.67 ,,,,,,,,,,,,,,,
,,,,,,,,,,,,,,,,,,,,,,,,,,,,精装大区-5,精装修竣工验收合格，本合同办理完成结算后2个月内,0.20 ,83889.67 ,83889.67 ,预估,45960.00 ,,,,,0.00 ,,,,,,,,,,,,,,,,,,,,,,,,,,83889.67 ,,,,,,,,,,,,,,,,,,,,,,,,,,,,,
,西南,45973.00 ,"成都武侯区54.63亩项目
（武侯西派御府）",,成都武侯区54.63亩住宅及配套设施项目建设工程设计总包管理服务合同,CRCCRE-SJ-XM-2025-036,方案+景观+精装+BIM,CRCCRE-XN-CDNAZY-WHXBZG54-QQ-2025-018,成都能安置业有限公司,126729.80 ,"BIM管综：
7元
户型优化：
142.07元",9455119.11 ,0.00 ,0.00 ,0.00 ,0.00 ,0.00 ,0.00 ,0.00 ,0.00 ,280002.93 ,0.00 ,0.00 ,0.00 ,0.00 ,9175116.18 ,/,方案-1,合同签订并提交第一版概念性方案后，经甲方审核确认后,0.20 ,598986.04 ,598986.04 ,产值确认单,46021.00 ,598986.04 ,,,,0.00 ,,,,,,,9455119.11 ,0.00 ,280002.93 ,0.00 ,9455119.11 ,-280002.93 ,,,,,,,,,,,,,,598986.04 ,,,,,,,,,,,,,,,,,0.00 ,0.00 ,,,,,,,,,,,
,,,,,,,,,,,,,,,,,,,,,,,,,,,,方案-2,方案调整、修改完成经甲方确认后，经甲方审核确认后,0.30 ,898479.05 ,898479.05 ,产值确认单,46021.00 ,898479.05 ,,,,0.00 ,,,,,,,,,,,,,,,,,,,,,,,,,,898479.05 ,,,,,,,,,,,,,,,,,0.00 ,0.00 ,,,,,,,,,,,
,,,,,,,,,,,,,,,,,,,,,,,,,,,,方案-3,方案通过政府相关审批（规划复函）后，经甲方审核确认后,0.20 ,598986.04 ,598986.04 ,产值确认单,46021.00 ,598986.04 ,,,,0.00 ,,,,,,,,,,,,,,,,,,,,,,,,,,598986.04 ,,,,,,,,,,,,,,,,,,,,,,,,,,,,,
,,,,,,,,,,,,,,,,,,,,,,,,,,,,方案-4,项目总图、建筑单专业扩初设计图纸完成，并取得《建设工程规划许可证》后，经甲方审核确认后,0.20 ,598986.04 ,598986.04 ,预估,46111.00 ,,,,,0.00 ,,,,,,,,,,,,,,,,,,,,,,,,,,598986.04 ,,,,,,,,,,,,,,,,,,,,,,,,,,,,,
,,,,,,,,,,,,,,,,,,,,,,,,,,,,方案-5,配合施工完成，至竣工验收完成后按照《建设工程规划许可证》各项建筑面积结算,0.10 ,299493.02 ,299493.02 ,,,,,,,0.00 ,,,,,,,,,,,,,,,,,,,,,,,,,,299493.02 ,,,,,,,,,,,,,,,,,,,,,,,,,,,,,
,,,,,,,,,,,,,,,,,,,,,,,,,,,,BIM-1,合同签订并提交第一版地下车库及地下室BIM模型且经过甲方确认后2个月内,0.40 ,112001.17 ,112001.17 ,产值确认单,46021.00 ,112001.17 ,,,,112001.17 ,,,,,,,,,,,,,,,,,,,,,112001.17 ,,,,,,,,,,,,,,112001.17 ,,,,,,,,112001.17 ,0.00 ,,,,,,,,,,,
,,,,,,,,,,,,,,,,,,,,,,,,,,,,BIM-2,乙方根据甲方优化后的施工图纸提交BIM咨询优化报告、户型管综深化及出图、完成BIM咨询范围的交底工作且经过甲方确认后2个月内,0.55 ,154001.61 ,154001.61 ,产值确认单,46021.00 ,154001.61 ,,,,154001.61 ,,,,,,,,,,,,,,,,,,,,,154001.61 ,,,,,,,,,,,,,,154001.61 ,,,,,,,,154001.61 ,0.00 ,,,,,,,,,,,
,,,,,,,,,,,,,,,,,,,,,,,,,,,,BIM-3,乙方根据施工进度提交设计变更的BIM模型更改至竣工验收完成，按照《建设工程规划许可证》地下建筑面积进行结算后2个月内,0.05 ,14000.15 ,14000.15 ,,,,,,,14000.15 ,,,,,,,,,,,,,,,,,,,,,14000.15 ,,,,,,,,,,,,,,14000.15 ,,,,,,,,,,,,,,,,,,,,
,,,,,,,,,,,,,,,,,,,,,,,,,,,,景观整体,合同签订并提交第一版概念性方案后2个月内（付款审批流程完成后）,0.10 ,95499.00 ,95499.00 ,产值确认单,46021.00 ,95499.00 ,,,,0.00 ,,,,,,,,,,,,,,,,,,,,,,,,,,95499.00 ,,,,,,,,,,,,,,,,,0.00 ,0.00 ,,,,,,,,,,,
,,,,,,,,,,,,,,,,,,,,,,,,,,,,景观展示区,展示区方案设计成果完成经甲方确认后2个月内,0.40 ,91200.00 ,91200.00 ,产值确认单,46021.00 ,91200.00 ,,,,0.00 ,,,,,,,,,,,,,,,,,,,,,,,,,,91200.00 ,,,,,,,,,,,,,,,,,0.00 ,0.00 ,,,,,,,,,,,
,,,,,,,,,,,,,,,,,,,,,,,,,,,,景观展示区,展示区施工图设计成果完成经甲方确认后2个月内,0.30 ,68400.00 ,68400.00 ,产值确认单,46021.00 ,68400.00 ,,,,0.00 ,,,,,,,,,,,,,,,,,,,,,,,,,,68400.00 ,,,,,,,,,,,,,,,,,0.00 ,0.00 ,,,,,,,,,,,
,,,,,,,,,,,,,,,,,,,,,,,,,,,,景观展示区,展示区施工现场配合完成经甲方确认后2个月内,0.10 ,22800.00 ,22800.00 ,产值确认单,46021.00 ,22800.00 ,,,,0.00 ,,,,,,,,,,,,,,,,,,,,,,,,,,22800.00 ,,,,,,,,,,,,,,,,,,,,,,,,,,,,,
,,,,,,,,,,,,,,,,,,,,,,,,,,,,景观大区,大区及红线外概念设计成果经甲方确认后2个月内,0.15 ,109048.50 ,109048.50 ,产值确认单,46021.00 ,109048.50 ,,,,0.00 ,,,,,,,,,,,,,,,,,,,,,,,,,,109048.50 ,,,,,,,,,,,,,,,,,0.00 ,0.00 ,,,,,,,,,,,
,,,,,,,,,,,,,,,,,,,,,,,,,,,,景观大区,大区及红线外方案设计成果完成经甲方确认后2个月内,0.20 ,145398.00 ,145398.00 ,预估,46111.00 ,,,,,0.00 ,,,,,,,,,,,,,,,,,,,,,,,,,,145398.00 ,,,,,,,,,,,,,,,,,,,,,,,,,,,,,
,,,,,,,,,,,,,,,,,,,,,,,,,,,,景观大区,大区及红线外扩初设计成果完成经甲方确认后2个月内,0.15 ,109048.50 ,109048.50 ,预估,46172.00 ,,,,,0.00 ,,,,,,,,,,,,,,,,,,,,,,,,,,109048.50 ,,,,,,,,,,,,,,,,,,,,,,,,,,,,,
,,,,,,,,,,,,,,,,,,,,,,,,,,,,景观大区,大区及红线外施工图设计成果完成经甲方确认后2个月内,0.20 ,145398.00 ,145398.00 ,预估,46264.00 ,,,,,0.00 ,,,,,,,,,,,,,,,,,,,,,,,,,,145398.00 ,,,,,,,,,,,,,,,,,,,,,,,,,,,,,
,,,,,,,,,,,,,,,,,,,,,,,,,,,,景观大区,大区及红线外施工现场配合完成经甲方确认后2个月内,0.05 ,36349.50 ,36349.50 ,预估,46325.00 ,,,,,0.00 ,,,,,,,,,,,,,,,,,,,,,,,,,,36349.50 ,,,,,,,,,,,,,,,,,,,,,,,,,,,,,
,,,,,,,,,,,,,,,,,,,,,,,,,,,,景观整体,景观工程竣工验收合格，本合同办理完成结算后2个月内,0.10 ,131848.50 ,131848.50 ,,,,,,,0.00 ,,,,,,,,,,,,,,,,,,,,,,,,,,131848.50 ,,,,,,,,,,,,,,,,,,,,,,,,,,,,,
,,,,,,,,,,,,,,,,,,,,,,,,,,,,售楼处及样板间,合同签订并提交第一版概念性方案后2个月内,0.20 ,880000.00 ,880000.00 ,产值确认单,46021.00 ,880000.00 ,,,,0.00 ,,,,,,,,,,,,,,,,,,,,,,,,,,880000.00 ,,,,,,,,,,,,,,,,,0.00 ,0.00 ,,,,,,,,,,,
,,,,,,,,,,,,,,,,,,,,,,,,,,,,售楼处及样板间,精装概念设计完成经甲方确认后2个月内,0.20 ,880000.00 ,880000.00 ,产值确认单,46021.00 ,880000.00 ,,,,0.00 ,,,,,,,,,,,,,,,,,,,,,,,,,,880000.00 ,,,,,,,,,,,,,,,,,0.00 ,0.00 ,,,,,,,,,,,
,,,,,,,,,,,,,,,,,,,,,,,,,,,,售楼处及样板间,精装方案扩初设计完成经甲方确认后2个月内,0.20 ,880000.00 ,880000.00 ,产值确认单,46021.00 ,880000.00 ,,,,0.00 ,,,,,,,,,,,,,,,,,,,,,,,,,,880000.00 ,,,,,,,,,,,,,,,,,0.00 ,0.00 ,,,,,,,,,,,
,,,,,,,,,,,,,,,,,,,,,,,,,,,,售楼处及样板间,精装施工图设计完成经甲方确认后2个月内,0.20 ,880000.00 ,880000.00 ,产值确认单,46021.00 ,880000.00 ,,,,0.00 ,,,,,,,,,,,,,,,,,,,,,,,,,,880000.00 ,,,,,,,,,,,,,,,,,0.00 ,0.00 ,,,,,,,,,,,
,,,,,,,,,,,,,,,,,,,,,,,,,,,,售楼处及样板间,精装修竣工验收合格，本合同办理完成结算后2个月内,0.20 ,880000.00 ,880000.00 ,,,,,,,0.00 ,,,,,,,,,,,,,,,,,,,,,,,,,,880000.00 ,,,,,,,,,,,,,,,,,,,,,,,,,,,,,
,,,,,,,,,,,,,,,,,,,,,,,,,,,,精装大区-1,合同签订并提交第一版概念性方案后2个月内,0.20 ,165039.20 ,165039.20 ,产值确认单,46021.00 ,165039.20 ,,,,0.00 ,,,,,,,,,,,,,,,,,,,,,,,,,,165039.20 ,,,,,,,,,,,,,,,,,0.00 ,0.00 ,,,,,,,,,,,
,,,,,,,,,,,,,,,,,,,,,,,,,,,,精装大区-2,精装概念设计完成经甲方确认后2个月内,0.20 ,165039.20 ,165039.20 ,产值确认单,46021.00 ,165039.20 ,,,,0.00 ,,,,,,,,,,,,,,,,,,,,,,,,,,165039.20 ,,,,,,,,,,,,,,,,,0.00 ,0.00 ,,,,,,,,,,,
,,,,,,,,,,,,,,,,,,,,,,,,,,,,精装大区-3,精装方案扩初设计完成经甲方确认后2个月内,0.20 ,165039.20 ,165039.20 ,预估,46264.00 ,,,,,0.00 ,,,,,,,,,,,,,,,,,,,,,,,,,,165039.20 ,,,,,,,,,,,,,,,,,0.00 ,0.00 ,,,,,,,,,,,
,,,,,,,,,,,,,,,,,,,,,,,,,,,,精装大区-4,精装施工图设计完成经甲方确认后2个月内,0.20 ,165039.20 ,165039.20 ,预估,46325.00 ,,,,,0.00 ,,,,,,,,,,,,,,,,,,,,,,,,,,165039.20 ,,,,,,,,,,,,,,,,,,,,,,,,,,,,,
,,,,,,,,,,,,,,,,,,,,,,,,,,,,精装大区-5,精装修竣工验收合格，本合同办理完成结算后2个月内,0.20 ,165039.20 ,165039.20 ,,,,,,,0.00 ,,,,,,,,,,,,,,,,,,,,,,,,,,165039.20 ,,,,,,,,,,,,,,,,,,,,,,,,,,,,,
16,华中,43353.00 ,"太原项目
（完成）",/,"太原市万柏林区东社村HGZ-1812地块项目
建设工程设计合同",CRCCRE-SJ-CZ-2018-054,方案,CRCCRE-BF-TYDC-TYXFGJ-QQ-023,太原中铁房地产开发有限公司,"合同面积：115868.85
规证面积：116858.41","规划方案设计20元/㎡
施工图设计：
18元/㎡",4440619.58 ,0.00 ,0.00 ,0.00 ,4440619.58 ,0.00 ,0.00 ,0.00 ,0.00 ,0.00 ,0.00 ,0.00 ,,,0.00 ,太原理工：2103451.38,1.00 ,合同签订后20个工作日内,0.20 ,880603.20 ,880603.20 ,开票,43549.00 ,/,/,880603.20 ,43709.00 ,880603.20 ,43654.00 ,0.00 ,,,,,4440619.58 ,4440619.58 ,4440619.58 ,0.00 ,0.00 ,0.00 ,,,,880603.20 ,,,,,,,,,,,,,,880603.20 ,,,,,,,,,,,,,,,,,,,,,,,,,
,,,,,,,,,,,,,,,,,,,,,,,,,,,,2.00 ,设计方案通过规划局审批完成后20个工作日内,0.20 ,880603.20 ,880603.20 ,开票,43549.00 ,/,/,880603.20 ,43709.00 ,880603.20 ,43654.00 ,0.00 ,,,,,,,,,,,,,,880603.20 ,,,,,,,,,,,,,,880603.20 ,,,,,,,,,,,,,,,,,,,,,,,,,
,,,,,,,,,,,,,,,,,,,,,,,,,,,,3.00 ,取得工程规划许可证后20个工作日内,0.15 ,660452.40 ,660452.40 ,开票,43549.00 ,/,/,660452.40 ,43709.00 ,660452.40 ,43654.00 ,0.00 ,,,,,,,,,,,,,,660452.40 ,,,,,,,,,,,,,,660452.40 ,,,,,,,,,,,,,,,,,,,,,,,,,
,,,,,,,,,,,,,,,,,,,,,,,,,,,,4.00 ,取得施工图设计文件联合审查意见书后20个工作日内,0.20 ,880603.20 ,880603.20 ,开票,43709.00 ,/,/,880603.20 ,43709.00 ,880603.20 ,43804.00 ,0.00 ,,,,,,,,,,,,,,880603.20 ,,,,,,,,,,,,,,880603.20 ,,,,,,,,,,,,,,,,,,,,,,,,,
,,,,,,,,,,,,,,,,,,,,,,,,,,,,5.00 ,结构全部封顶后20个工作日内,0.15 ,660452.40 ,660452.40 ,产值确认单,44174.00 ,660452.40 ,44174.00 ,660452.40 ,44337.00 ,660452.40 ,44432.00 ,0.00 ,"太原理工：417127.8
创作二室：
243324.6",,甲方说资金紧张,,,,,,,,,,,660452.40 ,,,,,,,,,,,,,,660452.40 ,,,,,,,,,,,,,,,,,,,,,,,,,
,,,,,,,,,,,,,,,,,,,,,,,,,,,,6.00 ,配合取得项目竣工联合验收意见书后20个工作日内,0.10 ,440301.60 ,477905.18 ,产值确认单,44852.00 ,477905.18 ,44852.00 ,477905.18 ,45481.00 ,477905.18 ,45625.00 ,0.00 ,,,,,,,,,,,,,,477905.18 ,,,,,,,,,,,,,,477905.18 ,,,,,,,,,,,,,,,,,,,,,,,,,
16,华中,44084.00 ,"太原市万柏林区东社村
（完成）",无,太原市万柏林区东社村HGZ-1812地块项目建设工程设计补充协议（一）,CRCCRE-SJ-CZ-2018-054-B1,方案,CRCCRE-BF-TYDC-TYXFGJ-QQ-023-B1,太原中铁房地产开发有限公司,54345.26 ,施工图设计：18元/㎡,350000.00 ,0.00 ,0.00 ,0.00 ,350000.00 ,0.00 ,0.00 ,0.00 ,0.00 ,0.00 ,0.00 ,,,,0.00 ,创作二室：350000,1.00 ,设计人在完成施工图设计文件10日内提交施工图文件八份后，发包人支付补充协议设计费总额的90％,0.90 ,315000.00 ,315000.00 ,开票,44125.00 ,315000.00 ,44125.00 ,315000.00 ,44125.00 ,315000.00 ,44172.00 ,0.00 ,,,太原理工未完成设计，暂不能请款,,350000.00 ,350000.00 ,350000.00 ,0.00 ,0.00 ,0.00 ,,,,315000.00 ,,,,,,,,,,,,,,315000.00 ,,,,,,,,,,,,,,,,,,,,,,,,,
,,,,,,,,,,,,,,,,,,,,,,,,,,,,2.00 ,竣工验收合格完毕后10日内，甲方结清剩余价款,0.10 ,35000.00 ,35000.00 ,产值确认单,44852.00 ,35000.00 ,44852.00 ,35000.00 ,45481.00 ,35000.00 ,45625.00 ,0.00 ,,,,,,,,,,,,,,35000.00 ,,,,,,,,,,,,,,35000.00 ,,,,,,,,,,,,,,,,,,,,,,,,,
18,华中,44201.00 ,"太原山语城
（西府国际）
（完成）",CRCCRE-DC-XM-2021-034,中国铁建•太原山语城项目地下车库管综建模服务合同,CRCCRE-SJ-BIM-2021-001,BIM,CRCCRE-HZ-TYDC-TYXFGJ-QQ-2020-011,太原中铁房地产开发有限公司,21080.47 ,地下室BIM管综：7.5元/㎡,158103.53 ,0.00 ,0.00 ,0.00 ,0.00 ,0.00 ,0.00 ,0.00 ,0.00 ,158103.53 ,0.00 ,0.00 ,,,0.00 ,无,1.00 ,合同签订后，甲方提交所有资料，30个工作日内(25%),0.25 ,39525.88 ,150198.35 ,开票,44258.00 ,150198.35 ,44258.00 ,150198.35 ,44257.00 ,150198.35 ,44309.00 ,0.00 ,,,,,158103.53 ,158103.53 ,158103.53 ,0.00 ,0.00 ,0.00 ,,,,,,,,,150198.35 ,,,,,,,,,,,,,,150198.35 ,,,,,,,,,,,,,,,,,,,,
,,,,,,,,,,,,,,,,,,,,,,,,,,,,2.00 ,乙方提交第一版BIM模型后，经甲方书面确认后，30个工作日内（35%）,0.35 ,55336.24 ,,,,,,,,,,0.00 ,,,,,,,,,,,,,,,,,,,,,,,,,,,,,,,,,,,,,,,,,,,,,,,,,,,,,
,,,,,,,,,,,,,,,,,,,,,,,,,,,,3.00 ,乙方提交所有成果，经甲方书面确认后，30个工作日内,0.35 ,55336.24 ,,,,,,,,,,0.00 ,,,,,,,,,,,,,,,,,,,,,,,,,,,,,,,,,,,,,,,,,,,,,,,,,,,,,
,,,,,,,,,,,,,,,,,,,,,,,,,,,,4.00 ,乙方配合完成施工现场需要的咨询服务，完成相关交底、审核、指导，在工程竣工验收合格办理完成结算，并提供请款资料后30个工作日内（5％）,0.05 ,7905.18 ,7905.18 ,产值确认单,44616.00 ,7905.18 ,44644.00 ,7905.18 ,45482.00 ,7905.18 ,45621.00 ,0.00 ,,,,,,,,,,,,,,,,,,,7905.18 ,,,,,,,,,,,,,,7905.18 ,,,,,,,,,,,,,,,,,,,,
,华中,43464.00 ,新疆昌吉市新悦铭城地块、新疆乌鲁木齐城市进入研究顾问、新疆昌吉市城市进入研究顾问,/,新疆项目投资拓展可行性研究顾问服务协议,CRCCRE-SJ-CH-2018-019,策划,,太原中铁房地产开发有限公司,3个项目,含税打包价,200000.00 ,200000.00 ,0.00 ,0.00 ,0.00 ,0.00 ,0.00 ,0.00 ,0.00 ,0.00 ,0.00 ,0.00 ,,,,,1.00 ,乙方完成甲方最终认可的顾问服务报告，在甲方验收并作出书面确认后，甲方于下月30日前一次性支付乙方相应的顾问服务费用,1.00 ,100000.00 ,100000.00 ,产值确认单,43435.00 ,,,,,,,100000.00 ,,,未开始履行合同义务合同转过,,200000.00 ,0.00 ,0.00 ,0.00 ,200000.00 ,0.00 ,100000.00 ,,,,,,,,,,,,,,,,,,,,,,,,,,,,,,,,,,,,,,,,,,
,,,,,,,,,,,,,,,,,,,,,,,,,,,,2.00 ,双方就放生的顾问费用进行阶段性确认，有甲方出具书面确认资料。乙方在阶段完成当月的25日前，按甲方要求提交本月请款资料，甲方将于次月底向乙方支付相应款项。,,100000.00 ,100000.00 ,产值确认单,43435.00 ,,,,,,,100000.00 ,,,,,,,,,,,100000.00 ,,,,,,,,,,,,,,,,,,,,,,,,,,,,,,,,,,,,,,,,,,
17,华中,43464.00 ,太原置业方案可研,/,概念规划设计框架合同,CRCCRE-SJ-CZ-2018-052,可研,,太原中铁房地产开发有限公司,8个项目,5万一个,400000.00 ,0.00 ,0.00 ,400000.00 ,0.00 ,0.00 ,0.00 ,,0.00 ,0.00 ,0.00 ,0.00 ,,,0.00 ,0.00 ,1.00 ,新疆库尔勒、新疆乌鲁木齐高铁站、新疆乌鲁木齐奇康制药厂项目,0.38 ,150000.00 ,150000.00 ,开票,43549.00 ,/,/,150000.00 ,43549.00 ,150000.00 ,43586.00 ,0.00 ,新疆库尔勒、新疆乌鲁木齐高铁站、新疆乌鲁木齐康制药厂项目,,,,150000.00 ,150000.00 ,150000.00 ,250000.00 ,0.00 ,0.00 ,,,150000.00 ,,,,,,,,,,,,,,150000.00 ,,,,,,,,,,,,,,,,,,,,,,,,,,
,,,,,,,,,,,,,,,,,,,,,,,,,,,,2.00 ,按项目结算,0.63 ,250000.00 ,0.00 ,,,,,,,0.00 ,,0.00 ,,,,,,,,,,,,,,,,,,,,,,,,,,,,,,,,,,,,,,,,,,,,,,,,,,,,,
18,华中,43636.00 ,太原花语堂项目,/,中国铁建·花语堂项目建筑设计咨询服务合同,CRCCRE-SJ-ZX-2019-009,咨询,,太原中铁嘉晟房地产开发有限公司,405126.93 ,施工图咨询：5元/㎡,2025634.65 ,0.00 ,0.00 ,0.00 ,0.00 ,0.00 ,0.00 ,,2025634.65 ,0.00 ,0.00 ,,,,0.00 ,无,1.00 ,合同签订后，甲方在提交全部设计资料给乙方后，二十个工作日内,0.20 ,405126.93 ,405126.93 ,开票,43800.00 ,/,/,405126.93 ,43800.00 ,405126.93 ,44074.00 ,0.00 ,8月已回款,,预计8月回款,,2025634.65 ,2025634.65 ,2025634.65 ,0.00 ,0.00 ,0.00 ,,,,,,,,405126.93 ,,,,,,,,,,,,,,405126.93 ,,,,,,,,,,,,,,,,,,,,,
,,,,,,,,,,,,,,,,,,,,,,,,,,,,2.00 ,乙方完成施工图阶段的设计咨询工作并经甲方认可后，二十个工作日内,0.80 ,1620507.72 ,1620507.72 ,产值确认单,44174.00 ,1620507.72 ,44174.00 ,1620507.72 ,,1620507.72 ,,0.00 ,合作方问题不给请款,,开始做结算,,,,,,,,,,,,,,,1620507.72 ,,,,,,,,,,,,,,1620507.72 ,,,,,,,,,,,,,,,,,,,,,
18,华中,44053.00 ,太原花语堂项目（完成）,CRCCRE-DC-XM-2020-076,中国铁建·花语堂项目BIM技术全过程应用咨询服务合同,CRCCRE-SJ-BIM-2020-013,BIM,,太原中铁嘉晟房地产开发有限公司,总建筑面积405126.93,第一部分（BIM全过程）费用3000000元，第二部分（BIM模型优化）费用700000元,3700000.00 ,0.00 ,0.00 ,0.00 ,0.00 ,0.00 ,0.00 ,0.00 ,0.00 ,3700000.00 ,0.00 ,0.00 ,,,0.00 ,无,1.00 ,合同签订后，三十个工作日内,0.30 ,900000.00 ,900000.00 ,开票,44063.00 ,900000.00 ,44063.00 ,900000.00 ,44063.00 ,900000.00 ,44097.00 ,0.00 ,久其系统原因付不出去款,,9月已回款,,3700000.00 ,3700000.00 ,3700000.00 ,0.00 ,0.00 ,0.00 ,,,,,,,,,900000.00 ,,,,,,,,,,,,,,900000.00 ,,,,,,,,,,,,,,,,,,,,
,,,,,,,,,,,,,,,,,,,,,,,,,,,,2.00 ,丙方完成 BIM 实施准备阶段工作成果提交后并经乙方确认后，三十个工作日内,0.40 ,1200000.00 ,1200000.00 ,开票,44130.00 ,1200000.00 ,44130.00 ,1200000.00 ,44130.00 ,1200000.00 ,44165.00 ,0.00 ,,,11月已回款,,,,,,,,,,,,,,,,1200000.00 ,,,,,,,,,,,,,,1200000.00 ,,,,,,,,,,,,,,,,,,,,
,,,,,,,,,,,,,,,,,,,,,,,,,,,,3.00 ,"丙方完成BIM施工方标准宣贯和BIM平台培训及施工阶段的BIM咨询工作,三十个工作日内",0.25 ,750000.00 ,750000.00 ,产值确认单,45286.00 ,750000.00 ,45660.00 ,750000.00 ,45660.00 ,750000.00 ,45719.00 ,0.00 ,,,,,,,,,,,,,,,,,,,750000.00 ,,,,,,,,,,,,,,750000.00 ,,,,,,,,,,,,,,,,,,,,
,,,,,,,,,,,,,,,,,,,,,,,,,,,,4.00 ,丙方完成合同第一部分约定所有内容，经甲、乙方确认后，三十个工作日内,0.05 ,150000.00 ,150000.00 ,产值确认单,45650.00 ,150000.00 ,45660.00 ,150000.00 ,45660.00 ,150000.00 ,45719.00 ,0.00 ,,,,,,,,,,,,,,,,,,,150000.00 ,,,,,,,,,,,,,,150000.00 ,,,,,,,,,,,,,,,,,,,,
,,,,,,,,,,,,,,,,,,,,,,,,,,,,1.00 ,合同签订后，三十个工作日内,0.50 ,350000.00 ,350000.00 ,开票,44063.00 ,350000.00 ,44063.00 ,350000.00 ,44063.00 ,350000.00 ,44097.00 ,0.00 ,,,9月已回款,,,,,,,,,,,,,,,,350000.00 ,,,,,,,,,,,,,,350000.00 ,,,,,,,,,,,,,,,,,,,,
,,,,,,,,,,,,,,,,,,,,,,,,,,,,2.00 ,丙方完成施工图BIM优化模型内容，经乙方确认后，三十个工作日内,0.50 ,350000.00 ,350000.00 ,产值确认单,44616.00 ,350000.00 ,44644.00 ,350000.00 ,44921.00 ,350000.00 ,44965.00 ,0.00 ,,,,,,,,,,,,,,,,,,,350000.00 ,,,,,,,,,,,,,,350000.00 ,,,,,,,,,,,,,,,,,,,,
,华中,45128.00 ,西安西派璟悦,CRCCRE-DC-XM-2023-013,"西派璟悦项目
建设工程设计总包管理服务合同
（建筑方案部分）",CRCCRE-SJ-XM-2023-020,设计总包（方案外委）,,西安国际港务区京港房地产开发有限公司,高层地上132815.00平米，配套公建4538.00平米，地下56726.00平米,地上25，配套公建25，地下10,4001085.00 ,,,,,,,,,,,,,,4001085.00 ,项目管理中心,1.00 ,合同签订并提交第一版概念性方案后，经甲方审核确认后2个月内（付款审批流程完成后）,0.20 ,800217.00 ,800217.00 ,产值确认单,45149.00 ,800217.00 ,45149.00 ,800217.00 ,45149.00 ,800217.00 ,45196.00 ,0.00 ,,,,,,,,,,,,,,,,,,,,,,,,800217.00 ,,,,,,,,,,,,,,800217.00 ,,,,,,,,,,,,,,,
,,,,,,,,,,,,,,,,,,,,,,,,,,,,2.00 ,方案调整、修改完成经甲方确认后，经甲方审核确认后2个月内（付款审批流程完成后）,0.30 ,1200325.50 ,1200325.50 ,产值确认单,45149.00 ,1200325.50 ,45149.00 ,1200325.50 ,45149.00 ,1200325.50 ,45196.00 ,0.00 ,,,,,,,,,,,,,,,,,,,,,,,,1200325.50 ,,,,,,,,,,,,,,1200325.50 ,,,,,,,,,,,,,,,
,,,,,,,,,,,,,,,,,,,,,,,,,,,,3.00 ,方案通过政府相关审批（规划复函）后，经甲方审核确认后2个月内（付款审批流程完成后）,0.20 ,800217.00 ,800217.00 ,产值确认单,45243.00 ,800217.00 ,45243.00 ,800217.00 ,45243.00 ,800217.00 ,45282.00 ,0.00 ,,,,,,,,,,,,,,,,,,,,,,,,800217.00 ,,,,,,,,,,,,,,800217.00 ,,,,,,,,,,,,,,,
,,,,,,,,,,,,,,,,,,,,,,,,,,,,4.00 ,项目总图、建筑单专业扩初设计图纸完成，并取得《建设工程规划许可证》后，经甲方审核确认后2个月内（付款审批流程完成后）,0.20 ,800217.00 ,800217.00 ,产值确认单,45243.00 ,800217.00 ,45243.00 ,800217.00 ,45243.00 ,800217.00 ,45282.00 ,0.00 ,,,,,,,,,,,,,,,,,,,,,,,,800217.00 ,,,,,,,,,,,,,,800217.00 ,,,,,,,,,,,,,,,
,,,,,,,,,,,,,,,,,,,,,,,,,,,,5.00 ,配合施工完成，至竣工验收完成后按照《建设工程规划许可证》各项建筑面积结算,0.10 ,400108.50 ,382902.20 ,产值确认单,45804.00 ,382902.20 ,45804.00 ,382902.20 ,45805.00 ,382902.20 ,45929.00 ,0.00 ,,,,,,,,,,,,,200000.00 ,,,,,,,,,,,182902.20 ,,,200000.00 ,,,,,,,,,,,182902.20 ,,,,,,,,,,,,,,,
,,45128.00 ,,,"西派璟悦项目
建设工程设计总包管理服务合同
（景观部分）",CRCCRE-SJ-XM-2023-020,设计总包（景观外委）,,西安国际港务区京港房地产开发有限公司,展示区6000.00平米，大区39987.00平米,展示区60，大区60,2759220.00 ,,,,,,,,,,,,,,2759220.00 ,项目管理中心,1.00 ,合同签订并提交第一版概念性方案后2个月内（付款审批流程完成后）,0.10 ,275922.00 ,275922.00 ,产值确认单,45149.00 ,275922.00 ,45149.00 ,275922.00 ,45149.00 ,275922.00 ,45196.00 ,0.00 ,,,,,,,,,,,,,,,,,,,,,,,,275922.00 ,,,,,,,,,,,,,,275922.00 ,,,,,,,,,,,,,,,
,,,,,,,,,,,,,,,,,,,,,,,,,,,,展示区-2,展示区方案设计成果完成经甲方确认后2个月内（付款审批流程完成后）,展示区-40%,144000.00 ,144000.00 ,产值确认单,45149.00 ,144000.00 ,45149.00 ,144000.00 ,45149.00 ,144000.00 ,45196.00 ,0.00 ,,,,,,,,,,,,,,,,,,,,,,,,144000.00 ,,,,,,,,,,,,,,144000.00 ,,,,,,,,,,,,,,,
,,,,,,,,,,,,,,,,,,,,,,,,,,,,展示区-3,展示区施工图设计成果完成经甲方确认后2个月内（付款审批流程完成后）,展示区-30%,108000.00 ,108000.00 ,产值确认单,45149.00 ,108000.00 ,45149.00 ,108000.00 ,45149.00 ,108000.00 ,45196.00 ,0.00 ,,,,,,,,,,,,,,,,,,,,,,,,108000.00 ,,,,,,,,,,,,,,108000.00 ,,,,,,,,,,,,,,,
,,,,,,,,,,,,,,,,,,,,,,,,,,,,展示区-4,展示区施工现场配合完成经甲方确认后2个月内（付款审批流程完成后）,展示区-10%,36000.00 ,36000.00 ,产值确认单,45512.00 ,36000.00 ,45512.00 ,36000.00 ,45512.00 ,36000.00 ,45588.00 ,0.00 ,,,,,,,,,,,,,,,,,,,,,,,,36000.00 ,,,,,,,,,,,,,,36000.00 ,,,36000.00 ,0.00 ,,,,,,,,,,,
,,,,,,,,,,,,,,,,,,,,,,,,,,,,大区-5,大区概念设计成果经甲方确认后2个月内（付款审批流程完成后）,大区-15%,359883.00 ,359883.00 ,产值确认单,45149.00 ,359883.00 ,45149.00 ,359883.00 ,45149.00 ,359883.00 ,45196.00 ,0.00 ,,,,,,,,,,,,,,,,,,,,,,,,359883.00 ,,,,,,,,,,,,,,359883.00 ,,,,,,,,,,,,,,,
,,,,,,,,,,,,,,,,,,,,,,,,,,,,大区-6,大区方案设计成果完成经甲方确认后2个月内（付款审批流程完成后）,大区-20%,479844.00 ,479844.00 ,产值确认单,45243.00 ,479844.00 ,45243.00 ,479844.00 ,45243.00 ,479844.00 ,45282.00 ,0.00 ,,,,,,,,,,,,,,,,,,,,,,,,479844.00 ,,,,,,,,,,,,,,479844.00 ,,,,,,,,,,,,,,,
,,,,,,,,,,,,,,,,,,,,,,,,,,,,大区-7,大区扩初设计成果完成经甲方确认后2个月内（付款审批流程完成后）,大区-15%,359883.00 ,359883.00 ,产值确认单,45512.00 ,359883.00 ,45512.00 ,359883.00 ,45512.00 ,359883.00 ,45588.00 ,0.00 ,,,,,,,,,,,,,,,,,,,,,,,,359883.00 ,,,,,,,,,,,,,,359883.00 ,,,359883.00 ,0.00 ,,,,,,,,,,,
,,,,,,,,,,,,,,,,,,,,,,,,,,,,大区-8,大区施工图设计成果完成经甲方确认后2个月内（付款审批流程完成后）,大区-20%,479844.00 ,479844.00 ,产值确认单,45512.00 ,479844.00 ,45512.00 ,479844.00 ,45512.00 ,479844.00 ,45588.00 ,0.00 ,,,,,,,,,,,,,,,,,,,,,,,,479844.00 ,,,,,,,,,,,,,,479844.00 ,,,479844.00 ,0.00 ,,,,,,,,,,,
,,,,,,,,,,,,,,,,,,,,,,,,,,,,大区-9,大区施工现场配合完成经甲方确认后2个月内（付款审批流程完成后）,大区-5%,119961.00 ,119961.00 ,产值确认单,45804.00 ,119961.00 ,45804.00 ,119961.00 ,45805.00 ,119961.00 ,45929.00 ,0.00 ,,,,,,,,,,,,,,,,,,,,,,,,119961.00 ,,,,,,,,,,,,,,119961.00 ,,,,,,,,,,,,,,,
,,,,,,,,,,,,,,,,,,,,,,,,,,,,10.00 ,景观工程竣工验收合格，本合同办理完成结算后2个月内（付款审批流程完成后）,展示区10%，大区15%,395883.00 ,395883.00 ,产值确认单,45804.00 ,395883.00 ,45804.00 ,395883.00 ,45805.00 ,395883.00 ,45929.00 ,0.00 ,,,,,,,,,,,,,,,,,,,,,,,,395883.00 ,,,,,,,,,,,,,,395883.00 ,,,,,,,,,,,,,,,
,,45128.00 ,,,"西派璟悦项目
建设工程设计总包管理服务合同
（精装部分）",CRCCRE-SJ-XM-2023-020,设计总包（精装外委）,,西安国际港务区京港房地产开发有限公司,售楼处550平米，样板间500平米,1200.00 ,1260000.00 ,,,,,,,,,,,,,,1260000.00 ,项目管理中心,1.00 ,合同签订并提交第一版概念性方案后2个月内（付款审批流程完成后）。,0.20 ,252000.00 ,252000.00 ,产值确认单,45149.00 ,252000.00 ,45149.00 ,252000.00 ,45149.00 ,252000.00 ,45196.00 ,0.00 ,,,,,,,,,,,,,,,,,,,,,,,,252000.00 ,,,,,,,,,,,,,,252000.00 ,,,,,,,,,,,,,,,
,,,,,,,,,,,,,,,,,,,,,,,,,,,,2.00 ,精装概念设计完成经甲方确认后2个月内（付款审批流程完成后）。,0.20 ,252000.00 ,252000.00 ,产值确认单,45149.00 ,252000.00 ,45149.00 ,252000.00 ,45149.00 ,252000.00 ,45196.00 ,0.00 ,,,,,,,,,,,,,,,,,,,,,,,,252000.00 ,,,,,,,,,,,,,,252000.00 ,,,,,,,,,,,,,,,
,,,,,,,,,,,,,,,,,,,,,,,,,,,,3.00 ,精装方案扩初设计完成经甲方确认后2个月内（付款审批流程完成后）。,0.20 ,252000.00 ,252000.00 ,产值确认单,45149.00 ,252000.00 ,45149.00 ,252000.00 ,45149.00 ,252000.00 ,45196.00 ,0.00 ,,,,,,,,,,,,,,,,,,,,,,,,252000.00 ,,,,,,,,,,,,,,252000.00 ,,,,,,,,,,,,,,,
,,,,,,,,,,,,,,,,,,,,,,,,,,,,4.00 ,精装施工图设计完成经甲方确认后2个月内（付款审批流程完成后）。,0.20 ,252000.00 ,252000.00 ,产值确认单,45149.00 ,252000.00 ,45149.00 ,252000.00 ,45149.00 ,252000.00 ,45196.00 ,0.00 ,,,,,,,,,,,,,,,,,,,,,,,,252000.00 ,,,,,,,,,,,,,,252000.00 ,,,,,,,,,,,,,,,
,,,,,,,,,,,,,,,,,,,,,,,,,,,,5.00 ,精装修竣工验收合格，本合同办理完成结算后2个月内（付款审批流程完成后）。,0.20 ,252000.00 ,225120.00 ,产值确认单,45804.00 ,225120.00 ,45804.00 ,225120.00 ,45805.00 ,225120.00 ,45929.00 ,0.00 ,,,,,,,,,,,,,,,,,,,,,,,,225120.00 ,,,,,,,,,,,,,,225120.00 ,,,,,,,,,,,,,,,
,,45128.00 ,,,"西派璟悦项目
建设工程设计总包管理服务合同
（BIM部分）",CRCCRE-SJ-XM-2023-020,设计总包（自揽BIM部分）,,西安国际港务区京港房地产开发有限公司,地下56726.00平米,地下7.0/平米，多维方案汇报8万/项,477082.00 ,,,,,,,,,477082.00 ,,,,,,,1.00 ,合同签订并提交第一版地下车库及地下室BIM模型且经过甲方确认后2个月内（付款审批流程完成后）。,0.40 ,190832.80 ,190832.80 ,产值确认单,45243.00 ,190832.80 ,45243.00 ,190832.80 ,45243.00 ,190832.80 ,45282.00 ,0.00 ,,,,,,,,,,,,,,,,,,,190832.80 ,,,,,,,,,,,,,,190832.80 ,,,,,,,,,,,,,,,,,,,,
,,,,,,,,,,,,,,,,,,,,,,,,,,,,2.00 ,乙方根据甲方优化后的施工图纸提交BIM咨询优化报告、完成BIM咨询范围的交底工作且经过甲方确认后2个月内（付款审批流程完成后）。,0.55 ,262395.10 ,262395.10 ,产值确认单,45243.00 ,262395.10 ,45243.00 ,262395.10 ,45243.00 ,262395.10 ,45282.00 ,0.00 ,,,,,,,,,,,,,,,,,,,262395.10 ,,,,,,,,,,,,,,262395.10 ,,,,,,,,,,,,,,,,,,,,
,,,,,,,,,,,,,,,,,,,,,,,,,,,,3.00 ,乙方根据施工进度提交设计变更的BIM模型更改至竣工验收完成，按照《建设工程规划许可证》地下建筑面积进行结算后2个月内（付款审批流程完成后）。,0.05 ,23854.10 ,11809.69 ,产值确认单,45804.00 ,11809.69 ,45804.00 ,11809.69 ,45805.00 ,11809.69 ,45929.00 ,0.00 ,,,,,,,,,,,,,,,,,,,11809.69 ,,,,,,,,,,,,,,11809.69 ,,,,,,,,,,,,,,,,,,,,
,,45128.00 ,,,"西派璟悦项目
建设工程设计总包管理服务合同
（咨询部分）",CRCCRE-SJ-XM-2023-020,设计总包（自揽咨询部分）,,西安国际港务区京港房地产开发有限公司,194079.00 ,精审1元/平米，优化咨询2.5元/平米,679276.50 ,,,,,,,,679276.50 ,,,,,,,,1.00 ,合同签订且乙方开展设计咨询工作并提供设计咨询优化意见后15个工作日内请款，次月30日前付款。,0.20 ,135855.30 ,135855.30 ,产值确认单,45149.00 ,135855.30 ,45149.00 ,135855.30 ,45149.00 ,135855.30 ,45196.00 ,0.00 ,,,,,,,,,,,,,,,,,,135855.30 ,,,,,,,,,,,,,,135855.30 ,,,,,,,,,,,,,,,,,,,,,
,,,,,,,,,,,,,,,,,,,,,,,,,,,,2.00 ,本项目取得《建设工程规划许可证》后15个工作日内请款，次月30日前付款。,0.30 ,203782.95 ,203782.95 ,产值确认单,45243.00 ,203782.95 ,45243.00 ,203782.95 ,45243.00 ,203782.95 ,45282.00 ,0.00 ,,,,,,,,,,,,,,,,,,203782.95 ,,,,,,,,,,,,,,203782.95 ,,,,,,,,,,,,,,,,,,,,,
,,,,,,,,,,,,,,,,,,,,,,,,,,,,3.00 ,本项目施工图图审合格2个月内（付款审批流程完成后）。,0.30 ,203782.95 ,203782.95 ,产值确认单,45243.00 ,203782.95 ,45243.00 ,203782.95 ,45243.00 ,203782.95 ,45282.00 ,0.00 ,,,,,,,,,,,,,,,,,,203782.95 ,,,,,,,,,,,,,,203782.95 ,,,,,,,,,,,,,,,,,,,,,
,,,,,,,,,,,,,,,,,,,,,,,,,,,,4.00 ,提交最终版设计咨询总结报告后2个月内（付款审批流程完成后）。,0.20 ,135855.30 ,129833.10 ,产值确认单,45282.00 ,129833.10 ,45282.00 ,129833.10 ,45512.00 ,129833.10 ,45588.00 ,0.00 ,,,,,,,,,,,,,,,,,,129833.10 ,,,,,,,,,,,,,,129833.10 ,,,,,,,,,,,,,,,,,,,,,
,,45128.00 ,,,"西派璟悦项目
建设工程设计总包管理服务合同
（专项部分：售楼处、泛光）",CRCCRE-SJ-XM-2023-020,设计总包（专项外委：创新售楼处、泛光）,,西安国际港务区京港房地产开发有限公司,/,售楼处30万，泛光18万,480000.00 ,,,,,,,,,,,,,,480000.00 ,项目管理中心,1.00 ,合同签订且乙方提交第一版售楼处概念性方案后2个月内（付款审批流程完成后）。,0.20 ,96000.00 ,96000.00 ,产值确认单,45149.00 ,96000.00 ,45149.00 ,96000.00 ,45149.00 ,96000.00 ,45196.00 ,0.00 ,,,,,,,,,,,,,,,,,,,,,,,,96000.00 ,,,,,,,,,,,,,,96000.00 ,,,,,,,,,,,,,,,
,,,,,,,,,,,,,,,,,,,,,,,,,,,,2.00 ,售楼处扩初设计图纸完成，并取得《建设工程规划许可证》后2个月内（付款审批流程完成后）。,0.60 ,288000.00 ,288000.00 ,产值确认单,45243.00 ,288000.00 ,45243.00 ,288000.00 ,45243.00 ,288000.00 ,45282.00 ,0.00 ,,,,,,,,,,,,,,,,,,,,,,,,288000.00 ,,,,,,,,,,,,,,288000.00 ,,,,,,,,,,,,,,,
,,,,,,,,,,,,,,,,,,,,,,,,,,,,3.00 ,售楼处竣工验收合格后2个月内（付款审批流程完成后）。,0.20 ,96000.00 ,96000.00 ,产值确认单,45512.00 ,96000.00 ,45512.00 ,96000.00 ,45512.00 ,96000.00 ,45588.00 ,0.00 ,,,,,,,,,,,,,,,,,,,,,,,,96000.00 ,,,,,,,,,,,,,,96000.00 ,,,,,,,,,,,,,,,
,华中,45219.00 ,"西安港务区93亩项目
（西派麟悦）
（完结）",CRCCRE-DC-XM-2023-019,"西派麟悦项目
建设工程设计总包管理服务合同
（建筑方案部分）",CRCCRE-SJ-XM-2023-054,设计总包（方案外委）,,西安国际港务区京港房地产开发有限公司,高层地上128358.80㎡，配套公建8556.57㎡，地下54784.26㎡,高层18元/㎡，配套公建30元/㎡，地下8元/㎡,3005429.58 ,,,,,,,,,,,,,,3005429.58 ,项目管理中心,1.00 ,合同签订并提交第一版概念性方案后，经甲方审核确认后2个月内（付款审批流程完成后）,0.20 ,601085.92 ,601085.92 ,产值确认单,45251.00 ,601085.92 ,45251.00 ,601085.92 ,45251.00 ,601085.92 ,45289.00 ,0.00 ,,,,,,,,,,,,,,,,,,,,,,,,601085.92 ,,,,,,,,,,,,,,601085.92 ,,,,,,,,,,,,,,,
,,,,,,,,,,,,,,,,,,,,,,,,,,,,2.00 ,方案调整、修改完成经甲方确认后，经甲方审核确认后2个月内（付款审批流程完成后）,0.30 ,901628.87 ,901628.87 ,产值确认单,45251.00 ,901628.87 ,45251.00 ,901628.87 ,45251.00 ,901628.87 ,45289.00 ,0.00 ,,,,,,,,,,,,,,,,,,,,,,,,901628.87 ,,,,,,,,,,,,,,901628.87 ,,,,,,,,,,,,,,,
,,,,,,,,,,,,,,,,,,,,,,,,,,,,3.00 ,方案通过政府相关审批（规划复函）后，经甲方审核确认后2个月内（付款审批流程完成后）,0.20 ,601085.92 ,601085.92 ,产值确认单,45251.00 ,601085.92 ,45251.00 ,601085.92 ,45251.00 ,601085.92 ,45289.00 ,0.00 ,,,,,,,,,,,,,,,,,,,,,,,,601085.92 ,,,,,,,,,,,,,,601085.92 ,,,,,,,,,,,,,,,
,,,,,,,,,,,,,,,,,,,,,,,,,,,,4.00 ,项目立面二次深化设计图纸完成，并取得《施工图审查合格书》后，经甲方审核确认后2个月内（付款审批流程完成后）,0.25 ,751357.40 ,751357.40 ,产值确认单,45251.00 ,751357.40 ,45251.00 ,751357.40 ,45251.00 ,751357.40 ,45289.00 ,0.00 ,,,,,,,,,,,,,,,,,,,,,,,,751357.40 ,,,,,,,,,,,,,,751357.40 ,,,,,,,,,,,,,,,
,,,,,,,,,,,,,,,,,,,,,,,,,,,,5.00 ,项目竣工验收合格，本合同办理完成结算后2个月内（付款审批流程完成后）,0.05 ,150271.48 ,150256.46 ,产值确认单,45805.00 ,150256.46 ,45805.00 ,150256.46 ,45833.00 ,150256.46 ,45896.00 ,0.00 ,,,,,,,,,,,,,,,,,,,,,,,,150256.46 ,,,,,,,,,,,,,,150256.46 ,,,,,,,,,,,,,,,
,,45219.00 ,,,"西派麟悦项目
建设工程设计总包管理服务合同
（景观部分）",CRCCRE-SJ-XM-2023-054,设计总包（景观外委）,,西安国际港务区京港房地产开发有限公司,展示区5200㎡，红线外2000㎡，大区44488.35㎡,展示区60元/㎡，红线外25元/㎡，大区60元/㎡,3031301.00 ,,,,,,,,,,,,,,3031301.00 ,项目管理中心,1.00 ,合同签订并提交第一版概念性方案经甲方审核确认后2个月内（付款审批流程完成后）,0.10 ,303130.10 ,303130.10 ,产值确认单,45251.00 ,303130.10 ,45251.00 ,303130.10 ,45251.00 ,303130.10 ,45289.00 ,0.00 ,,,,,,,,,,,,,,,,,,,,,,,,303130.10 ,,,,,,,,,,,,,,303130.10 ,,,,,,,,,,,,,,,
,,,,,,,,,,,,,,,,,,,,,,,,,,,,展示区-2,展示区方案设计成果完成经甲方确认后2个月内（付款审批流程完成后）,展示区-40%,144800.00 ,144800.00 ,产值确认单,45251.00 ,144800.00 ,45251.00 ,144800.00 ,45251.00 ,144800.00 ,45289.00 ,0.00 ,,,,,,,,,,,,,,,,,,,,,,,,144800.00 ,,,,,,,,,,,,,,144800.00 ,,,,,,,,,,,,,,,
,,,,,,,,,,,,,,,,,,,,,,,,,,,,展示区-3,展示区施工图设计成果完成经甲方确认后2个月内（付款审批流程完成后）,展示区-30%,108600.00 ,108600.00 ,产值确认单,45251.00 ,108600.00 ,45251.00 ,108600.00 ,45251.00 ,108600.00 ,45289.00 ,0.00 ,,,,,,,,,,,,,,,,,,,,,,,,108600.00 ,,,,,,,,,,,,,,108600.00 ,,,,,,,,,,,,,,,
,,,,,,,,,,,,,,,,,,,,,,,,,,,,展示区-4,展示区施工现场配合完成经甲方确认后2个月内（付款审批流程完成后）,展示区-10%,36200.00 ,36200.00 ,产值确认单,45518.00 ,36200.00 ,45518.00 ,36200.00 ,45518.00 ,36200.00 ,45562.00 ,0.00 ,,,,,,,,,,,,,,,,,,,,,,,,36200.00 ,,,,,,,,,,,,,,36200.00 ,,,36200.00 ,0.00 ,,,,,,,,,,,
,,,,,,,,,,,,,,,,,,,,,,,,,,,,大区-2,大区概念设计成果经甲方确认后2个月内（付款审批流程完成后）,大区-15%,400395.15 ,400395.15 ,产值确认单,45251.00 ,400395.15 ,45251.00 ,400395.15 ,45251.00 ,400395.15 ,45289.00 ,0.00 ,,,,,,,,,,,,,,,,,,,,,,,,400395.15 ,,,,,,,,,,,,,,400395.15 ,,,,,,,,,,,,,,,
,,,,,,,,,,,,,,,,,,,,,,,,,,,,大区-3,大区方案设计成果完成经甲方确认后2个月内（付款审批流程完成后）,大区-20%,533860.20 ,533860.20 ,产值确认单,45251.00 ,533860.20 ,45251.00 ,533860.20 ,45251.00 ,533860.20 ,45289.00 ,0.00 ,,,,,,,,,,,,,,,,,,,,,,,,533860.20 ,,,,,,,,,,,,,,533860.20 ,,,,,,,,,,,,,,,
,,,,,,,,,,,,,,,,,,,,,,,,,,,,大区-4,大区扩初设计成果完成经甲方确认后2个月内（付款审批流程完成后）,大区-15%,400395.15 ,400395.15 ,产值确认单,45383.00 ,400395.15 ,45383.00 ,400395.15 ,45383.00 ,400395.15 ,45441.00 ,0.00 ,,,,,,,,,,,,,,,,,,,,,,,,400395.15 ,,,,,,,,,,,,,,400395.15 ,,,,,,,,,,,,,,,
,,,,,,,,,,,,,,,,,,,,,,,,,,,,大区-5,大区施工图设计成果完成经甲方确认后2个月内（付款审批流程完成后）,大区-20%,533860.20 ,533860.20 ,产值确认单,45518.00 ,533860.20 ,45518.00 ,533860.20 ,45518.00 ,533860.20 ,45562.00 ,0.00 ,,,,,,,,,,,,,,,,,,,,,,,,533860.20 ,,,,,,,,,,,,,,533860.20 ,,,533860.20 ,0.00 ,,,,,,,,,,,
,,,,,,,,,,,,,,,,,,,,,,,,,,,,大区-6,大区施工现场配合完成经甲方确认后2个月内（付款审批流程完成后）,大区-5%,133465.05 ,133465.05 ,产值确认单,45805.00 ,133465.05 ,45805.00 ,133465.05 ,45833.00 ,133465.05 ,45896.00 ,0.00 ,,,,,,,,,,,,,,,,,,,,,,,,133465.05 ,,,,,,,,,,,,,,133465.05 ,,,,,,,,,,,,,,,
,,,,,,,,,,,,,,,,,,,,,,,,,,,,10.00 ,景观工程竣工验收合格，本合同办理完成结算后2个月内（付款审批流程完成后）,大区-15%、展示区10%,436595.15 ,436595.15 ,产值确认单,45805.00 ,436595.15 ,45805.00 ,436595.15 ,45833.00 ,436595.15 ,45896.00 ,0.00 ,,,,,,,,,,,,,,,,,,,,,,,,436595.15 ,,,,,,,,,,,,,,436595.15 ,,,,,,,,,,,,,,,
,,45219.00 ,,,"西派麟悦项目
建设工程设计总包管理服务合同
（精装部分）",CRCCRE-SJ-XM-2023-054,设计总包（精装外委）,,西安国际港务区京港房地产开发有限公司,样板间452㎡，售楼处524.80㎡，配套公建4814.10㎡，首层及负一层大堂987.17㎡，标准层公区169.38㎡,样板间1200元/㎡，售楼处350元/㎡，配套公建80元/㎡，首层及负一层大堂450元/㎡，标准层公区280元/㎡,1602858.89 ,,,,,,,,,,,,,,1602858.89 ,项目管理中心,1.00 ,合同签订并提交第一版概念性方案后2个月内（付款审批流程完成后）。,0.15 ,240428.83 ,182659.65 ,产值确认单,45251.00 ,182659.65 ,45251.00 ,182659.65 ,45251.00 ,182659.65 ,45289.00 ,0.00 ,,,,,,,,,,,,,,,,,,,,,,,,182659.65 ,,,,,,,,,,,,,,182659.65 ,,,,,,,,,,,,,,,
,,,,,,,,,,,,,,,,,,,,,,,,,,,,,合同签订并提交第一版概念性方案后2个月内（付款审批流程完成后）。（幼儿园部分）,,,57769.18 ,产值确认单,45805.00 ,57769.18 ,45805.00 ,57769.18 ,45833.00 ,57769.18 ,45896.00 ,0.00 ,,,,,,,,,,,,,,,,,,,,,,,,57769.18 ,,,,,,,,,,,,,,57769.18 ,,,,,,,,,,,,,,,
,,,,,,,,,,,,,,,,,,,,,,,,,,,,2.00 ,精装概念设计完成经甲方确认后2个月内（付款审批流程完成后）。,0.25 ,400714.72 ,304432.76 ,产值确认单,45251.00 ,304432.76 ,45251.00 ,304432.76 ,45251.00 ,304432.76 ,45289.00 ,0.00 ,,,,,,,,,,,,,,,,,,,,,,,,304432.76 ,,,,,,,,,,,,,,304432.76 ,,,,,,,,,,,,,,,
,,,,,,,,,,,,,,,,,,,,,,,,,,,,,"精装概念设计完成经甲方确认后2个月内（付款审批流程完成后）。
（幼儿园部分）",,,96281.96 ,产值确认单,45805.00 ,96281.96 ,45805.00 ,96281.96 ,45833.00 ,96281.96 ,45896.00 ,0.00 ,,,,,,,,,,,,,,,,,,,,,,,,96281.96 ,,,,,,,,,,,,,,96281.96 ,,,,,,,,,,,,,,,
,,,,,,,,,,,,,,,,,,,,,,,,,,,,3.00 ,精装方案扩初设计完成经甲方确认后2个月内（付款审批流程完成后）。,0.20 ,320571.78 ,243546.21 ,产值确认单,45251.00 ,243546.21 ,45251.00 ,243546.21 ,45251.00 ,243546.21 ,45289.00 ,0.00 ,,,,,,,,,,,,,,,,,,,,,,,,243546.21 ,,,,,,,,,,,,,,243546.21 ,,,,,,,,,,,,,,,
,,,,,,,,,,,,,,,,,,,,,,,,,,,,,"精装方案扩初设计完成经甲方确认后2个月内（付款审批流程完成后）。
（幼儿园部分）",,,77025.57 ,产值确认单,45805.00 ,77025.57 ,45805.00 ,77025.57 ,45833.00 ,77025.57 ,45896.00 ,0.00 ,,,,,,,,,,,,,,,,,,,,,,,,77025.57 ,,,,,,,,,,,,,,77025.57 ,,,,,,,,,,,,,,,
,,,,,,,,,,,,,,,,,,,,,,,,,,,,4.00 ,"精装施工图设计完成经甲方确认后2个月内（付款审批流程完成后）。
（售楼处部分）",0.20 ,320571.78 ,36736.00 ,产值确认单,45251.00 ,36736.00 ,45251.00 ,36736.00 ,45251.00 ,36736.00 ,45289.00 ,0.00 ,,,,,,,,,,,,,,,,,,,,,,,,36736.00 ,,,,,,,,,,,,,,36736.00 ,,,,,,,,,,,,,,,
,,,,,,,,,,,,,,,,,,,,,,,,,,,,,精装施工图设计完成经甲方确认后2个月内（付款审批流程完成后）。（样板间、公区）,,,206810.21 ,产值确认单,45383.00 ,206810.21 ,45383.00 ,206810.21 ,45383.00 ,206810.21 ,45441.00 ,0.00 ,,,,,,,,,,,,,,,,,,,,,,,,206810.21 ,,,,,,,,,,,,,,206810.21 ,,,,,,,,,,,,,,,
,,,,,,,,,,,,,,,,,,,,,,,,,,,,,精装施工图设计完成经甲方确认后2个月内（付款审批流程完成后）。,,,77025.57 ,产值确认单,45805.00 ,77025.57 ,45805.00 ,77025.57 ,45833.00 ,77025.57 ,45896.00 ,0.00 ,,,,,,,,,,,,,,,,,,,,,,,,77025.57 ,,,,,,,,,,,,,,77025.57 ,,,,,,,,,,,,,,,
,,,,,,,,,,,,,,,,,,,,,,,,,,,,5.00 ,精装修竣工验收合格并经甲方确认后2个月内（付款审批流程完成后）。（公区部分）,0.20 ,320571.78 ,98330.21 ,产值确认单,45383.00 ,98330.21 ,45383.00 ,98330.21 ,45383.00 ,98330.21 ,45441.00 ,0.00 ,,,,,,,,,,,,,,,,,,,,,,,,98330.21 ,,,,,,,,,,,,,,98330.21 ,,,,,,,,,,,,,,,
,,,,,,,,,,,,,,,,,,,,,,,,,,,,,精装修竣工验收合格并经甲方确认后2个月内（付款审批流程完成后）。,,,222241.57 ,产值确认单,45805.00 ,222241.57 ,45805.00 ,222241.57 ,45833.00 ,222241.57 ,45896.00 ,0.00 ,,,,,,,,,,,,,,,,,,,,,,,,222241.57 ,,,,,,,,,,,,,,222241.57 ,,,,,,,,,,,,,,,
,,45219.00 ,,,"西派麟悦项目
建设工程设计总包管理服务合同
（BIM部分）",CRCCRE-SJ-XM-2023-054,设计总包（自揽BIM部分）,,西安国际港务区京港房地产开发有限公司,地上136915.37㎡，地下54784.26㎡,多维方案汇报8万元/项，地上结构建模2元/㎡，地上机电建模2元/㎡，地下管综7元/㎡,1011151.30 ,,,220000.00 ,,,,,172529.67 ,606454.46 ,,,,,12167.17 ,,1.00 ,合同签订并提交BIM多维方案汇报成果，经过甲方确认后2个月内（付款审批流程完成后）。,0.20 ,202230.26 ,202230.25 ,产值确认单,45251.00 ,202230.25 ,45251.00 ,202230.25 ,45251.00 ,202230.25 ,45289.00 ,0.00 ,,,,,,,,,,,,,44000.00 ,,,,,34505.93 ,121290.89 ,,,,,2433.43 ,,,44000.00 ,,,,,34505.93 ,121290.89 ,,,,,2433.43 ,,,,,,,,,,,,,,,
,,,,,,,,,,,,,,,,,,,,,,,,,,,,2.00 ,提交地上BIM建模成果，经甲方审核确认后2个月内（付款审批流程完成后）,0.30 ,303345.39 ,303345.39 ,产值确认单,45251.00 ,303345.39 ,45251.00 ,303345.39 ,45251.00 ,303345.39 ,45289.00 ,0.00 ,,,,,,,,,,,,,66000.00 ,,,,,51758.90 ,181936.34 ,,,,,3650.15 ,,,66000.00 ,,,,,51758.90 ,181936.34 ,,,,,3650.15 ,,,,,,,,,,,,,,,
,,,,,,,,,,,,,,,,,,,,,,,,,,,,3.00 ,提交地下车库及地下室BIM模型且经过甲方确认后2个月内（付款审批流程完成后）。,0.20 ,202230.26 ,202230.26 ,产值确认单,45251.00 ,202230.26 ,45251.00 ,202230.26 ,45251.00 ,202230.26 ,45289.00 ,0.00 ,,,,,,,,,,,,,44000.00 ,,,,,34505.93 ,121290.89 ,,,,,2433.44 ,,,44000.00 ,,,,,34505.93 ,121290.89 ,,,,,2433.44 ,,,,,,,,,,,,,,,
,,,,,,,,,,,,,,,,,,,,,,,,,,,,4.00 ,乙方根据甲方优化后的施工图纸提交BIM咨询优化报告、完成BIM咨询范围的交底工作且经过甲方确认后2个月内（付款审批流程完成后）。,0.25 ,252787.83 ,252787.83 ,产值确认单,45251.00 ,252787.83 ,45251.00 ,252787.83 ,45251.00 ,252787.83 ,45289.00 ,0.00 ,,,,,,,,,,,,,55000.00 ,,,,,43132.42 ,151613.62 ,,,,,3041.79 ,,,55000.00 ,,,,,43132.42 ,151613.62 ,,,,,3041.79 ,,,,,,,,,,,,,,,
,,,,,,,,,,,,,,,,,,,,,,,,,,,,5.00 ,项目竣工验收合格，本合同办理完成结算后2个月内（付款审批流程完成后）,0.05 ,50557.57 ,50557.57 ,产值确认单,45805.00 ,50557.57 ,45805.00 ,50557.57 ,45833.00 ,50557.57 ,45896.00 ,0.00 ,,,,,,,,,,,,,,,,,,,50557.57 ,,,,,,,,,,,,,,50557.57 ,,,,,,,,,,,,,,,,,,,,
,,45219.00 ,,,"西派麟悦项目
建设工程设计总包管理服务合同
（设计咨询部分）",CRCCRE-SJ-XM-2023-054,设计总包（自揽咨询部分）,,西安国际港务区京港房地产开发有限公司,总建面191699.63㎡,全过程设计咨询2.5元/㎡，岩土专业咨询0.3元/㎡，设计缺陷审查要点梳理0.3元/㎡,594268.86 ,,,,,,,,594268.86 ,,,,,,,,1.00 ,合同签订且乙方开展设计咨询工作并提供设计咨询优化意见且经甲方确认后2个月内（付款审批流程完成后）。,0.20 ,118853.77 ,118853.77 ,产值确认单,45251.00 ,118853.77 ,45251.00 ,118853.77 ,45251.00 ,118853.77 ,45289.00 ,0.00 ,,,,,,,,,,,,,,,,,,118853.77 ,,,,,,,,,,,,,,118853.77 ,,,,,,,,,,,,,,,,,,,,,
,,,,,,,,,,,,,,,,,,,,,,,,,,,,2.00 ,本项目取得《建设工程规划许可证》，提交方案至报规阶段设计咨询报告且经甲方确认后2个月内（付款审批流程完成后）。,0.20 ,118853.77 ,118853.77 ,产值确认单,45251.00 ,118853.77 ,45251.00 ,118853.77 ,45251.00 ,118853.77 ,45289.00 ,0.00 ,,,,,,,,,,,,,,,,,,118853.77 ,,,,,,,,,,,,,,118853.77 ,,,,,,,,,,,,,,,,,,,,,
,,,,,,,,,,,,,,,,,,,,,,,,,,,,3.00 ,本项目取得《施工图审查合格书》，提交施工图阶段设计咨询报告及设计缺陷审查要点总结且经甲方确认后2个月内（付款审批流程完成后）。,0.40 ,237707.54 ,237707.54 ,产值确认单,45251.00 ,237707.54 ,45251.00 ,237707.54 ,45251.00 ,237707.54 ,45289.00 ,0.00 ,,,,,,,,,,,,,,,,,,237707.54 ,,,,,,,,,,,,,,237707.54 ,,,,,,,,,,,,,,,,,,,,,
,,,,,,,,,,,,,,,,,,,,,,,,,,,,4.00 ,提交最终版设计咨询总结报告且经甲方确认，本项办理完成结算后2个月内（付款审批流程完成后）。,0.20 ,118853.77 ,-0.01 ,产值确认单,45805.00 ,-0.01 ,45833.00 ,118853.76 ,45833.00 ,118853.76 ,45896.00 ,0.00 ,,,,,,,,,,,,,,,,,,-0.01 ,,,,,,,,,,,,,,,,,,,,,,,,,,,,,,,,,,,
,,,,,,,,,,,,,,,,,,,,,,,,,,,,,,,,118853.77 ,产值确认单,45286.00 ,118853.77 ,45285.00 ,,,,,,,,,,,,,,,,,,,,,,,118853.77 ,,,,,,,,,,,,,,118853.76 ,,,,,,,,,,,,,,,,,,,,,
,,45219.00 ,,,"西派麟悦项目
建设工程设计总包管理服务合同
（精审部分）",CRCCRE-SJ-XM-2023-054,设计总包（自揽精审部分）,,西安国际港务区京港房地产开发有限公司,总建面191699.63㎡,施工图精审1元/㎡,191699.63 ,,,,,,,,191699.63 ,,,,,,,,1.00 ,合同签订且乙方开展精细化审查工作并提供精细化审查意见且经甲方确认后2个月内（付款审批流程完成后）。,0.20 ,38339.93 ,38339.93 ,产值确认单,45251.00 ,38339.93 ,45251.00 ,38339.93 ,45251.00 ,38339.93 ,45289.00 ,0.00 ,,,,,,,,,,,,,,,,,,38339.93 ,,,,,,,,,,,,,,38339.93 ,,,,,,,,,,,,,,,,,,,,,
,,,,,,,,,,,,,,,,,,,,,,,,,,,,2.00 ,本项目取得《施工图审查合格书》，提交施工图精审报告且经甲方确认2个月内（付款审批流程完成后）。,0.60 ,115019.78 ,115019.78 ,产值确认单,45251.00 ,115019.78 ,45251.00 ,115019.78 ,45251.00 ,115019.78 ,45289.00 ,0.00 ,,,,,,,,,,,,,,,,,,115019.78 ,,,,,,,,,,,,,,115019.78 ,,,,,,,,,,,,,,,,,,,,,
,,,,,,,,,,,,,,,,,,,,,,,,,,,,3.00 ,提交最终版精细化审查总结报告且经甲方确认，本项办理完成结算后2个月内（付款审批流程完成后）。,0.20 ,38339.93 ,38339.93 ,产值确认单,45650.00 ,38339.93 ,45650.00 ,38339.93 ,45805.00 ,38339.93 ,45896.00 ,0.00 ,,,,,,,,,,,,,,,,,,38339.93 ,,,,,,,,,,,,,,38339.93 ,,,,,,,,,,,,,,,,,,,,,
,华中,45275.00 ,西安西派玺樾（推广名：西派玺悦）,CRCCRE-DC-XM-2023-028,"西派玺樾小区项目（推广名：西派玺悦项目）
建设工程设计总包管理服务合同
（建筑方案部分）",CRCCRE-SJ-XM-2023-073,设计总包（方案外委）,,西安铁昇房地产开发有限公司,高层地上130500㎡；配套8500㎡；地下57000㎡,高层32元/㎡；配套45元/㎡；地下11元/㎡,5185500.00 ,,,1665000.00 ,1800000.00 ,,,,,350000.00 ,,,,,1370500.00 ,项目管理中心,1.00 ,合同签订并提交第一版概念性方案后，经甲方审核确认后2个月内（付款审批流程完成后）,0.20 ,1037100.00 ,1032868.82 ,产值确认单,45286.00 ,1032868.82 ,45281.00 ,1032868.82 ,45300.00 ,1032868.82 ,45323.00 ,0.00 ,按复函面积修正金额,,,BIM中心23年底向项目管理中心借产值35万元，后续需归还产值；创一向项目管理中心借140万元，创二向项目管理中心借180万元，后续外委成本相应调整至创一、创二，不需归还相应产值,,,,,,,,,400000.00 ,500000.00 ,,,,,110000.00 ,,,,,22868.82 ,,,400000.00 ,500000.00 ,,,,,110000.00 ,,,,,22868.82 ,,,,,,,,,,,,,,,
,,,,,,,,,,,,,,,,,,,,,,,,,,,,2.00 ,方案调整、修改完成经甲方确认后，经甲方审核确认后2个月内（付款审批流程完成后）,0.30 ,1555650.00 ,1549303.23 ,产值确认单,45286.00 ,1549303.23 ,45281.00 ,1549303.23 ,45359.00 ,1549303.23 ,45380.00 ,0.00 ,按复函面积修正金额,,,,,,,,,,,,600000.00 ,800000.00 ,,,,,130000.00 ,,,,,19303.23 ,,,600000.00 ,800000.00 ,,,,,130000.00 ,,,,,19303.23 ,,,,,,,,,,,,,,,
,,,,,,,,,,,,,,,,,,,,,,,,,,,,3.00 ,方案通过政府相关审批（规划复函）后，经甲方审核确认后2个月内（付款审批流程完成后）,0.20 ,1037100.00 ,1032868.82 ,产值确认单,45286.00 ,1032868.82 ,45281.00 ,1032868.82 ,45359.00 ,1032868.82 ,45380.00 ,0.00 ,按复函面积修正金额,,,,,,,,,,,,400000.00 ,500000.00 ,,,,,110000.00 ,,,,,22868.82 ,,,400000.00 ,500000.00 ,,,,,110000.00 ,,,,,22868.82 ,,,,,,,,,,,,,,,
,,,,,,,,,,,,,,,,,,,,,,,,,,,,4.00 ,项目立面二次深化设计图纸完成，并取得《施工图审查合格书》后，经甲方审核确认后2个月内（付款审批流程完成后）,0.25 ,1296375.00 ,1291086.03 ,产值确认单,45649.00 ,1291086.03 ,45649.00 ,1291086.03 ,45973.00 ,1291086.03 ,46021.00 ,0.00 ,,,,,,,,,,,,,265000.00 ,,,,,,,,,,,1026086.03 ,,,265000.00 ,,,,,,,,,,,1026086.03 ,,,,,,,,,,,,,,,
,,,,,,,,,,,,,,,,,,,,,,,,,,,,5.00 ,项目竣工验收合格，本合同办理完成结算后2个月内（付款审批流程完成后）,0.05 ,259275.00 ,0.00 ,,,,,,,0.00 ,,0.00 ,,,,,,,,,,,,,,,,,,,,,,,,,,,,,,,,,,,,,,,,,,,,,,,,,,,,,
,,45275.00 ,,,"西派玺樾小区项目（推广名：西派玺悦项目）
建设工程设计总包管理服务合同
（景观部分）",CRCCRE-SJ-XM-2023-073,设计总包（景观外委）,,西安铁昇房地产开发有限公司,展示区7500㎡；大区40516㎡,展示区45元/㎡；大区34元/㎡,1715044.00 ,,,,,,,,,,,,,,1715044.00 ,项目管理中心,1.00 ,合同签订并提交第一版概念性方案经甲方审核确认后2个月内（付款审批流程完成后）,0.10 ,171504.40 ,171504.40 ,产值确认单,45286.00 ,171504.40 ,45281.00 ,171504.40 ,45300.00 ,171504.40 ,45323.00 ,0.00 ,,,,,,,,,,,,,,,,,,,,,,,,171504.40 ,,,,,,,,,,,,,,171504.40 ,,,,,,,,,,,,,,,
,,,,,,,,,,,,,,,,,,,,,,,,,,,,2.00 ,展示区方案设计成果完成经甲方确认后2个月内（付款审批流程完成后）,展示区-40%,135000.00 ,135000.00 ,产值确认单,45286.00 ,135000.00 ,45281.00 ,135000.00 ,45300.00 ,135000.00 ,45323.00 ,0.00 ,,,,,,,,,,,,,,,,,,,,,,,,135000.00 ,,,,,,,,,,,,,,135000.00 ,,,,,,,,,,,,,,,
,,,,,,,,,,,,,,,,,,,,,,,,,,,,3.00 ,展示区施工图设计成果完成经甲方确认后2个月内（付款审批流程完成后）,展示区-40%,135000.00 ,135000.00 ,产值确认单,45286.00 ,135000.00 ,45281.00 ,135000.00 ,45300.00 ,135000.00 ,45323.00 ,0.00 ,,,,,,,,,,,,,,,,,,,,,,,,135000.00 ,,,,,,,,,,,,,,135000.00 ,,,,,,,,,,,,,,,
,,,,,,,,,,,,,,,,,,,,,,,,,,,,4.00 ,大区概念设计成果经甲方确认后2个月内（付款审批流程完成后）,大区-15%,206631.60 ,206631.60 ,产值确认单,45286.00 ,206631.60 ,45281.00 ,206631.60 ,45300.00 ,206631.60 ,45323.00 ,0.00 ,,,,,,,,,,,,,,,,,,,,,,,,206631.60 ,,,,,,,,,,,,,,206631.60 ,,,,,,,,,,,,,,,
,,,,,,,,,,,,,,,,,,,,,,,,,,,,5.00 ,大区方案设计成果完成经甲方确认后2个月内（付款审批流程完成后）,大区-20%,275508.80 ,275508.80 ,产值确认单,45286.00 ,275508.80 ,45281.00 ,275508.80 ,45359.00 ,275508.80 ,45380.00 ,0.00 ,,,,,,,,,,,,,,,,,,,,,,,,275508.80 ,,,,,,,,,,,,,,275508.80 ,,,,,,,,,,,,,,,
,,,,,,,,,,,,,,,,,,,,,,,,,,,,6.00 ,大区扩初设计成果完成经甲方确认后2个月内（付款审批流程完成后）,大区-15%,206631.60 ,206631.60 ,产值确认单,45432.00 ,206631.60 ,45432.00 ,206631.60 ,45433.00 ,206631.60 ,45470.00 ,0.00 ,,,,,,,,,,,,,,,,,,,,,,,,206631.60 ,,,,,,,,,,,,,,206631.60 ,,,,,,,,,,,,,,,
,,,,,,,,,,,,,,,,,,,,,,,,,,,,7.00 ,大区施工图设计成果完成经甲方确认后2个月内（付款审批流程完成后）,大区25%,344386.00 ,344386.00 ,产值确认单,45649.00 ,344386.00 ,45649.00 ,344386.00 ,45973.00 ,344386.00 ,46021.00 ,0.00 ,,,,,,,,,,,,,,,,,,,,,,,,344386.00 ,,,,,,,,,,,,,,344386.00 ,,,344386.00 ,0.00 ,,,,,,,,,,,
,,,,,,,,,,,,,,,,,,,,,,,,,,,,8.00 ,景观工程竣工验收合格，本合同办理完成结算后2个月内（付款审批流程完成后）,展示区10%，大区15%,240381.60 ,0.00 ,,,,,,,0.00 ,,0.00 ,,,,,,,,,,,,,,,,,,,,,,,,,,,,,,,,,,,,,,,,,,,,,,,,,,,,,
,,45275.00 ,,,"西派玺樾小区项目（推广名：西派玺悦项目）
建设工程设计总包管理服务合同
（精装部分）",CRCCRE-SJ-XM-2023-073,设计总包（精装外委）,,西安铁昇房地产开发有限公司,售楼处650㎡；样板间555㎡；架空层1100㎡；公区首层310㎡；公区标准层68㎡；光厅创新25.8㎡；光厅复制87.6㎡；电梯轿厢1个；公区首层套图890㎡；公区标准层套图；232㎡；配套6100㎡,售楼处1200；样板间1200；架空层500；公区首层800；公区标准层600；光厅创新200；光厅复制120；电梯轿厢15000；公区首层套图420；公区标准层套图；270；配套80,3239912.00 ,,,,,,,,,,,,,,3239912.00 ,项目管理中心,1.00 ,合同签订并提交第一版概念性方案后2个月内（售楼处、样板间、架空层、公区）,0.20 ,647982.40 ,463094.40 ,产值确认单,45286.00 ,463094.40 ,45281.00 ,463094.40 ,45300.00 ,463094.40 ,45323.00 ,0.00 ,,,,,,,,,,,,,,,,,,,,,,,,463094.40 ,,,,,,,,,,,,,,463094.40 ,,,,,,,,,,,,,,,
,,,,,,,,,,,,,,,,,,,,,,,,,,,,,合同签订并提交第一版概念性方案后2个月内（批量精装）,,,87288.00 ,产值确认单,45432.00 ,87288.00 ,45432.00 ,87288.00 ,45433.00 ,87288.00 ,45470.00 ,0.00 ,,,,,,,,,,,,,,,,,,,,,,,,87288.00 ,,,,,,,,,,,,,,87288.00 ,,,,,,,,,,,,,,,
,,,,,,,,,,,,,,,,,,,,,,,,,,,,,合同签订并提交第一版概念性方案后2个月内（公共配套）,,,97600.00 ,产值确认单,45649.00 ,97600.00 ,45649.00 ,97600.00 ,45973.00 ,97600.00 ,46021.00 ,0.00 ,,,,,,,,,,,,,,,,,,,,,,,,97600.00 ,,,,,,,,,,,,,,97600.00 ,,,,,,,,,,,,,,,
,,,,,,,,,,,,,,,,,,,,,,,,,,,,2.00 ,精装概念设计完成经甲方确认后2个月内（售楼处、样板间、架空层、公区）,0.20 ,647982.40 ,463094.40 ,产值确认单,45286.00 ,463094.40 ,45281.00 ,463094.40 ,45300.00 ,463094.40 ,45323.00 ,0.00 ,,,,,,,,,,,,,,,,,,,,,,,,463094.40 ,,,,,,,,,,,,,,463094.40 ,,,,,,,,,,,,,,,
,,,,,,,,,,,,,,,,,,,,,,,,,,,,,精装概念设计完成经甲方确认后2个月内（批量精装）,,,87288.00 ,产值确认单,45432.00 ,87288.00 ,45432.00 ,87288.00 ,45433.00 ,87288.00 ,45470.00 ,0.00 ,,,,,,,,,,,,,,,,,,,,,,,,87288.00 ,,,,,,,,,,,,,,87288.00 ,,,,,,,,,,,,,,,
,,,,,,,,,,,,,,,,,,,,,,,,,,,,,精装概念设计完成经甲方确认后2个月内（公共配套）,,,97600.00 ,产值确认单,45649.00 ,97600.00 ,45649.00 ,97600.00 ,45973.00 ,97600.00 ,46021.00 ,0.00 ,,,,,,,,,,,,,,,,,,,,,,,,97600.00 ,,,,,,,,,,,,,,97600.00 ,,,,,,,,,,,,,,,
,,,,,,,,,,,,,,,,,,,,,,,,,,,,3.00 ,精装方案扩初设计完成经甲方确认后2个月内（售楼处、样板间、架空层、公区除光厅及电梯轿厢部分）,0.20 ,647982.40 ,456960.00 ,产值确认单,45286.00 ,456960.00 ,45281.00 ,456960.00 ,45359.00 ,456960.00 ,45380.00 ,0.00 ,,,,,,,,,,,,,,,,,,,,,,,,456960.00 ,,,,,,,,,,,,,,456960.00 ,,,,,,,,,,,,,,,
,,,,,,,,,,,,,,,,,,,,,,,,,,,,,精装方案扩初设计完成经甲方确认后2个月内（光厅、电梯轿厢、批量精装）,,,87288.00 ,产值确认单,45432.00 ,87288.00 ,45432.00 ,87288.00 ,45433.00 ,87288.00 ,45470.00 ,0.00 ,,,,,,,,,,,,,,,,,,,,,,,,87288.00 ,,,,,,,,,,,,,,87288.00 ,,,,,,,,,,,,,,,
,,,,,,,,,,,,,,,,,,,,,,,,,,,,,精装方案扩初设计完成经甲方确认后2个月内（公共配套）,,,97600.00 ,产值确认单,45649.00 ,97600.00 ,45649.00 ,97600.00 ,45973.00 ,97600.00 ,46021.00 ,0.00 ,,,,,,,,,,,,,,,,,,,,,,,,97600.00 ,,,,,,,,,,,,,,97600.00 ,,,,,,,,,,,,,,,
,,,,,,,,,,,,,,,,,,,,,,,,,,,,4.00 ,精装施工图设计完成经甲方确认后2个月内（付款审批流程完成后）（售楼处、样板间、架空层、公区除光厅及电梯轿厢部分）,0.20 ,647982.40 ,251568.00 ,产值确认单,45432.00 ,251568.00 ,45432.00 ,251568.00 ,45433.00 ,251568.00 ,45470.00 ,0.00 ,,,,,,,,,,,,,,,,,,,,,,,,251568.00 ,,,,,,,,,,,,,,251568.00 ,,,,,,,,,,,,,,,
,,,,,,,,,,,,,,,,,,,,,,,,,,,,,精装施工图设计完成经甲方确认后2个月内（付款审批流程完成后）（批量精装）,,,184888.00 ,产值确认单,45649.00 ,184888.00 ,45649.00 ,,,184888.00 ,46203.00 ,0.00 ,,,,,,,,,,,,,,,,,,,,,,,,184888.00 ,,,,,,,,,,,,,,184888.00 ,,,,,,,,,,,,,,,
,,,,,,,,,,,,,,,,,,,,,,,,,,,,5.00 ,精装修竣工验收合格并经甲方确认后2个月内（付款审批流程完成后）（矩阵售楼处、样板间、公区）,0.20 ,647982.40 ,408679.20 ,产值确认单,45649.00 ,408679.20 ,45649.00 ,408679.20 ,45973.00 ,408679.20 ,46021.00 ,,,,,,,,,,,,,,,,,,,,,,,,,408679.20 ,,,,,,,,,,,,,,408679.20 ,,,,,,,,,,,,,,,
,,,,,,,,,,,,,,,,,,,,,,,,,,,,,精装修竣工验收合格并经甲方确认后2个月内（付款审批流程完成后）,,,0.00 ,,,,,,,0.00 ,,0.00 ,,,,,,,,,,,,,,,,,,,,,,,,,,,,,,,,,,,,,,,,,,,,,,,,,,,,,
,,45275.00 ,,,"西派玺樾小区项目（推广名：西派玺悦项目）
建设工程设计总包管理服务合同
（BIM部分）",CRCCRE-SJ-XM-2023-073,设计总包（自揽BIM部分）,,西安铁昇房地产开发有限公司,地上139000㎡；地下57000㎡,多维8万/项；地上建筑结构建模2元/㎡；地上机电建模2元/㎡；地下建模管综7元/㎡,1035000.00 ,,,170000.00 ,,,,,,655657.72 ,,,,,209342.28 ,,1.00 ,合同签订并提交BIM多维方案汇报成果，经过甲方确认后2个月内（付款审批流程完成后）,0.20 ,207000.00 ,207000.00 ,产值确认单,45287.00 ,207000.00 ,45287.00 ,207000.00 ,45359.00 ,207000.00 ,45380.00 ,0.00 ,,,,,,,,,,,,,75868.46 ,,,,,,131131.54 ,,,,,,,,75868.46 ,,,,,,131131.54 ,,,,,,,,,,,,,,,,,,,,
,,,,,,,,,,,,,,,,,,,,,,,,,,,,2.00 ,提交地上BIM建模成果，经甲方审核确认后2个月内（付款审批流程完成后）,0.30 ,310500.00 ,305527.15 ,产值确认单,45432.00 ,305527.15 ,45432.00 ,305527.15 ,45433.00 ,279936.40 ,45470.00 ,25590.75 ,BIM中心归还项目管理中心196697.31产值，还欠153302.69，面积结算金额减少4972.85,,,,,,,,,,,,18263.08 ,,,,,,,,,,,287264.07 ,,,,,,,,,,,,,,279936.40 ,,,,,,,,,,,,,,,
,,,,,,,,,,,,,,,,,,,,,,,,,,,,,,,,,,,,,,,25590.75 ,45597.00 ,-25590.75 ,,,,,,,,,,,,,,,,,,,,,,,,,,,18263.08 ,,,,,,,,,,,7327.67 ,,,,,,,,,,,,,,,
,,,,,,,,,,,,,,,,,,,,,,,,,,,,3.00 ,提交地下车库及地下室BIM模型且经过甲方确认后2个月内（付款审批流程完成后）,0.20 ,207000.00 ,207000.00 ,产值确认单,45287.00 ,207000.00 ,45287.00 ,207000.00 ,45433.00 ,207000.00 ,45597.00 ,0.00 ,,,,,,,,,,,,,75868.46 ,,,,,,131131.54 ,,,,,,,,75868.46 ,,,,,,131131.54 ,,,,,,,,207000.00 ,0.00 ,,,,,,,,,,,
,,,,,,,,,,,,,,,,,,,,,,,,,,,,4.00 ,乙方根据甲方优化后的施工图纸提交BIM咨询优化报告、完成BIM咨询范围的交底工作且经过甲方确认后2个月内（付款审批流程完成后）,0.25 ,258750.00 ,257766.66 ,产值确认单,45649.00 ,257766.66 ,45649.00 ,257766.66 ,45973.00 ,257766.66 ,46021.00 ,0.00 ,,,,,,,,,,,,,,,,,,,257766.66 ,,,,,,,,,,,,,,257766.66 ,,,,,,,,,,,,,,,,,,,,
,,,,,,,,,,,,,,,,,,,,,,,,,,,,5.00 ,项目竣工验收合格，本合同办理完成结算后2个月内（付款审批流程完成后）,0.05 ,51750.00 ,0.00 ,,,,,,,0.00 ,,0.00 ,,,,,,,,,,,,,,,,,,,,,,,,,,,,,,,,,,,,,,,,,,,,,,,,,,,,,
,,45275.00 ,,,"西派玺樾小区项目（推广名：西派玺悦项目）
建设工程设计总包管理服务合同
（设计咨询部分）",CRCCRE-SJ-XM-2023-073,设计总包（自揽咨询部分）,,西安铁昇房地产开发有限公司,总建面197900㎡,全过程设计咨询4元/㎡,791600.00 ,,,,,,,,791600.00 ,,,,,,,,1.00 ,合同签订且乙方开展设计咨询工作并提供设计咨询优化意见且经甲方确认后2个月内（付款审批流程完成后）,0.20 ,158320.00 ,158320.00 ,产值确认单,45287.00 ,158320.00 ,45287.00 ,158320.00 ,45359.00 ,158320.00 ,45380.00 ,0.00 ,,,,,,,,,,,,,,,,,,158320.00 ,,,,,,,,,,,,,,158320.00 ,,,,,,,,,,,,,,,,,,,,,
,,,,,,,,,,,,,,,,,,,,,,,,,,,,2.00 ,本项目取得《建设工程规划许可证》，提交方案至报规阶段设计咨询报告且经甲方确认后2个月内（付款审批流程完成后）,0.20 ,158320.00 ,158320.00 ,产值确认单,45287.00 ,158320.00 ,45287.00 ,158320.00 ,45433.00 ,158320.00 ,45597.00 ,0.00 ,,,,,,,,,,,,,,,,,,158320.00 ,,,,,,,,,,,,,,158320.00 ,,,,,,,,,158320.00 ,0.00 ,,,,,,,,,,,
,,,,,,,,,,,,,,,,,,,,,,,,,,,,3.00 ,本项目取得《施工图审查合格书》，提交施工图阶段设计咨询报告及设计缺陷审查要点总结且经甲方确认后2个月内（付款审批流程完成后）,0.40 ,316640.00 ,306829.02 ,产值确认单,45432.00 ,306829.02 ,45432.00 ,306829.02 ,45433.00 ,306829.02 ,45597.00 ,0.00 ,面积结算，金额减少9810.98,,,,,,,,,,,,,,,,,306829.02 ,,,,,,,,,,,,,,306829.02 ,,,,,,,,,306829.02 ,0.00 ,,,,,,,,,,,
,,,,,,,,,,,,,,,,,,,,,,,,,,,,4.00 ,提交最终版设计咨询总结报告且经甲方确认，本项办理完成结算后2个月内（付款审批流程完成后）,0.20 ,158320.00 ,156701.66 ,产值确认单,45649.00 ,156701.66 ,45649.00 ,156701.66 ,45855.00 ,156701.66 ,45896.00 ,0.00 ,,,,,,,,,,,,,,,,,,156701.66 ,,,,,,,,,,,,,,156701.66 ,,,,,,,,,,,,,,,,,,,,,
,,45275.00 ,,,"西派玺樾小区项目（推广名：西派玺悦项目）
建设工程设计总包管理服务合同
（精审部分）",CRCCRE-SJ-XM-2023-073,设计总包（自揽精审部分）,,西安铁昇房地产开发有限公司,总建面197900㎡,施工图精审1元/㎡,197900.00 ,,,,,,,,197900.00 ,,,,,,,,1.00 ,合同签订且乙方开展精细化审查工作并提供精细化审查意见且经甲方确认后2个月内（付款审批流程完成后）,0.20 ,39580.00 ,38966.82 ,产值确认单,45432.00 ,38966.82 ,45432.00 ,38966.82 ,45433.00 ,38966.82 ,45597.00 ,0.00 ,,,,,,,,,,,,,,,,,,38966.82 ,,,,,,,,,,,,,,38966.82 ,,,,,,,,,38966.82 ,0.00 ,,,,,,,,,,,
,,,,,,,,,,,,,,,,,,,,,,,,,,,,2.00 ,本项目取得《施工图审查合格书》，提交施工图精审报告且经甲方确认2个月内（付款审批流程完成后）,0.60 ,118740.00 ,116900.44 ,产值确认单,45432.00 ,116900.44 ,45432.00 ,116900.44 ,45433.00 ,116900.44 ,45597.00 ,0.00 ,,,,,,,,,,,,,,,,,,116900.44 ,,,,,,,,,,,,,,116900.44 ,,,,,,,,,116900.44 ,0.00 ,,,,,,,,,,,
,,,,,,,,,,,,,,,,,,,,,,,,,,,,3.00 ,提交最终版精细化审查总结报告且经甲方确认，本项办理完成结算后2个月内（付款审批流程完成后）,0.20 ,39580.00 ,39175.41 ,产值确认单,45649.00 ,39175.41 ,45649.00 ,,,0.00 ,,39175.41 ,,,,,,,,,,,,,,,,,,39175.41 ,,,,,,,,,,,,,,,,,,,,,,,,,,,,,,,,,,,
,华中,45432.00 ,西安井上村DK9地块项目（西派天麓）语,,"西派天麓项目
建设工程设计总包管理服务合同
（建筑方案部分）",CRCCRE-SJ-XM-2024-018,"设计总包
（方案外委）",,西安景悦房地产开发有限公司,高层62487.97㎡；配套公建4711.97㎡；地库25091.08㎡,高层18元/㎡，配套公建30元/㎡，地下8元/㎡,1466871.20 ,,,200000.00 ,,,,,,,,,,,1266871.20 ,项目管理中心,1.00 ,合同签订并提交第一版概念性方案后，经甲方审核确认后2个月内（付款审批流程完成后）,0.20 ,293374.24 ,293374.24 ,产值确认单,45538.00 ,293374.24 ,45538.00 ,293374.24 ,45540.00 ,293374.24 ,45562.00 ,0.00 ,,,,,,,,,,,,,,,,,,,,,,,,293374.24 ,,,,,,,,,,,,,,293374.24 ,,,293374.24 ,0.00 ,,,,,,,,,,,
,,,,,,,,,,,,,,,,,,,,,,,,,,,,2.00 ,方案调整、修改完成经甲方确认后，经甲方审核确认后2个月内（付款审批流程完成后）,0.30 ,440061.36 ,440061.36 ,产值确认单,45538.00 ,440061.36 ,45538.00 ,440061.36 ,45540.00 ,440061.36 ,45562.00 ,0.00 ,,,,,,,,,,,,,,,,,,,,,,,,440061.36 ,,,,,,,,,,,,,,440061.36 ,,,440061.36 ,0.00 ,,,,,,,,,,,
,,,,,,,,,,,,,,,,,,,,,,,,,,,,3.00 ,方案通过政府相关审批（规划复函）后，经甲方审核确认后2个月内（付款审批流程完成后）,0.20 ,293374.24 ,293374.24 ,产值确认单,45538.00 ,293374.24 ,45538.00 ,293374.24 ,45540.00 ,293374.24 ,45562.00 ,0.00 ,,,,,,,,,,,,,,,,,,,,,,,,293374.24 ,,,,,,,,,,,,,,293374.24 ,,,293374.24 ,0.00 ,,,,,,,,,,,
,,,,,,,,,,,,,,,,,,,,,,,,,,,,4.00 ,项目立面二次深化设计图纸完成，并取得《施工图审查合格书》后，经甲方审核确认后2个月内（付款审批流程完成后）,0.25 ,366717.80 ,366717.80 ,产值确认单,45538.00 ,366717.80 ,45538.00 ,366717.80 ,45540.00 ,366717.80 ,45562.00 ,0.00 ,,,,,,,,,,,,,,,,,,,,,,,,366717.80 ,,,,,,,,,,,,,,366717.80 ,,,,,,,,,,,,,,,
,,,,,,,,,,,,,,,,,,,,,,,,,,,,5.00 ,项目竣工验收合格，本合同办理完成结算后2个月内（付款审批流程完成后）,0.05 ,73343.56 ,0.00 ,,,,,,,0.00 ,,0.00 ,,,,,,,,,,,,,,,,,,,,,,,,,,,,,,,,,,,,,,,,,,,,,,,,,,,,,
,,45432.00 ,,,"西派天麓项目
建设工程设计总包管理服务合同
（景观部分）",CRCCRE-SJ-XM-2024-018,"设计总包
（景观外委）",,西安景悦房地产开发有限公司,大区20600㎡,45元/㎡,927000.00 ,,,,,,,,,,,,,,927000.00 ,项目管理中心,1.00 ,合同签订并提交第一版概念性方案经甲方审核确认后2个月内（付款审批流程完成后）,0.10 ,92700.00 ,92700.00 ,产值确认单,45628.00 ,92700.00 ,45628.00 ,92700.00 ,45629.00 ,92700.00 ,45674.00 ,0.00 ,,,,,,,,,,,,,,,,,,,,,,,,92700.00 ,,,,,,,,,,,,,,92700.00 ,,,92700.00 ,0.00 ,,,,,,,,,,,
,,,,,,,,,,,,,,,,,,,,,,,,,,,,2.00 ,大区方案设计成果完成经甲方确认后2个月内（付款审批流程完成后）,0.35 ,324450.00 ,324450.00 ,产值确认单,45628.00 ,324450.00 ,45628.00 ,324450.00 ,45629.00 ,324450.00 ,45674.00 ,0.00 ,,,,,,,,,,,,,,,,,,,,,,,,324450.00 ,,,,,,,,,,,,,,324450.00 ,,,324450.00 ,0.00 ,,,,,,,,,,,
,,,,,,,,,,,,,,,,,,,,,,,,,,,,3.00 ,大区扩初设计成果完成经甲方确认后2个月内（付款审批流程完成后）,0.15 ,139050.00 ,139050.00 ,产值确认单,45628.00 ,139050.00 ,45628.00 ,139050.00 ,45629.00 ,139050.00 ,45674.00 ,0.00 ,,,,,,,,,,,,,,,,,,,,,,,,139050.00 ,,,,,,,,,,,,,,139050.00 ,,,,,,,,,,,,,,,
,,,,,,,,,,,,,,,,,,,,,,,,,,,,4.00 ,大区施工图设计成果完成经甲方确认后2个月内（付款审批流程完成后）,0.25 ,231750.00 ,231750.00 ,产值确认单,45628.00 ,231750.00 ,45628.00 ,231750.00 ,45629.00 ,231750.00 ,45674.00 ,0.00 ,,,,,,,,,,,,,,,,,,,,,,,,231750.00 ,,,,,,,,,,,,,,231750.00 ,,,,,,,,,,,,,,,
,,,,,,,,,,,,,,,,,,,,,,,,,,,,5.00 ,景观工程竣工验收合格，本合同办理完成结算后2个月内（付款审批流程完成后）,0.15 ,139050.00 ,0.00 ,,,,,,,0.00 ,,0.00 ,,,,,,,,,,,,,,,,,,,,,,,,,,,,,,,,,,,,,,,,,,,,,,,,,,,,,
,,45432.00 ,,,"西派天麓项目
建设工程设计总包管理服务合同
（精装部分）",CRCCRE-SJ-XM-2024-018,"设计总包
（精装外委）
展示区、公区部分",,西安景悦房地产开发有限公司,售楼处改造196.82㎡；样板间231.78㎡；公区大堂创新471.80㎡；公区标准层86.20㎡；公区大堂复制350.61㎡；公区套图20.25㎡；地下光厅140.73㎡；电梯轿厢1个,售楼处改造450元/㎡；样板间800元/㎡；公区大堂创新450元/㎡；公区标准层280元/㎡；公区大堂复制200元/㎡；公区套图130元/㎡；地下光厅160元/㎡；电梯轿厢5000元/个,610710.30 ,,,,,,,,,,,,,,610710.30 ,项目管理中心,1.00 ,合同签订并提交第一版概念性方案后2个月内（付款审批流程完成后）,0.20 ,122142.06 ,122142.06 ,产值确认单,45538.00 ,122142.06 ,45538.00 ,122142.06 ,45540.00 ,122142.06 ,45562.00 ,0.00 ,,,,,,,,,,,,,,,,,,,,,,,,122142.06 ,,,,,,,,,,,,,,122142.06 ,,,122142.06 ,0.00 ,,,,,,,,,,,
,,,,,,,,,,,,,,,,,,,,,,,,,,,,2.00 ,精装概念设计完成经甲方确认后2个月内（付款审批流程完成后）,0.20 ,122142.06 ,122142.06 ,产值确认单,45538.00 ,122142.06 ,45538.00 ,122142.06 ,45540.00 ,122142.06 ,45562.00 ,0.00 ,,,,,,,,,,,,,,,,,,,,,,,,122142.06 ,,,,,,,,,,,,,,122142.06 ,,,122142.06 ,0.00 ,,,,,,,,,,,
,,,,,,,,,,,,,,,,,,,,,,,,,,,,3.00 ,精装方案扩初设计完成经甲方确认后2个月内（付款审批流程完成后）,0.20 ,122142.06 ,122142.06 ,产值确认单,45538.00 ,122142.06 ,45538.00 ,122142.06 ,45540.00 ,122142.06 ,45562.00 ,0.00 ,,,,,,,,,,,,,,,,,,,,,,,,122142.06 ,,,,,,,,,,,,,,122142.06 ,,,,,,,,,,,,,,,
,,,,,,,,,,,,,,,,,,,,,,,,,,,,4.00 ,精装施工图设计完成经甲方确认后2个月内（付款审批流程完成后）,0.20 ,122142.06 ,122142.06 ,产值确认单,45538.00 ,122142.06 ,45538.00 ,122142.06 ,45540.00 ,122142.06 ,45562.00 ,0.00 ,,,,,,,,,,,,,,,,,,,,,,,,122142.06 ,,,,,,,,,,,,,,122142.06 ,,,,,,,,,,,,,,,
,,,,,,,,,,,,,,,,,,,,,,,,,,,,5.00 ,精装修竣工验收合格并经甲方确认后2个月内（付款审批流程完成后）售楼处、样板间部分,0.20 ,122142.06 ,54798.60 ,产值确认单,45538.00 ,54798.60 ,45538.00 ,54798.60 ,45540.00 ,54798.60 ,45562.00 ,0.00 ,,,,,,,,,,,,,,,,,,,,,,,,54798.60 ,,,,,,,,,,,,,,54798.60 ,,,,,,,,,,,,,,,
,,,,,,,,,,,,,,,,,,,,,,,,,,,,,精装修竣工验收合格并经甲方确认后2个月内（付款审批流程完成后）公区部分,,,0.00 ,,,,,,,0.00 ,,0.00 ,,,,,,,,,,,,,,,,,,,,,,,,,,,,,,,,,,,,,,,,,,,,,,,,,,,,,
,,,,,,,"设计总包
（精装外委）
配套公建部分",,,配套公建2815㎡,配套公建80元/㎡,225200.00 ,,,,,,,,,,,,,,225200.00 ,项目管理中心,1.00 ,合同签订并提交第一版概念性方案后2个月内（付款审批流程完成后）,0.20 ,45040.00 ,45040.00 ,产值确认单,45744.00 ,45040.00 ,45744.00 ,45040.00 ,45744.00 ,45040.00 ,45777.00 ,0.00 ,,,,,,,,,,,,,,,,,,,,,,,,45040.00 ,,,,,,,,,,,,,,45040.00 ,,,,,,,,,,,,,,,
,,,,,,,,,,,,,,,,,,,,,,,,,,,,2.00 ,精装概念设计完成经甲方确认后2个月内（付款审批流程完成后）,0.20 ,45040.00 ,45040.00 ,产值确认单,45744.00 ,45040.00 ,45744.00 ,45040.00 ,45744.00 ,45040.00 ,45777.00 ,0.00 ,,,,,,,,,,,,,,,,,,,,,,,,45040.00 ,,,,,,,,,,,,,,45040.00 ,,,,,,,,,,,,,,,
,,,,,,,,,,,,,,,,,,,,,,,,,,,,3.00 ,精装方案扩初设计完成经甲方确认后2个月内（付款审批流程完成后）,0.20 ,45040.00 ,45040.00 ,产值确认单,45744.00 ,45040.00 ,45744.00 ,45040.00 ,45744.00 ,45040.00 ,45777.00 ,0.00 ,,,,,,,,,,,,,,,,,,,,,,,,45040.00 ,,,,,,,,,,,,,,45040.00 ,,,,,,,,,,,,,,,
,,,,,,,,,,,,,,,,,,,,,,,,,,,,4.00 ,精装施工图设计完成经甲方确认后2个月内（付款审批流程完成后）,0.20 ,45040.00 ,45040.00 ,产值确认单,45744.00 ,45040.00 ,45744.00 ,45040.00 ,45744.00 ,45040.00 ,45777.00 ,0.00 ,,,,,,,,,,,,,,,,,,,,,,,,45040.00 ,,,,,,,,,,,,,,45040.00 ,,,,,,,,,,,,,,,
,,,,,,,,,,,,,,,,,,,,,,,,,,,,5.00 ,精装修竣工验收合格并经甲方确认后2个月内（付款审批流程完成后）,0.20 ,45040.00 ,0.00 ,,,,,,,0.00 ,,0.00 ,,,,,,,,,,,,,,,,,,,,,,,,,,,,,,,,,,,,,,,,,,,,,,,,,,,,,
,,45432.00 ,,,"西派天麓项目
建设工程设计总包管理服务合同
（BIM部分）",CRCCRE-SJ-XM-2024-018,"设计总包
（自揽BIM部分）",,西安景悦房地产开发有限公司,地上67199.94㎡；地下25091.08㎡,地上建模4元/㎡（仅典型楼栋）；地下管综7元/㎡；多维汇报8万元/项,524437.32 ,,,,,,,,,524437.32 ,,,,,,BIM中心,1.00 ,合同签订并提交BIM多维方案汇报成果，经过甲方确认后2个月内（付款审批流程完成后）,0.20 ,104887.46 ,104887.46 ,产值确认单,45538.00 ,104887.46 ,45538.00 ,104887.46 ,45540.00 ,104887.46 ,45562.00 ,0.00 ,,,,,,,,,,,,,,,,,,,104887.46 ,,,,,,,,,,,,,,104887.46 ,,,,,,,,104887.46 ,0.00 ,,,,,,,,,,,
,,,,,,,,,,,,,,,,,,,,,,,,,,,,2.00 ,提交地下车库及地下室BIM模型且经过甲方确认后2个月内（付款审批流程完成后）,0.30 ,157331.20 ,157331.20 ,产值确认单,45538.00 ,157331.20 ,45538.00 ,157331.20 ,45540.00 ,157331.20 ,45562.00 ,0.00 ,,,,,,,,,,,,,,,,,,,150750.10 ,,,,,6581.10 ,,,,,,,,,150750.10 ,,,,,6581.10 ,,,157331.20 ,0.00 ,,,,,,,,,,,
,,,,,,,,,,,,,,,,,,,,,,,,,,,,3.00 ,提交地上BIM建模成果，经甲方审核确认后2个月内（付款审批流程完成后）,0.20 ,104887.46 ,0.00 ,,,,,,,0.00 ,,0.00 ,,,,,,,,,,,,,,,,,,,,,,,,,,,,,,,,,,,,,,,,,,,,,,,,,,,,,
,,,,,,,,,,,,,,,,,,,,,,,,,,,,4.00 ,乙方根据甲方优化后的施工图纸提交BIM咨询优化报告、完成BIM咨询范围的交底工作且经过甲方确认后2个月内（付款审批流程完成后）,0.25 ,131109.33 ,0.00 ,,,,,,,0.00 ,,0.00 ,,,,,,,,,,,,,,,,,,,,,,,,,,,,,,,,,,,,,,,,,,,,,,,,,,,,,
,,,,,,,,,,,,,,,,,,,,,,,,,,,,5.00 ,项目竣工验收合格，本合同办理完成结算后2个月内（付款审批流程完成后）,0.05 ,26221.87 ,0.00 ,,,,,,,0.00 ,,0.00 ,,,,,,,,,,,,,,,,,,,,,,,,,,,,,,,,,,,,,,,,,,,,,,,,,,,,,
,,45432.00 ,,,"西派天麓项目
建设工程设计总包管理服务合同
（咨询部分）",CRCCRE-SJ-XM-2024-018,"设计总包
（自揽咨询部分）",,西安景悦房地产开发有限公司,92291.02㎡,全过程设计咨询4元/㎡,369164.08 ,,,,,,,,369164.08 ,,,,,,,,1.00 ,合同签订且乙方开展设计咨询工作并提供设计咨询优化意见且经甲方确认后2个月内（付款审批流程完成后）,0.20 ,73832.82 ,73832.82 ,产值确认单,45538.00 ,73832.82 ,45538.00 ,73832.82 ,45540.00 ,73832.82 ,45562.00 ,0.00 ,,,,,,,,,,,,,,,,,,73832.82 ,,,,,,,,,,,,,,73832.82 ,,,,,,,,,73832.82 ,0.00 ,,,,,,,,,,,
,,,,,,,,,,,,,,,,,,,,,,,,,,,,2.00 ,本项目取得《建设工程规划许可证》，提交方案至报规阶段设计咨询报告且经甲方确认后2个月内（付款审批流程完成后）,0.20 ,73832.82 ,73832.82 ,产值确认单,45538.00 ,73832.82 ,45538.00 ,73832.82 ,45540.00 ,73832.82 ,45562.00 ,0.00 ,,,,,,,,,,,,,,,,,,73832.82 ,,,,,,,,,,,,,,73832.82 ,,,,,,,,,73832.82 ,0.00 ,,,,,,,,,,,
,,,,,,,,,,,,,,,,,,,,,,,,,,,,3.00 ,本项目取得《施工图审查合格书》，提交施工图阶段设计咨询报告且经甲方确认后2个月内（付款审批流程完成后）,0.40 ,147665.63 ,147665.63 ,产值确认单,45538.00 ,147665.63 ,45538.00 ,147665.63 ,45540.00 ,147665.63 ,45562.00 ,0.00 ,,,,,,,,,,,,,,,,,,147665.63 ,,,,,,,,,,,,,,147665.63 ,,,,,,,,,,,,,,,,,,,,,
,,,,,,,,,,,,,,,,,,,,,,,,,,,,4.00 ,提交最终版设计咨询总结报告且经甲方确认，本项办理完成结算后2个月内（付款审批流程完成后）,0.20 ,73832.82 ,73832.82 ,预估,46203.00 ,,,,,73832.82 ,46233.00 ,0.00 ,,,,,,,,,,,,,,,,,,73832.82 ,,,,,,,,,,,,,,73832.82 ,,,,,,,,,,,,,,,,,,,,,
,,45432.00 ,,,"西派天麓项目
建设工程设计总包管理服务合同
（精审部分）",CRCCRE-SJ-XM-2024-018,"设计总包
（自揽精审）",,西安景悦房地产开发有限公司,92291.02㎡,施工图精审1元/㎡,92291.02 ,,,,,,,,92291.02 ,,,,,,,,1.00 ,合同签订且乙方开展精细化审查工作并提供精细化审查意见且经甲方确认后2个月内（付款审批流程完成后）,0.20 ,18458.20 ,18458.20 ,产值确认单,45538.00 ,18458.20 ,45538.00 ,18458.20 ,45540.00 ,18458.20 ,45562.00 ,0.00 ,,,,,,,,,,,,,,,,,,18458.20 ,,,,,,,,,,,,,,18458.20 ,,,,,,,,,18458.20 ,0.00 ,,,,,,,,,,,
,,,,,,,,,,,,,,,,,,,,,,,,,,,,2.00 ,本项目取得《施工图审查合格书》，提交施工图精审报告且经甲方确认2个月内（付款审批流程完成后）,0.60 ,55374.61 ,55374.61 ,产值确认单,45538.00 ,55374.61 ,45538.00 ,55374.61 ,45540.00 ,55374.61 ,45562.00 ,0.00 ,,,,,,,,,,,,,,,,,,55374.61 ,,,,,,,,,,,,,,55374.61 ,,,,,,,,,,,,,,,,,,,,,
,,,,,,,,,,,,,,,,,,,,,,,,,,,,3.00 ,提交最终版精细化审查总结报告且经甲方确认，本项办理完成结算后2个月内（付款审批流程完成后）,0.20 ,18458.20 ,0.00 ,,,,,,,0.00 ,,0.00 ,,,,,,,,,,,,,,,,,,,,,,,,,,,,,,,,,,,,,,,,,,,,,,,,,,,,,
,华中,45434.00 ,西安中国铁建·语澜溪项目,,"中国铁建·语澜溪项目
建设工程设计总包管理服务合同
（建筑方案部分）",CRCCRE-SJ-XM-2024-019,"设计总包
（方案外委）",,西安国际港务区港新房地产开发有限公司,总建面153961.00㎡其中高层110996.00㎡；配套4633.00㎡；地下38332.00㎡,高层18.5元/㎡；配套31元/㎡；地下7.5元/㎡,2484539.00 ,,,,,,,,,,,,,,2484539.00 ,项目管理中心,1.00 ,合同签订并提交第一版概念性方案后，经甲方审核确认后2个月内（付款审批流程完成后）,0.20 ,496907.80 ,496909.79 ,产值确认单,45496.00 ,496909.79 ,45496.00 ,496909.79 ,45497.00 ,334800.00 ,45649.00 ,162109.79 ,现金,,,,,,,,,,,,,,,,,,,,,,,334800.00 ,,,,,,,,,,,,,,334800.00 ,,,334800.00 ,0.00 ,,,,,,,,,,,
,,,,,,,,,,,,,,,,,,,,,,,,,,,,,,,,,,,,,,,162109.79 ,45651.00 ,-162109.79 ,,,,,,,,,,,,,40000.00 ,,,,,,,,,,,122109.79 ,,,40000.00 ,,,,,,,,,,,122109.79 ,,,,,,,,,,,,,,,
,,,,,,,,,,,,,,,,,,,,,,,,,,,,2.00 ,方案调整、修改完成经甲方确认后，经甲方审核确认后2个月内（付款审批流程完成后）,0.30 ,745361.70 ,745364.70 ,产值确认单,45496.00 ,745364.70 ,45496.00 ,745364.70 ,45497.00 ,745364.70 ,45651.00 ,0.00 ,,,,,,,,,,,,,60000.00 ,,,,,,,,,,,685364.70 ,,,60000.00 ,,,,,,,,,,,685364.70 ,,,745364.70 ,0.00 ,,,,,,,,,,,
,,,,,,,,,,,,,,,,,,,,,,,,,,,,3.00 ,方案通过政府相关审批（规划复函）后，经甲方审核确认后2个月内（付款审批流程完成后）,0.20 ,496907.80 ,496909.79 ,产值确认单,45496.00 ,496909.79 ,45496.00 ,496909.79 ,45497.00 ,496909.79 ,45651.00 ,0.00 ,,,,,,,,,,,,,40000.00 ,,,,,,,,,,,456909.79 ,,,40000.00 ,,,,,,,,,,,456909.79 ,,,496909.79 ,0.00 ,,,,,,,,,,,
,,,,,,,,,,,,,,,,,,,,,,,,,,,,4.00 ,项目立面二次深化设计图纸完成，并取得《施工图审查合格书》后，经甲方审核确认后2个月内（付款审批流程完成后）,0.25 ,621134.75 ,621137.24 ,产值确认单,45799.00 ,621137.24 ,45799.00 ,621137.24 ,45799.00 ,621137.24 ,46052.00 ,0.00 ,,,,,,,,,,,,,,,,,,,,,,,,621137.24 ,,,,,,,,,,,,,,621137.24 ,,,,,,,,,,,,,,,
,,,,,,,,,,,,,,,,,,,,,,,,,,,,5.00 ,项目竣工验收合格，本合同办理完成结算后2个月内（付款审批流程完成后）,0.05 ,124226.95 ,0.00 ,,,,,,,0.00 ,,0.00 ,,,,,,,,,,,,,,,,,,,,,,,,,,,,,,,,,,,,,,,,,,,,,,,,,,,,,
,,45434.00 ,,,"中国铁建·语澜溪项目
建设工程设计总包管理服务合同
（景观部分）",CRCCRE-SJ-XM-2024-019,"设计总包
（景观外委）",,西安国际港务区港新房地产开发有限公司,展示区6000㎡；大区33000㎡；红线外1100㎡,展示区32元/㎡；大区28元/㎡；红线外14元/㎡,1131400.00 ,,,,,,,,,,,,,,1131400.00 ,项目管理中心,1.00 ,合同签订并提交第一版概念性方案经甲方审核确认后2个月内（付款审批流程完成后）,0.10 ,113140.00 ,113140.00 ,产值确认单,45496.00 ,113140.00 ,45496.00 ,113140.00 ,45497.00 ,113140.00 ,45590.00 ,0.00 ,,,,,,,,,,,,,,,,,,,,,,,,113140.00 ,,,,,,,,,,,,,,113140.00 ,,,113140.00 ,0.00 ,,,,,,,,,,,
,,,,,,,,,,,,,,,,,,,,,,,,,,,,2.00 ,展示区方案设计成果完成经甲方确认后2个月内（付款审批流程完成后）,展示区-40%,76800.00 ,76800.00 ,产值确认单,45496.00 ,76800.00 ,45496.00 ,76800.00 ,45497.00 ,76800.00 ,45590.00 ,0.00 ,,,,,,,,,,,,,,,,,,,,,,,,76800.00 ,,,,,,,,,,,,,,76800.00 ,,,76800.00 ,0.00 ,,,,,,,,,,,
,,,,,,,,,,,,,,,,,,,,,,,,,,,,3.00 ,展示区施工图设计成果完成经甲方确认后2个月内（付款审批流程完成后）,展示区-40%,76800.00 ,76800.00 ,产值确认单,45496.00 ,76800.00 ,45496.00 ,76800.00 ,45497.00 ,76800.00 ,45590.00 ,0.00 ,,,,,,,,,,,,,,,,,,,,,,,,76800.00 ,,,,,,,,,,,,,,76800.00 ,,,76800.00 ,0.00 ,,,,,,,,,,,
,,,,,,,,,,,,,,,,,,,,,,,,,,,,4.00 ,大区概念设计成果经甲方确认后2个月内（付款审批流程完成后）,大区-15%,140910.00 ,140910.00 ,产值确认单,45496.00 ,140910.00 ,45496.00 ,140910.00 ,45497.00 ,140910.00 ,45590.00 ,0.00 ,,,,,,,,,,,,,,,,,,,,,,,,140910.00 ,,,,,,,,,,,,,,140910.00 ,,,140910.00 ,0.00 ,,,,,,,,,,,
,,,,,,,,,,,,,,,,,,,,,,,,,,,,5.00 ,大区方案设计成果完成经甲方确认后2个月内（付款审批流程完成后）,大区-20%,187880.00 ,187880.00 ,产值确认单,45496.00 ,187880.00 ,45496.00 ,187880.00 ,45497.00 ,187880.00 ,45590.00 ,0.00 ,,,,,,,,,,,,,,,,,,,,,,,,187880.00 ,,,,,,,,,,,,,,187880.00 ,,,187880.00 ,0.00 ,,,,,,,,,,,
,,,,,,,,,,,,,,,,,,,,,,,,,,,,6.00 ,大区扩初设计成果完成经甲方确认后2个月内（付款审批流程完成后）,大区-15%,140910.00 ,140910.00 ,产值确认单,45799.00 ,140910.00 ,45799.00 ,140910.00 ,45799.00 ,140910.00 ,46052.00 ,0.00 ,,,,,,,,,,,,,,,,,,,,,,,,140910.00 ,,,,,,,,,,,,,,140910.00 ,,,,,,,,,,,,,,,
,,,,,,,,,,,,,,,,,,,,,,,,,,,,7.00 ,大区施工图设计成果完成经甲方确认后2个月内（付款审批流程完成后）,大区25%,234850.00 ,234850.00 ,产值确认单,45799.00 ,234850.00 ,45799.00 ,234850.00 ,45799.00 ,234850.00 ,46052.00 ,0.00 ,,,,,,,,,,,,,,,,,,,,,,,,234850.00 ,,,,,,,,,,,,,,234850.00 ,,,,,,,,,,,,,,,
,,,,,,,,,,,,,,,,,,,,,,,,,,,,8.00 ,景观工程竣工验收合格，本合同办理完成结算后2个月内（付款审批流程完成后）,展示区10%，大区15%,160110.00 ,0.00 ,,,,,,,0.00 ,,0.00 ,,,,,,,,,,,,,,,,,,,,,,,,,,,,,,,,,,,,,,,,,,,,,,,,,,,,,
,,45434.00 ,,,"中国铁建·语澜溪项目
建设工程设计总包管理服务合同
（精装部分）",CRCCRE-SJ-XM-2024-019,"设计总包
（精装外委）",,西安国际港务区港新房地产开发有限公司,售楼处547.00㎡；样板间334.80㎡；架空层206.30㎡；咖啡馆200㎡；架空层（复制）588.70㎡；公区大堂创新135.20㎡；公区大堂复制382.07㎡；公区大堂套图803.84㎡；公区标准层创新15.20㎡；公区标准层复制18.70㎡；标准层套图54.40㎡；光厅复制123.07㎡；光厅套图142.92㎡；配套3495.15㎡,售楼处1000元/㎡；样板间1250元/㎡；架空层500元/㎡；咖啡馆600元/㎡；架空层（复制）180元/㎡；公区大堂创新420元/㎡；公区大堂复制290元/㎡；公区大堂套图200元/㎡；公区标准层创新360元/㎡；公区标准层复制270元/㎡；标准层套图150元/㎡；光厅复制180元/㎡；光厅套图120元/㎡；配套80元/㎡,1960564.30 ,,,,,,,,,,,,,,1960564.30 ,项目管理中心,1.00 ,合同签订并提交第一版概念性方案后2个月内（付款审批流程完成后）样板间、售楼处、咖啡馆,0.20 ,392112.86 ,217100.00 ,产值确认单,45496.00 ,217100.00 ,45496.00 ,217100.00 ,45497.00 ,217100.00 ,45651.00 ,0.00 ,,,,,,,,,,,,,,,,,,,,,,,,217100.00 ,,,,,,,,,,,,,,217100.00 ,,,217100.00 ,0.00 ,,,,,,,,,,,
,,,,,,,,,,,,,,,,,,,,,,,,,,,,,合同签订并提交第一版概念性方案后2个月内（付款审批流程完成后）,,,175012.86 ,产值确认单,45799.00 ,175012.86 ,45799.00 ,175012.86 ,45799.00 ,175012.86 ,46052.00 ,0.00 ,,,,,,,,,,,,,,,,,,,,,,,,175012.86 ,,,,,,,,,,,,,,175012.86 ,,,,,,,,,,,,,,,
,,,,,,,,,,,,,,,,,,,,,,,,,,,,2.00 ,精装概念设计完成经甲方确认后2个月内（付款审批流程完成后）样板间、售楼处、咖啡馆,0.20 ,392112.86 ,217100.00 ,产值确认单,45496.00 ,217100.00 ,45496.00 ,217100.00 ,45497.00 ,217100.00 ,45651.00 ,0.00 ,,,,,,,,,,,,,,,,,,,,,,,,217100.00 ,,,,,,,,,,,,,,217100.00 ,,,217100.00 ,0.00 ,,,,,,,,,,,
,,,,,,,,,,,,,,,,,,,,,,,,,,,,,精装概念设计完成经甲方确认后2个月内（付款审批流程完成后）,,,175012.86 ,产值确认单,45799.00 ,175012.86 ,45799.00 ,175012.86 ,45799.00 ,175012.86 ,46052.00 ,0.00 ,,,,,,,,,,,,,,,,,,,,,,,,175012.86 ,,,,,,,,,,,,,,175012.86 ,,,,,,,,,,,,,,,
,,,,,,,,,,,,,,,,,,,,,,,,,,,,3.00 ,精装方案扩初设计完成经甲方确认后2个月内（付款审批流程完成后）样板间、售楼处、咖啡馆,0.20 ,392112.86 ,217100.00 ,产值确认单,45496.00 ,217100.00 ,45496.00 ,217100.00 ,45497.00 ,217100.00 ,45651.00 ,0.00 ,,,,,,,,,,,,,,,,,,,,,,,,217100.00 ,,,,,,,,,,,,,,217100.00 ,,,217100.00 ,0.00 ,,,,,,,,,,,
,,,,,,,,,,,,,,,,,,,,,,,,,,,,,精装方案扩初设计完成经甲方确认后2个月内（付款审批流程完成后）,,,175012.86 ,产值确认单,45799.00 ,175012.86 ,45799.00 ,175012.86 ,45799.00 ,175012.86 ,46052.00 ,0.00 ,,,,,,,,,,,,,,,,,,,,,,,,175012.86 ,,,,,,,,,,,,,,175012.86 ,,,,,,,,,,,,,,,
,,,,,,,,,,,,,,,,,,,,,,,,,,,,4.00 ,精装施工图设计完成经甲方确认后2个月内（付款审批流程完成后）样板间、售楼处、咖啡馆,0.20 ,392112.86 ,217100.00 ,产值确认单,45496.00 ,217100.00 ,45496.00 ,217100.00 ,45497.00 ,217100.00 ,45651.00 ,0.00 ,,,,,,,,,,,,,,,,,,,,,,,,217100.00 ,,,,,,,,,,,,,,217100.00 ,,,217100.00 ,0.00 ,,,,,,,,,,,
,,,,,,,,,,,,,,,,,,,,,,,,,,,,,精装施工图设计完成经甲方确认后2个月内（付款审批流程完成后）,,,175012.86 ,预估,46172.00 ,,,,,175012.86 ,46203.00 ,0.00 ,,,,,,,,,,,,,,,,,,,,,,,,175012.86 ,,,,,,,,,,,,,,175012.86 ,,,,,,,,,,,,,,,
,,,,,,,,,,,,,,,,,,,,,,,,,,,,5.00 ,精装修竣工验收合格并经甲方确认后2个月内（付款审批流程完成后）,0.20 ,392112.86 ,0.00 ,,,,,,,0.00 ,,0.00 ,,,,,,,,,,,,,,,,,,,,,,,,,,,,,,,,,,,,,,,,,,,,,,,,,,,,,
,,45434.00 ,,,"中国铁建·语澜溪项目
建设工程设计总包管理服务合同
（BIM部分）",CRCCRE-SJ-XM-2024-019,"设计总包
（自揽BIM）",,西安国际港务区港新房地产开发有限公司,地上115629.00㎡；地下38332.00㎡,地上4元/㎡；地下7元/㎡；多维8万,810840.00 ,,,,,,,,,810840.00 ,,,,,,,1.00 ,合同签订并提交BIM多维方案汇报成果，经过甲方确认后2个月内（付款审批流程完成后）,0.20 ,162168.00 ,162168.00 ,产值确认单,45496.00 ,162168.00 ,45496.00 ,162168.00 ,45497.00 ,162168.00 ,45651.00 ,0.00 ,,,,,,,,,,,,,,,,,,,69664.80 ,,,,,92503.20 ,,,,,,,,,69664.80 ,,,,,92503.20 ,,,162168.00 ,0.00 ,,,,,,,,,,,
,,,,,,,,,,,,,,,,,,,,,,,,,,,,2.00 ,提交地下车库及地下室BIM模型且经过甲方确认后2个月内（付款审批流程完成后）,0.30 ,243252.00 ,243252.00 ,产值确认单,45496.00 ,243252.00 ,45496.00 ,243252.00 ,45497.00 ,243252.00 ,45651.00 ,0.00 ,,,,,,,,,,,,,,,,,,,104497.20 ,,,,,138754.80 ,,,,,,,,,104497.20 ,,,,,138754.80 ,,,243252.00 ,0.00 ,,,,,,,,,,,
,,,,,,,,,,,,,,,,,,,,,,,,,,,,3.00 ,提交地上BIM建模成果，经甲方审核确认后2个月内（付款审批流程完成后）,0.20 ,162168.00 ,162168.00 ,产值确认单,45799.00 ,162168.00 ,45799.00 ,162168.00 ,45799.00 ,162168.00 ,46052.00 ,0.00 ,,,,,,,,,,,,,,,,,,,,,,,,162168.00 ,,,,,,,,,,,,,,162168.00 ,,,,,,,,,,,,,,,
,,,,,,,,,,,,,,,,,,,,,,,,,,,,4.00 ,乙方根据甲方优化后的施工图纸提交BIM咨询优化报告、完成BIM咨询范围的交底工作且经过甲方确认后2个月内（付款审批流程完成后）,0.25 ,202710.00 ,202710.00 ,产值确认单,45799.00 ,202710.00 ,45799.00 ,202710.00 ,45799.00 ,202710.00 ,46052.00 ,0.00 ,,,,,,,,,,,,,,,,,,,,,,,,202710.00 ,,,,,,,,,,,,,,202710.00 ,,,,,,,,,,,,,,,
,,,,,,,,,,,,,,,,,,,,,,,,,,,,5.00 ,项目竣工验收合格，本合同办理完成结算后2个月内（付款审批流程完成后）,0.05 ,40542.00 ,0.00 ,,,,,,,0.00 ,,0.00 ,,,,,,,,,,,,,,,,,,,,,,,,,,,,,,,,,,,,,,,,,,,,,,,,,,,,,
,,45434.00 ,,,"中国铁建·语澜溪项目
建设工程设计总包管理服务合同
（咨询部分）",CRCCRE-SJ-XM-2024-019,"设计总包
（自揽咨询）",,西安国际港务区港新房地产开发有限公司,153961.00㎡,全过程咨询4元/㎡,615844.00 ,,,,,,,,615844.00 ,,,,,,,,1.00 ,合同签订且乙方开展设计咨询工作并提供设计咨询优化意见且经甲方确认后2个月内（付款审批流程完成后）,0.20 ,123168.80 ,123169.69 ,产值确认单,45496.00 ,123169.69 ,45496.00 ,123169.69 ,45497.00 ,123169.69 ,45651.00 ,0.00 ,,,,,,,,,,,,,,,,,,123169.69 ,,,,,,,,,,,,,,123169.69 ,,,,,,,,,123169.69 ,0.00 ,,,,,,,,,,,
,,,,,,,,,,,,,,,,,,,,,,,,,,,,2.00 ,本项目取得《建设工程规划许可证》，提交方案至报规阶段设计咨询报告且经甲方确认后2个月内（付款审批流程完成后）,0.20 ,123168.80 ,123169.69 ,产值确认单,45496.00 ,123169.69 ,45496.00 ,123169.69 ,45497.00 ,123169.69 ,45651.00 ,0.00 ,,,,,,,,,,,,,,,,,,123169.69 ,,,,,,,,,,,,,,123169.69 ,,,,,,,,,123169.69 ,0.00 ,,,,,,,,,,,
,,,,,,,,,,,,,,,,,,,,,,,,,,,,3.00 ,本项目取得《施工图审查合格书》，提交施工图阶段设计咨询报告且经甲方确认后2个月内（付款审批流程完成后）,0.40 ,246337.60 ,246339.37 ,产值确认单,45496.00 ,246339.37 ,45496.00 ,246339.37 ,45497.00 ,246339.37 ,45651.00 ,0.00 ,,,,,,,,,,,,,,,,,,246339.37 ,,,,,,,,,,,,,,246339.37 ,,,,,,,,,246339.37 ,0.00 ,,,,,,,,,,,
,,,,,,,,,,,,,,,,,,,,,,,,,,,,4.00 ,提交最终版设计咨询总结报告且经甲方确认，本项办理完成结算后2个月内（付款审批流程完成后）,0.20 ,123168.80 ,123169.69 ,产值确认单,45649.00 ,123169.69 ,45649.00 ,,,123168.80 ,46052.00 ,0.89 ,,,,,,,,,,,,,,,,,,123169.69 ,,,,,,,,,,,,,,123168.80 ,,,,,,,,,,,,,,,,,,,,,
,,45434.00 ,,,"中国铁建·语澜溪项目
建设工程设计总包管理服务合同
（精审部分）",CRCCRE-SJ-XM-2024-019,"设计总包
（自揽精审）",,西安国际港务区港新房地产开发有限公司,153961.00㎡,施工图精审1元/㎡,153961.00 ,,,,,,,,153961.00 ,,,,,,,,1.00 ,合同签订且乙方开展精细化审查工作并提供精细化审查意见且经甲方确认后2个月内（付款审批流程完成后）,0.20 ,30792.20 ,30792.20 ,产值确认单,45496.00 ,30792.20 ,45496.00 ,30792.20 ,45497.00 ,30792.20 ,45651.00 ,0.00 ,,,,,,,,,,,,,,,,,,30792.20 ,,,,,,,,,,,,,,30792.20 ,,,,,,,,,30792.20 ,0.00 ,,,,,,,,,,,
,,,,,,,,,,,,,,,,,,,,,,,,,,,,2.00 ,本项目取得《施工图审查合格书》，提交施工图精审报告且经甲方确认2个月内（付款审批流程完成后）,0.60 ,92376.60 ,92377.49 ,产值确认单,45649.00 ,92377.49 ,45649.00 ,92377.49 ,45799.00 ,92376.60 ,46052.00 ,0.89 ,,,,,,,,,,,,,,,,,,92377.49 ,,,,,,,,,,,,,,92376.60 ,,,,,,,,,92376.60 ,0.00 ,,,,,,,,,,,
,,,,,,,,,,,,,,,,,,,,,,,,,,,,3.00 ,提交最终版精细化审查总结报告且经甲方确认，本项办理完成结算后2个月内（付款审批流程完成后）,0.20 ,30792.20 ,0.00 ,,,,,,,0.00 ,,0.00 ,,,,,,,,,,,,,,,,,,,,,,,,,,,,,,,,,,,,,,,,,,,,,,,,,,,,,
,华中,45477.00 ,"西安井上村DK8地块项目（商办）
（西派天峰中心）",,"西派天峰中心项目建设工程设计总包管理服务合同
（景观部分）",CECCRE-SJ-XM-2024-029,"设计总包
（景观外委）",CRCCRE-HZ-XAJX-XAQJJSCDKXM-KF.QQ.02.02-2024-001,西安景信房地产开发有限公司,大区18480.50㎡；红线外965㎡,红线外25元/㎡，大区60元/㎡,1132955.00 ,,,,,,,,,,,,,,1132955.00 ,项目管理中心,1.00 ,合同签订并提交第一版概念性方案经甲方审核确认后2个月内（付款审批流程完成后）,0.10 ,113295.50 ,113295.50 ,产值确认单,45628.00 ,113295.50 ,45628.00 ,113295.50 ,45629.00 ,113295.50 ,45650.00 ,0.00 ,,,,,,,,,,,,,,,,,,,,,,,,113295.50 ,,,,,,,,,,,,,,113295.50 ,,,,,,,,,,,,,,,
,,,,,,,,,,,,,,,,,,,,,,,,,,,,2.00 ,大区方案设计成果完成经甲方确认后2个月内（付款审批流程完成后）,0.35 ,396534.25 ,396534.25 ,产值确认单,45628.00 ,396534.25 ,45628.00 ,396534.25 ,45629.00 ,396534.25 ,45650.00 ,0.00 ,,,,,,,,,,,,,,,,,,,,,,,,396534.25 ,,,,,,,,,,,,,,396534.25 ,,,,,,,,,,,,,,,
,,,,,,,,,,,,,,,,,,,,,,,,,,,,3.00 ,大区扩初设计成果完成经甲方确认后2个月内（付款审批流程完成后）,0.15 ,169943.25 ,169943.25 ,产值确认单,45764.00 ,169943.25 ,45764.00 ,169943.25 ,45764.00 ,169943.25 ,45835.00 ,0.00 ,,,,,,,,,,,,,,,,,,,,,,,,169943.25 ,,,,,,,,,,,,,,169943.25 ,,,,,,,,,,,,,,,
,,,,,,,,,,,,,,,,,,,,,,,,,,,,4.00 ,大区施工图设计成果完成经甲方确认后2个月内（付款审批流程完成后）,0.25 ,283238.75 ,283238.75 ,产值确认单,45833.00 ,283238.75 ,45833.00 ,283238.75 ,45838.00 ,283238.75 ,45867.00 ,0.00 ,,,,,,,,,,,,,,,,,,,,,,,,283238.75 ,,,,,,,,,,,,,,283238.75 ,,,,,,,,,,,,,,,
,,,,,,,,,,,,,,,,,,,,,,,,,,,,5.00 ,景观工程竣工验收合格，本合同办理完成结算后2个月内（付款审批流程完成后）,0.15 ,169943.25 ,0.00 ,,,,,,,0.00 ,,0.00 ,,,,,,,,,,,,,,,,,,,,,,,,,,,,,,,,,,,,,,,,,,,,,,,,,,,,,
,,,,,"西派天峰中心项目建设工程设计总包管理服务合同
（精装部分）",CECCRE-SJ-XM-2024-029,"设计总包
（精装外委）",CRCCRE-HZ-XAJX-XAQJJSCDKXM-KF.QQ.02.02-2024-001,西安景信房地产开发有限公司,售楼处前场1152.09㎡,售楼处前场900元/㎡,1036881.00 ,,,,,,,,,,,,,,1036881.00 ,项目管理中心,1.00 ,合同签订并提交第一版概念性方案后2个月内（付款审批流程完成后）。,0.20 ,207376.20 ,207376.20 ,产值确认单,45628.00 ,207376.20 ,45628.00 ,207376.20 ,45629.00 ,207376.20 ,45650.00 ,0.00 ,,,,,,,,,,,,,,,,,,,,,,,,207376.20 ,,,,,,,,,,,,,,207376.20 ,,,,,,,,,,,,,,,
,,,,,,,,,,,,,,,,,,,,,,,,,,,,2.00 ,精装概念设计完成经甲方确认后2个月内（付款审批流程完成后）。,0.20 ,207376.20 ,207376.20 ,产值确认单,45628.00 ,207376.20 ,45628.00 ,207376.20 ,45629.00 ,207376.20 ,45650.00 ,0.00 ,,,,,,,,,,,,,,,,,,,,,,,,207376.20 ,,,,,,,,,,,,,,207376.20 ,,,,,,,,,,,,,,,
,,,,,,,,,,,,,,,,,,,,,,,,,,,,3.00 ,精装方案扩初设计完成经甲方确认后2个月内（付款审批流程完成后）。,0.20 ,207376.20 ,207376.20 ,产值确认单,45628.00 ,207376.20 ,45628.00 ,207376.20 ,45629.00 ,207376.20 ,45650.00 ,0.00 ,,,,,,,,,,,,,,,,,,,,,,,,207376.20 ,,,,,,,,,,,,,,207376.20 ,,,,,,,,,,,,,,,
,,,,,,,,,,,,,,,,,,,,,,,,,,,,4.00 ,精装施工图设计完成经甲方确认后2个月内（付款审批流程完成后）。,0.20 ,207376.20 ,207376.20 ,产值确认单,45628.00 ,207376.20 ,45628.00 ,207376.20 ,45629.00 ,207376.20 ,45650.00 ,0.00 ,,,,,,,,,,,,,,,,,,,,,,,,207376.20 ,,,,,,,,,,,,,,207376.20 ,,,,,,,,,,,,,,,
,,,,,,,,,,,,,,,,,,,,,,,,,,,,5.00 ,精装修竣工验收合格并经甲方确认后2个月内（付款审批流程完成后）。,0.20 ,207376.20 ,207376.20 ,产值确认单,45764.00 ,207376.20 ,45764.00 ,207376.20 ,45764.00 ,207376.20 ,45835.00 ,0.00 ,,,,,,,,,,,,,,,,,,,,,,,,207376.20 ,,,,,,,,,,,,,,207376.20 ,,,,,,,,,,,,,,,
,,,,,"西派天峰中心项目建设工程设计总包管理服务合同
（BIM部分）",CECCRE-SJ-XM-2024-029,"设计总包
（自揽BIM）",CRCCRE-HZ-XAJX-XAQJJSCDKXM-KF.QQ.02.02-2024-001,西安景信房地产开发有限公司,,10元/㎡,1147644.20 ,,,,,,,,,296514.20 ,,,,,851130.00 ,项目管理中心,1.00 ,合同签订并提交BIM多维方案汇报成果，经过甲方确认后2个月内（付款审批流程完成后）。,0.20 ,229528.84 ,229528.84 ,产值确认单,45653.00 ,229528.84 ,45653.00 ,229528.84 ,45764.00 ,229528.84 ,45835.00 ,0.00 ,,,,,,,,,,,,,,,,,,,229528.84 ,,,,,,,,,,,,,,229528.84 ,,,,,,,,,,,,,,,,,,,,
,,,,,,,,,,,,,,,,,,,,,,,,,,,,2.00 ,提交地下车库及地下室BIM模型且经过甲方确认后2个月内（付款审批流程完成后）。,0.20 ,229528.84 ,61054.56 ,产值确认单,45653.00 ,61054.56 ,45653.00 ,,,61054.56 ,,0.00 ,,,,,,,,,,,,,,,,,,,61054.56 ,,,,,,,,,,,,,,61054.56 ,,,,,,,,,,,,,,,,,,,,
,,,,,,,,,,,,,,,,,,,,,,,,,,,,,,,,0.00 ,,,,,,,,,,,,,,,,,,,,,,,,,,,,,,,,,,,,,,,,,,,,,,,,,,,,,,,,,,,,,,
,,,,,,,,,,,,,,,,,,,,,,,,,,,,3.00 ,提交地上BIM建模成果，经甲方审核确认后2个月内（付款审批流程完成后）,0.30 ,344293.26 ,0.00 ,,,,,,,0.00 ,,0.00 ,,,,,,,,,,,,,,,,,,,,,,,,,,,,,,,,,,,,,,,,,,,,,,,,,,,,,
,,,,,,,,,,,,,,,,,,,,,,,,,,,,4.00 ,乙方根据甲方优化后的施工图纸提交BIM咨询优化报告、完成BIM咨询范围的交底工作且经过甲方确认后2个月内（付款审批流程完成后）。,0.25 ,286911.05 ,0.00 ,,,,,,,0.00 ,,0.00 ,,,,,,,,,,,,,,,,,,,,,,,,,,,,,,,,,,,,,,,,,,,,,,,,,,,,,
,,,,,,,,,,,,,,,,,,,,,,,,,,,,5.00 ,项目竣工验收合格，本合同办理完成结算后2个月内（付款审批流程完成后）,0.05 ,57382.21 ,0.00 ,,,,,,,0.00 ,,0.00 ,,,,,,,,,,,,,,,,,,,,,,,,,,,,,,,,,,,,,,,,,,,,,,,,,,,,,
,,,,,"西派天峰中心项目建设工程设计总包管理服务合同
（咨询部分）",CECCRE-SJ-XM-2024-029,"设计总包
（自揽咨询）",CRCCRE-HZ-XAJX-XAQJJSCDKXM-KF.QQ.02.02-2024-001,西安景信房地产开发有限公司,114764.42㎡,4元/㎡,459057.68 ,,,,,,,,459057.68 ,,,,,,,,1.00 ,合同签订且乙方开展设计咨询工作并提供设计咨询优化意见且经甲方确认后2个月内（付款审批流程完成后）。,0.20 ,91811.54 ,91811.54 ,产值确认单,45628.00 ,91811.54 ,45628.00 ,91811.54 ,45629.00 ,91811.54 ,45650.00 ,0.00 ,,,,,,,,,,,,,,,,,,91811.54 ,,,,,,,,,,,,,,91811.54 ,,,,,,,,,,,,,,,,,,,,,
,,,,,,,,,,,,,,,,,,,,,,,,,,,,2.00 ,本项目取得《建设工程规划许可证》，提交方案至报规阶段设计咨询报告且经甲方确认后2个月内（付款审批流程完成后）。,0.20 ,91811.54 ,91811.54 ,产值确认单,45833.00 ,91811.54 ,45833.00 ,91811.54 ,45838.00 ,91811.54 ,45867.00 ,0.00 ,,,,,,,,,,,,,,,,,,91811.54 ,,,,,,,,,,,,,,91811.54 ,,,,,,,,,,,,,,,,,,,,,
,,,,,,,,,,,,,,,,,,,,,,,,,,,,3.00 ,本项目取得《施工图审查合格书》，提交施工图阶段设计咨询报告且经甲方确认后2个月内（付款审批流程完成后）。,0.40 ,183623.07 ,183623.07 ,产值确认单,45833.00 ,183623.07 ,45833.00 ,183623.07 ,45838.00 ,183623.07 ,45867.00 ,0.00 ,,,,,,,,,,,,,,,,,,183623.07 ,,,,,,,,,,,,,,183623.07 ,,,,,,,,,,,,,,,,,,,,,
,,,,,,,,,,,,,,,,,,,,,,,,,,,,4.00 ,提交最终版设计咨询总结报告且经甲方确认，本项办理完成结算后2个月内（付款审批流程完成后）。,0.20 ,91811.54 ,0.00 ,,,,,,,0.00 ,,0.00 ,,,,,,,,,,,,,,,,,,,,,,,,,,,,,,,,,,,,,,,,,,,,,,,,,,,,,
,,,,,"西派天峰中心项目建设工程设计总包管理服务合同
（精审部分）",CECCRE-SJ-XM-2024-029,"设计总包
（自揽精审）",CRCCRE-HZ-XAJX-XAQJJSCDKXM-KF.QQ.02.02-2024-001,西安景信房地产开发有限公司,114764.42㎡,1元/㎡,114764.42 ,,,,,,,,114764.42 ,,,,,,,,1.00 ,合同签订且乙方开展精细化审查工作并提供精细化审查意见且经甲方确认后2个月内（付款审批流程完成后）。,0.20 ,22952.88 ,22952.88 ,产值确认单,45628.00 ,22952.88 ,45628.00 ,22952.88 ,45629.00 ,22952.88 ,45650.00 ,0.00 ,,,,,,,,,,,,,,,,,,22952.88 ,,,,,,,,,,,,,,22952.88 ,,,,,,,,,,,,,,,,,,,,,
,,,,,,,,,,,,,,,,,,,,,,,,,,,,2.00 ,本项目取得《施工图审查合格书》，提交施工图精审报告且经甲方确认2个月内（付款审批流程完成后）。,0.60 ,68858.65 ,68858.65 ,产值确认单,45833.00 ,68858.65 ,45833.00 ,68858.65 ,45838.00 ,68858.65 ,45867.00 ,0.00 ,,,,,,,,,,,,,,,,,,68858.65 ,,,,,,,,,,,,,,68858.65 ,,,,,,,,,,,,,,,,,,,,,
,,,,,,,,,,,,,,,,,,,,,,,,,,,,3.00 ,提交最终版精细化审查总结报告且经甲方确认，本项办理完成结算后2个月内（付款审批流程完成后）。,0.20 ,22952.88 ,0.00 ,,,,,,,0.00 ,,0.00 ,,,,,,,,,,,,,,,,,,,,,,,,,,,,,,,,,,,,,,,,,,,,,,,,,,,,,
,,,,,"西派天峰中心项目建设工程设计总包管理服务合同
（专项部分）",CECCRE-SJ-XM-2024-029,"设计总包
（交通专项外委部分）",CRCCRE-HZ-XAJX-XAQJJSCDKXM-KF.QQ.02.02-2024-001,西安景信房地产开发有限公司,/,360000/项,360000.00 ,,,,,,,,,,,,,,360000.00 ,项目管理中心,1.00 ,合同签订且乙方开展前期现场交通考察调研及项目交通分析预测工作后。,0.30 ,108000.00 ,108000.00 ,产值确认单,45628.00 ,108000.00 ,45628.00 ,108000.00 ,45629.00 ,108000.00 ,45650.00 ,0.00 ,,,,,,,,,,,,,,,,,,,,,,,,108000.00 ,,,,,,,,,,,,,,108000.00 ,,,,,,,,,,,,,,,
,,,,,,,,,,,,,,,,,,,,,,,,,,,,2.00 ,乙方提交《项目总体回顾和方案设计阶段的交通评议和优化建议》汇报文件初稿且经甲方确认后2个月内。,0.40 ,144000.00 ,144000.00 ,产值确认单,45833.00 ,144000.00 ,45833.00 ,144000.00 ,45838.00 ,144000.00 ,45867.00 ,0.00 ,,,,,,,,,,,,,,,,,,,,,,,,144000.00 ,,,,,,,,,,,,,,144000.00 ,,,,,,,,,,,,,,,
,,,,,,,,,,,,,,,,,,,,,,,,,,,,3.00 ,乙方提交《项目总体回顾和方案设计阶段的交通评议和优化建议》汇报文件终稿且经甲方确认后2个月内。,0.15 ,54000.00 ,54000.00 ,产值确认单,45833.00 ,54000.00 ,45833.00 ,54000.00 ,45838.00 ,54000.00 ,45867.00 ,0.00 ,,,,,,,,,,,,,,,,,,,,,,,,54000.00 ,,,,,,,,,,,,,,54000.00 ,,,,,,,,,,,,,,,
,,,,,,,,,,,,,,,,,,,,,,,,,,,,4.00 ,乙方提交《项目施工图设计阶段对内交通审核》汇报文件且经甲方确认后2个月内。,0.15 ,54000.00 ,0.00 ,,,,,,,0.00 ,,0.00 ,,,,,,,,,,,,,,,,,,,,,,,,,,,,,,,,,,,,,,,,,,,,,,,,,,,,,
,华中,45499.00 ,西安井上村DK8地块项目（西派天著）,,"西派天著项目建设工程设计总包管理服务合同
（景观部分）",CRCCRE-SJ-XM-2024-031,"设计总包
（景观外委）",CRCCRE-HZ-XAJX-XAQJJSCDKXM-KF.QQ.02.02-2024-002,西安景信房地产开发有限公司,展示区6000㎡，大区53252.90㎡,展示区60，大区45,2756380.50 ,,,,,,,,,,,,,,2756380.50 ,项目管理中心,1.00 ,合同签订并提交第一版概念性方案经甲方审核确认后2个月内（付款审批流程完成后）,0.10 ,275638.05 ,275638.05 ,产值确认单,45628.00 ,275638.05 ,45628.00 ,275638.05 ,45629.00 ,275638.05 ,45651.00 ,0.00 ,,,,,,,,,,,,,,,,,,,,,,,,275638.05 ,,,,,,,,,,,,,,275638.05 ,,,,,,,,,,,,,,,
,,,,,,,,,,,,,,,,,,,,,,,,,,,,2.00 ,大区方案设计成果完成经甲方确认后2个月内（付款审批流程完成后）,0.35 ,964733.18 ,964733.18 ,产值确认单,45628.00 ,964733.18 ,45628.00 ,964733.18 ,45629.00 ,964733.18 ,45651.00 ,0.00 ,,,,,,,,,,,,,,,,,,,,,,,,964733.18 ,,,,,,,,,,,,,,964733.18 ,,,,,,,,,,,,,,,
,,,,,,,,,,,,,,,,,,,,,,,,,,,,3.00 ,展示区扩初设计成果完成经甲方确认后2个月内（付款审批流程完成后）,0.15 ,413457.08 ,54000.00 ,产值确认单,45628.00 ,54000.00 ,45628.00 ,54000.00 ,45629.00 ,54000.00 ,45651.00 ,0.00 ,,,,,,,,,,,,,,,,,,,,,,,,54000.00 ,,,,,,,,,,,,,,54000.00 ,,,,,,,,,,,,,,,
,,,,,,,,,,,,,,,,,,,,,,,,,,,,,大区扩初设计成果完成经甲方确认后2个月内（付款审批流程完成后）,,,359457.08 ,产值确认单,45727.00 ,359457.08 ,45727.00 ,359457.08 ,45744.00 ,359457.08 ,45804.00 ,0.00 ,,,,,,,,,,,,,,,,,,,,,,,,359457.08 ,,,,,,,,,,,,,,359457.08 ,,,,,,,,,,,,,,,
,,,,,,,,,,,,,,,,,,,,,,,,,,,,4.00 ,展示区施工图设计成果完成经甲方确认后2个月内（付款审批流程完成后）,0.25 ,689095.13 ,90000.00 ,产值确认单,45628.00 ,90000.00 ,45628.00 ,90000.00 ,45629.00 ,90000.00 ,45651.00 ,0.00 ,,,,,,,,,,,,,,,,,,,,,,,,90000.00 ,,,,,,,,,,,,,,90000.00 ,,,,,,,,,,,,,,,
,,,,,,,,,,,,,,,,,,,,,,,,,,,,,大区施工图设计成果完成经甲方确认后2个月内（付款审批流程完成后）,,,599095.13 ,预估,46052.00 ,,,,,599095.13 ,46078.00 ,0.00 ,,,,,,,,,,,,,,,,,,,,,,,,599095.13 ,,,,,,,,,,,,,,599095.13 ,,,,,,,,,,,,,,,
,,,,,,,,,,,,,,,,,,,,,,,,,,,,5.00 ,景观工程竣工验收合格，本合同办理完成结算后2个月内（付款审批流程完成后）,0.15 ,413457.08 ,0.00 ,,,,,,,0.00 ,,0.00 ,,,,,,,,,,,,,,,,,,,,,,,,,,,,,,,,,,,,,,,,,,,,,,,,,,,,,
,,,,,"西派天著项目建设工程设计总包管理服务合同
（精装部分）",CRCCRE-SJ-XM-2024-031,"设计总包
（精装外委）",CRCCRE-HZ-XAJX-XAQJJSCDKXM-KF.QQ.02.02-2024-002,西安景信房地产开发有限公司,样板间443㎡；配套公建7177.75㎡；首层大堂（创新）339.06㎡；首层大堂（复制）59.68㎡；首层大堂（套图）1934.37㎡；标准层（创新）19.35㎡；标准层（套图）37.71㎡；架空层（创新）736.20㎡；电梯轿厢1个；地下落客区光厅（复制）1107.56㎡；地下落客区光厅（套图）230.33㎡,样板间1200；配套公建80；首层大堂（创新）420；首层大堂（复制）290；首层大堂（套图）200；标准层（创新）360；标准层（套图）150；架空层（创新）320；电梯轿厢6000；地下落客区光厅（复制）180；地下落客区光厅（套图）120,2133613.30 ,,,,,,,,,,,,,,2133613.30 ,项目管理中心,1.00 ,合同签订并提交第一版概念性方案后2个月内（付款审批流程完成后）。,0.20 ,426722.66 ,320402.66 ,产值确认单,45628.00 ,320402.66 ,45628.00 ,320402.66 ,45629.00 ,320402.66 ,45651.00 ,0.00 ,,,,,,,,,,,,,,,,,,,,,,,,320402.66 ,,,,,,,,,,,,,,320402.66 ,,,,,,,,,,,,,,,
,,,,,,,,,,,,,,,,,,,,,,,,,,,,,合同签订并提交第一版概念性方案后2个月内（付款审批流程完成后）。（样板间）,,,106320.00 ,产值确认单,45628.00 ,106320.00 ,45628.00 ,106320.00 ,45629.00 ,106320.00 ,45651.00 ,0.00 ,,,,,,,,,,,,,,,,,,,,,,,,106320.00 ,,,,,,,,,,,,,,106320.00 ,,,,,,,,,,,,,,,
,,,,,,,,,,,,,,,,,,,,,,,,,,,,2.00 ,精装概念设计完成经甲方确认后2个月内（付款审批流程完成后）。,0.20 ,426722.66 ,320402.66 ,产值确认单,45628.00 ,320402.66 ,45628.00 ,320402.66 ,45629.00 ,320402.66 ,45651.00 ,0.00 ,,,,,,,,,,,,,,,,,,,,,,,,320402.66 ,,,,,,,,,,,,,,320402.66 ,,,,,,,,,,,,,,,
,,,,,,,,,,,,,,,,,,,,,,,,,,,,,精装概念设计完成经甲方确认后2个月内（付款审批流程完成后）。（样板间）,,,106320.00 ,产值确认单,45628.00 ,106320.00 ,45628.00 ,106320.00 ,45629.00 ,106320.00 ,45651.00 ,0.00 ,,,,,,,,,,,,,,,,,,,,,,,,106320.00 ,,,,,,,,,,,,,,106320.00 ,,,,,,,,,,,,,,,
,,,,,,,,,,,,,,,,,,,,,,,,,,,,3.00 ,精装方案扩初设计完成经甲方确认后2个月内（付款审批流程完成后）。,0.20 ,426722.66 ,320402.66 ,产值确认单,45628.00 ,320402.66 ,45628.00 ,320402.66 ,45629.00 ,320402.66 ,45651.00 ,0.00 ,,,,,,,,,,,,,,,,,,,,,,,,320402.66 ,,,,,,,,,,,,,,320402.66 ,,,,,,,,,,,,,,,
,,,,,,,,,,,,,,,,,,,,,,,,,,,,,精装方案扩初设计完成经甲方确认后2个月内（付款审批流程完成后）。（样板间）,,,106320.00 ,产值确认单,45628.00 ,106320.00 ,45628.00 ,106320.00 ,45629.00 ,106320.00 ,45651.00 ,0.00 ,,,,,,,,,,,,,,,,,,,,,,,,106320.00 ,,,,,,,,,,,,,,106320.00 ,,,,,,,,,,,,,,,
,,,,,,,,,,,,,,,,,,,,,,,,,,,,4.00 ,精装施工图设计完成经甲方确认后2个月内（付款审批流程完成后）。,0.20 ,426722.66 ,604305.54 ,预估,46356.00 ,,,,,604305.54 ,46078.00 ,0.00 ,,,,,,,,,,,,,,,,,,,,,,,,604305.54 ,,,,,,,,,,,,,,604305.54 ,,,,,,,,,,,,,,,
,,,,,,,,,,,,,,,,,,,,,,,,,,,,,精装施工图设计完成经甲方确认后2个月内（付款审批流程完成后）。（样板间）,,,106320.00 ,产值确认单,45628.00 ,106320.00 ,45628.00 ,106320.00 ,45629.00 ,106320.00 ,45651.00 ,0.00 ,,,,,,,,,,,,,,,,,,,,,,,,106320.00 ,,,,,,,,,,,,,,106320.00 ,,,,,,,,,,,,,,,
,,,,,,,,,,,,,,,,,,,,,,,,,,,,5.00 ,精装修竣工验收合格并经甲方确认后2个月内（付款审批流程完成后）。,0.20 ,426722.66 ,0.00 ,,,,,,,0.00 ,,0.00 ,,,,,,,,,,,,,,,,,,,,,,,,,,,,,,,,,,,,,,,,,,,,,,,,,,,,,
,,,,,"西派天著项目建设工程设计总包管理服务合同
（BIM部分）",CRCCRE-SJ-XM-2024-031,"设计总包
（自揽BIM）",CRCCRE-HZ-XAJX-XAQJJSCDKXM-KF.QQ.02.02-2024-002,西安景信房地产开发有限公司,总建面273945.99㎡；地上202877.00㎡；地下71068.99㎡,地上4元/㎡；地下7元/㎡；多维8万,1388990.93 ,,,,,,,,,577482.93 ,,,,,811508.00 ,项目管理中心,1.00 ,合同签订并提交BIM多维方案汇报成果，经过甲方确认后2个月内（付款审批流程完成后）。,0.20 ,277798.19 ,277798.19 ,产值确认单,45628.00 ,277798.19 ,45628.00 ,277798.19 ,45629.00 ,277798.19 ,45650.00 ,0.00 ,,,,,,,,,,,,,,,,,,,277798.19 ,,,,,,,,,,,,,,277798.19 ,,,,,,,,,,,,,,,,,,,,
,,,,,,,,,,,,,,,,,,,,,,,,,,,,2.00 ,提交地下车库及地下室BIM模型且经过甲方确认后2个月内（付款审批流程完成后）。,0.30 ,416697.28 ,299684.74 ,产值确认单,45650.00 ,299684.74 ,45650.00 ,,,299684.74 ,,0.00 ,,,,,,,,,,,,,,,,,,,299684.74 ,,,,,,,,,,,,,,299684.74 ,,,,,,,,,,,,,,,,,,,,
,,,,,,,,,,,,,,,,,,,,,,,,,,,,,,,,0.00 ,,,,,,,,,,,,,,,,,,,,,,,,,,,,,,,,,,,,,,,,,,,,,,,,,,,,,,,,,,,,,,
,,,,,,,,,,,,,,,,,,,,,,,,,,,,3.00 ,提交地上BIM建模成果，经甲方审核确认后2个月内（付款审批流程完成后）,0.20 ,277798.19 ,277798.19 ,预估,,,,,,0.00 ,,277798.19 ,,,,,,,,,,,,,,,,,,277798.19 ,,,,,,,,,,,,,,,,,,,,,,,,,,,,,,,,,,,
,,,,,,,,,,,,,,,,,,,,,,,,,,,,4.00 ,乙方根据甲方优化后的施工图纸提交BIM咨询优化报告、完成BIM咨询范围的交底工作且经过甲方确认后2个月内（付款审批流程完成后）。,0.25 ,347247.73 ,0.00 ,,,,,,,0.00 ,,0.00 ,,,,,,,,,,,,,,,,,,,,,,,,,,,,,,,,,,,,,,,,,,,,,,,,,,,,,
,,,,,,,,,,,,,,,,,,,,,,,,,,,,5.00 ,项目竣工验收合格，本合同办理完成结算后2个月内（付款审批流程完成后）,0.05 ,69449.55 ,0.00 ,,,,,,,0.00 ,,0.00 ,,,,,,,,,,,,,,,,,,,,,,,,,,,,,,,,,,,,,,,,,,,,,,,,,,,,,
,,,,,"西派天著项目建设工程设计总包管理服务合同
（咨询部分）",CRCCRE-SJ-XM-2024-031,"设计总包
（自揽咨询）",CRCCRE-HZ-XAJX-XAQJJSCDKXM-KF.QQ.02.02-2024-002,西安景信房地产开发有限公司,273945.99㎡,4元/㎡,1095783.96 ,,,,,,,,1095783.96 ,,,,,,,,1.00 ,合同签订且乙方开展设计咨询工作并提供设计咨询优化意见且经甲方确认后2个月内（付款审批流程完成后）。,0.20 ,219156.79 ,219156.78 ,产值确认单,45628.00 ,219156.78 ,45628.00 ,219156.78 ,45629.00 ,219156.78 ,45650.00 ,0.00 ,,,,,,,,,,,,,,,,,,219156.78 ,,,,,,,,,,,,,,219156.78 ,,,,,,,,,,,,,,,,,,,,,
,,,,,,,,,,,,,,,,,,,,,,,,,,,,2.00 ,本项目取得《建设工程规划许可证》，提交方案至报规阶段设计咨询报告且经甲方确认后2个月内（付款审批流程完成后）。,0.20 ,219156.79 ,219156.79 ,产值确认单,45650.00 ,219156.79 ,45650.00 ,219156.79 ,45744.00 ,219156.79 ,45835.00 ,0.00 ,,,,,,,,,,,,,,,,,,219156.79 ,,,,,,,,,,,,,,219156.79 ,,,,,,,,,,,,,,,,,,,,,
,,,,,,,,,,,,,,,,,,,,,,,,,,,,3.00 ,本项目取得《施工图审查合格书》，提交施工图阶段设计咨询报告且经甲方确认后2个月内（付款审批流程完成后）。,0.40 ,438313.58 ,438313.58 ,产值确认单,45650.00 ,438313.58 ,45650.00 ,438313.58 ,45744.00 ,438313.58 ,45835.00 ,0.00 ,,,,,,,,,,,,,,,,,,438313.58 ,,,,,,,,,,,,,,438313.58 ,,,,,,,,,,,,,,,,,,,,,
,,,,,,,,,,,,,,,,,,,,,,,,,,,,4.00 ,提交最终版设计咨询总结报告且经甲方确认，本项办理完成结算后2个月内（付款审批流程完成后）。,0.20 ,219156.79 ,0.00 ,,,,,,,0.00 ,,0.00 ,,,,,,,,,,,,,,,,,,,,,,,,,,,,,,,,,,,,,,,,,,,,,,,,,,,,,
,,,,,"西派天著项目建设工程设计总包管理服务合同
（精审部分）",CRCCRE-SJ-XM-2024-031,"设计总包
（自揽精审）",CRCCRE-HZ-XAJX-XAQJJSCDKXM-KF.QQ.02.02-2024-002,西安景信房地产开发有限公司,273945.99㎡,1元/㎡,273945.99 ,,,,,,,,273945.99 ,,,,,,,,1.00 ,合同签订且乙方开展精细化审查工作并提供精细化审查意见且经甲方确认后2个月内（付款审批流程完成后）。,0.20 ,54789.20 ,54789.20 ,产值确认单,45628.00 ,54789.20 ,45628.00 ,54789.20 ,45629.00 ,54789.20 ,45650.00 ,0.00 ,,,,,,,,,,,,,,,,,,54789.20 ,,,,,,,,,,,,,,54789.20 ,,,,,,,,,,,,,,,,,,,,,
,,,,,,,,,,,,,,,,,,,,,,,,,,,,2.00 ,本项目取得《施工图审查合格书》，提交施工图精审报告且经甲方确认2个月内（付款审批流程完成后）。,0.60 ,164367.59 ,164367.59 ,产值确认单,45650.00 ,164367.59 ,45650.00 ,164367.59 ,45744.00 ,164367.59 ,45804.00 ,0.00 ,,,,,,,,,,,,,,,,,,164367.59 ,,,,,,,,,,,,,,164367.59 ,,,,,,,,,,,,,,,,,,,,,
,,,,,,,,,,,,,,,,,,,,,,,,,,,,3.00 ,提交最终版精细化审查总结报告且经甲方确认，本项办理完成结算后2个月内（付款审批流程完成后）。,0.20 ,54789.20 ,0.00 ,,,,,,,0.00 ,,0.00 ,,,,,,,,,,,,,,,,,,,,,,,,,,,,,,,,,,,,,,,,,,,,,,,,,,,,,
,华中,45505.00 ,西安西派和樾,,"西安西派和樾项目
BIM及施工图精审服务合同
（BIM部分）",CRCCRE-SJ-XM-2024-037,BIM地上+地下,HT-2024-029354,西安越隽恒铁房地产开发有限公司,,,998712.23 ,,,368385.29 ,,,,,,477757.83 ,,,,,152569.11 ,,1.00 ,合同签订并提交BIM多维方案汇报成果，经过甲方确认后2个月内,0.20 ,199742.45 ,199742.45 ,产值确认单,45576.00 ,199742.45 ,45576.00 ,199742.45 ,45579.00 ,199742.45 ,45618.00 ,0.00 ,,,,,,,,,,,,,73677.06 ,,,,,,95551.57 ,,,,,30513.82 ,,,73677.06 ,,,,,,95551.57 ,,,,,30513.82 ,,,,,,,,,,,,,,,
,,,,,,,,,,,,,,,,,,,,,,,,,,,,2.00 ,提交地下车库及地下室BIM模型且经过甲方确认后2个月内,0.30 ,299613.67 ,299613.67 ,产值确认单,45576.00 ,299613.67 ,45576.00 ,299613.67 ,45579.00 ,280088.85 ,45618.00 ,19524.82 ,保理差值19524.82暂放在项目管理中心，最终结算完毕后补齐,,,,,,,,,,,,110515.59 ,,,,,,143327.35 ,,,,,45770.73 ,,,110515.59 ,,,,,,143327.35 ,,,,,26245.91 ,,,,,,,,,,,,,,,
,,,,,,,,,,,,,,,,,,,,,,,,,,,,3.00 ,提交地上BIM建模成果，经甲方审核确认后2个月内,0.20 ,199742.45 ,199742.45 ,产值确认单,45650.00 ,199742.45 ,45650.00 ,,,199742.45 ,46052.00 ,0.00 ,,,,,,,,,,,,,104190.88 ,,,,,,95551.57 ,,,,,,,,104190.88 ,,,,,,95551.57 ,,,,,,,,,,,,,,,,,,,,
,,,,,,,,,,,,,,,,,,,,,,,,,,,,4.00 ,乙方根据甲方优化后的施工图纸提交BIM咨询优化报告、完成BIM咨询范围的交底工作且经过甲方确认后2个月内,0.25 ,249678.06 ,249678.06 ,产值确认单,45650.00 ,249678.06 ,45650.00 ,,,249678.06 ,46052.00 ,0.00 ,,,,,,,,,,,,,130238.60 ,,,,,,119439.46 ,,,,,,,,130238.60 ,,,,,,119439.46 ,,,,,,,,,,,,,,,,,,,,
,,,,,,,,,,,,,,,,,,,,,,,,,,,,5.00 ,项目竣工验收合格，本合同办理完成结算后2个月内,0.05 ,49935.61 ,0.00 ,,,,,,,0.00 ,,0.00 ,,,,,,,,,,,,,,,,,,,,,,,,,,,,,,,,,,,,,,,,,,,,,,,,,,,,,
,,,,,"西安西派和樾项目
BIM及施工图精审服务合同
（精审部分）",CRCCRE-SJ-XM-2024-037,精审,HT-2024-029354,西安越隽恒铁房地产开发有限公司,187326.41㎡,1元/㎡,187326.41 ,,,,,,,,187326.41 ,,,,,,,,1.00 ,合同签订且乙方开展精细化审查工作并提供精细化审查意见且经甲方确认后2个月内,0.20 ,37465.28 ,37465.28 ,产值确认单,45650.00 ,37465.28 ,45650.00 ,,,37465.28 ,46052.00 ,0.00 ,,,,,,,,,,,,,,,,,,37465.28 ,,,,,,,,,,,,,,37465.28 ,,,,,,,,,,,,,,,,,,,,,
,,,,,,,,,,,,,,,,,,,,,,,,,,,,2.00 ,本项目取得《施工图审查合格书》，提交施工图精审报告且经甲方确认2个月内,0.60 ,112395.85 ,112395.84 ,产值确认单,45650.00 ,112395.84 ,45650.00 ,,,112395.84 ,46052.00 ,0.00 ,,,,,,,,,,,,,,,,,,112395.84 ,,,,,,,,,,,,,,112395.84 ,,,,,,,,,,,,,,,,,,,,,
,,,,,,,,,,,,,,,,,,,,,,,,,,,,3.00 ,提交最终版精细化审查总结报告且经甲方确认，本项办理完成结算后2个月内,0.20 ,37465.28 ,0.00 ,,,,,,,0.00 ,,0.00 ,,,,,,,,,,,,,,,,,,,,,,,,,,,,,,,,,,,,,,,,,,,,,,,,,,,,,
,华中,45562.00 ,西安西派天峯中心项目(DK9商办),,"西派天峯中心项目
建设工程设计总包管理服务合同
（建筑方案部分）",CRCCRE-SJ-XM-2024-049,"设计总包
（方案外委）",CRCCRE-HZ-XPTL-XAQJJSCDKXM-KF.QQ.02.02-2024-003,西安景悦房地产开发有限公司,商办：26496.21㎡；配套公建：1130.79㎡；地下：11072.71㎡,商办30元/㎡；配套公建30元/㎡；地下8元/㎡,917391.68 ,,,,,,,,,,,,,,917391.68 ,项目管理中心,1.00 ,合同签订并提交第一版概念性方案后，经甲方审核成果确认后2个月内,0.20 ,183478.34 ,183475.70 ,产值确认单,45758.00 ,183475.70 ,45758.00 ,183475.70 ,45763.00 ,183475.70 ,45804.00 ,0.00 ,,,,,,,,,,,,,,,,,,,,,,,,183475.70 ,,,,,,,,,,,,,,183475.70 ,,,,,,,,,,,,,,,
,,,,,,,,,,,,,,,,,,,,,,,,,,,,2.00 ,方案调整、修改完成后，经甲方审核成果确认后2个月内,0.30 ,275217.50 ,275213.54 ,产值确认单,45758.00 ,275213.54 ,45758.00 ,275213.54 ,45763.00 ,275213.54 ,45804.00 ,0.00 ,,,,,,,,,,,,,,,,,,,,,,,,275213.54 ,,,,,,,,,,,,,,275213.54 ,,,,,,,,,,,,,,,
,,,,,,,,,,,,,,,,,,,,,,,,,,,,3.00 ,方案通过政府相关审批（规划复函）后，经甲方审核成果确认后2个月内,0.20 ,183478.34 ,183475.70 ,产值确认单,45758.00 ,183475.70 ,45758.00 ,183475.70 ,45763.00 ,183475.70 ,45804.00 ,0.00 ,,,,,,,,,,,,,,,,,,,,,,,,183475.70 ,,,,,,,,,,,,,,183475.70 ,,,,,,,,,,,,,,,
,,,,,,,,,,,,,,,,,,,,,,,,,,,,4.00 ,项目立面二次深化设计图纸完成，并取得《施工图审查合格书》后，经甲方审核成果确认后2个月内,0.25 ,229347.92 ,229344.62 ,产值确认单,45958.00 ,229344.62 ,45958.00 ,229344.62 ,45958.00 ,229344.62 ,46052.00 ,0.00 ,,,,,,,,,,,,,,,,,,,,,,,,229344.62 ,,,,,,,,,,,,,,229344.62 ,,,,,,,,,,,,,,,
,,,,,,,,,,,,,,,,,,,,,,,,,,,,5.00 ,项目竣工验收合格，本合同办理完成结算后2个月内,0.05 ,45869.58 ,0.00 ,,,,,,,0.00 ,,0.00 ,,,,,,,,,,,,,,,,,,,,,,,,,,,,,,,,,,,,,,,,,,,,,,,,,,,,,
,,,,,"西派天峯中心项目
建设工程设计总包管理服务合同
（景观部分）",CRCCRE-SJ-XM-2024-049,"设计总包
（景观外委）",CRCCRE-HZ-XPTL-XAQJJSCDKXM-KF.QQ.02.02-2024-003,西安景悦房地产开发有限公司,景观大区面积7468.16㎡,60元/㎡,448089.60 ,,,,,,,,,,,,,,448089.60 ,项目管理中心,1.00 ,合同签订并提交第一版概念性方案经甲方审核成果确认后2个月内,0.10 ,44808.96 ,44808.96 ,产值确认单,45628.00 ,44808.96 ,45628.00 ,44808.96 ,45629.00 ,44808.96 ,45649.00 ,0.00 ,,,,,,,,,,,,,,,,,,,,,,,,44808.96 ,,,,,,,,,,,,,,44808.96 ,,,,,,,,,,,,,,,
,,,,,,,,,,,,,,,,,,,,,,,,,,,,2.00 ,大区方案设计成果完成经甲方审核成果确认后2个月内,0.35 ,156831.36 ,156831.36 ,产值确认单,45628.00 ,156831.36 ,45628.00 ,156831.36 ,45629.00 ,156831.36 ,45649.00 ,0.00 ,,,,,,,,,,,,,,,,,,,,,,,,156831.36 ,,,,,,,,,,,,,,156831.36 ,,,,,,,,,,,,,,,
,,,,,,,,,,,,,,,,,,,,,,,,,,,,3.00 ,大区扩初设计成果完成经甲方审核成果确认后2个月内,0.15 ,67213.44 ,67213.44 ,产值确认单,45958.00 ,67213.44 ,45958.00 ,67213.44 ,45958.00 ,67213.44 ,46052.00 ,0.00 ,,,,,,,,,,,,,,,,,,,,,,,,67213.44 ,,,,,,,,,,,,,,67213.44 ,,,,,,,,,,,,,,,
,,,,,,,,,,,,,,,,,,,,,,,,,,,,4.00 ,大区施工图设计成果完成经甲方审核成果确认后2个月内,0.25 ,112022.40 ,112022.40 ,预估,46111.00 ,,,,,112022.40 ,46142.00 ,0.00 ,,,,,,,,,,,,,,,,,,,,,,,,112022.40 ,,,,,,,,,,,,,,112022.40 ,,,,,,,,,,,,,,,
,,,,,,,,,,,,,,,,,,,,,,,,,,,,5.00 ,景观工程竣工验收合格，本合同办理完成结算后2个月内,0.15 ,67213.44 ,0.00 ,,,,,,,0.00 ,,0.00 ,,,,,,,,,,,,,,,,,,,,,,,,,,,,,,,,,,,,,,,,,,,,,,,,,,,,,
,,,,,"西派天峯中心项目
建设工程设计总包管理服务合同
（精装部分）",CRCCRE-SJ-XM-2024-049,"设计总包
（精装外委）",CRCCRE-HZ-XPTL-XAQJJSCDKXM-KF.QQ.02.02-2024-003,西安景悦房地产开发有限公司,首层大堂创新454.60㎡；标准层创新355.67㎡；户内复制118.04㎡；配套公建59.73㎡；地下光厅复制24.2㎡；电梯轿厢2个,首层大堂创新320；标准层创新280；户内复制280；配套公建80；地下光厅复制160；电梯轿厢5000,297041.20 ,,,,,,,,,,,,,,297041.20 ,项目管理中心,1.00 ,合同签订并提交第一版概念性方案经甲方审核成果确认后2个月内,0.20 ,59408.24 ,59408.24 ,产值确认单,45758.00 ,59408.24 ,45758.00 ,59408.24 ,45763.00 ,59408.24 ,45804.00 ,0.00 ,,,,,,,,,,,,,,,,,,,,,,,,59408.24 ,,,,,,,,,,,,,,59408.24 ,,,,,,,,,,,,,,,
,,,,,,,,,,,,,,,,,,,,,,,,,,,,2.00 ,精装概念设计完成经甲方审核成果确认后2个月内,0.20 ,59408.24 ,59408.24 ,产值确认单,45758.00 ,59408.24 ,45758.00 ,59408.24 ,45763.00 ,59408.24 ,45804.00 ,0.00 ,,,,,,,,,,,,,,,,,,,,,,,,59408.24 ,,,,,,,,,,,,,,59408.24 ,,,,,,,,,,,,,,,
,,,,,,,,,,,,,,,,,,,,,,,,,,,,3.00 ,精装方案扩初设计完成经甲方审核成果确认后2个月内,0.20 ,59408.24 ,59408.24 ,产值确认单,45758.00 ,59408.24 ,45758.00 ,59408.24 ,45763.00 ,59408.24 ,45804.00 ,0.00 ,,,,,,,,,,,,,,,,,,,,,,,,59408.24 ,,,,,,,,,,,,,,59408.24 ,,,,,,,,,,,,,,,
,,,,,,,,,,,,,,,,,,,,,,,,,,,,4.00 ,精装施工图设计完成经甲方审核成果确认后2个月内,0.20 ,59408.24 ,59408.24 ,产值确认单,45958.00 ,59408.24 ,45958.00 ,59408.24 ,45958.00 ,59408.24 ,46052.00 ,0.00 ,,,,,,,,,,,,,,,,,,,,,,,,59408.24 ,,,,,,,,,,,,,,59408.24 ,,,,,,,,,,,,,,,
,,,,,,,,,,,,,,,,,,,,,,,,,,,,5.00 ,精装修竣工验收合格并经甲方审核成果确认后2个月内,0.20 ,59408.24 ,0.00 ,,,,,,,0.00 ,,0.00 ,,,,,,,,,,,,,,,,,,,,,,,,,,,,,,,,,,,,,,,,,,,,,,,,,,,,,
,,,,,"西派天峯中心项目
建设工程设计总包管理服务合同
（BIM部分）",CRCCRE-SJ-XM-2024-049,"设计总包
（自揽BIM）",CRCCRE-HZ-XPTL-XAQJJSCDKXM-KF.QQ.02.02-2024-003,西安景悦房地产开发有限公司,38699.71 ,10元/㎡,386997.10 ,,,,,,,,,386997.10 ,,,,,,,1.00 ,合同签订并提交BIM多维方案汇报成果，经过甲方审核成果确认后2个月内,0.20 ,77399.42 ,77399.42 ,产值确认单,45758.00 ,77399.42 ,45758.00 ,77399.42 ,45763.00 ,77399.42 ,45804.00 ,0.00 ,,,,,,,,,,,,,,,,,,,77399.42 ,,,,,,,,,,,,,,77399.42 ,,,,,,,,,,,,,,,,,,,,
,,,,,,,,,,,,,,,,,,,,,,,,,,,,2.00 ,提交地下车库及地下室BIM模型且经过甲方审核成果确认后2个月内,0.20 ,77399.42 ,77399.42 ,产值确认单,45958.00 ,77399.42 ,45958.00 ,77399.42 ,45958.00 ,77399.42 ,46052.00 ,0.00 ,,,,,,,,,,,,,,,,,,77399.42 ,,,,,,,,,,,,,,77399.42 ,,,,,,,,,,,,,,,,,,,,,
,,,,,,,,,,,,,,,,,,,,,,,,,,,,3.00 ,提交地上BIM建模成果，经甲方审核成果确认后2个月内,0.30 ,116099.13 ,116099.13 ,产值确认单,45958.00 ,116099.13 ,45958.00 ,116099.13 ,45958.00 ,116099.13 ,46052.00 ,0.00 ,,,,,,,,,,,,,,,,,,80528.88 ,35570.25 ,,,,,,,,,,,,,80528.88 ,35570.25 ,,,,,,,,,,,,,,,,,,,,
,,,,,,,,,,,,,,,,,,,,,,,,,,,,4.00 ,乙方根据甲方优化后的施工图纸提交BIM咨询优化报告、完成BIM咨询范围的交底工作且经过甲方审核成果确认后2个月内,0.25 ,96749.28 ,96733.60 ,产值确认单,45958.00 ,96733.60 ,45958.00 ,96733.60 ,45958.00 ,96733.60 ,46052.00 ,0.00 ,,,,,,,,,,,,,,,,,,,96733.60 ,,,,,,,,,,,,,,96733.60 ,,,,,,,,,,,,,,,,,,,,
,,,,,,,,,,,,,,,,,,,,,,,,,,,,5.00 ,项目竣工验收合格，本合同办理完成结算后2个月内,0.05 ,19349.86 ,19349.03 ,,,,,,,19349.03 ,,0.00 ,,,,,,,,,,,,,,,,,,,19349.03 ,,,,,,,,,,,,,,19349.03 ,,,,,,,,,,,,,,,,,,,,
,,,,,"西派天峯中心项目
建设工程设计总包管理服务合同
（咨询部分）",CRCCRE-SJ-XM-2024-049,"设计总包
（自揽咨询）",CRCCRE-HZ-XPTL-XAQJJSCDKXM-KF.QQ.02.02-2024-003,西安景悦房地产开发有限公司,38699.71 ,4元/㎡,154798.84 ,,,,,,,,154798.84 ,,,,,,,,1.00 ,合同签订且乙方开展设计咨询工作并提供设计咨询优化意见且经甲方审核成果确认后2个月内,0.20 ,30959.77 ,30958.45 ,产值确认单,45649.00 ,30958.45 ,45649.00 ,30958.45 ,45763.00 ,30958.45 ,45804.00 ,0.00 ,,,,,,,,,,,,,,,,,,30958.45 ,,,,,,,,,,,,,,30958.45 ,,,,,,,,,,,,,,,,,,,,,
,,,,,,,,,,,,,,,,,,,,,,,,,,,,2.00 ,本项目取得《建设工程规划许可证》，提交方案至报规阶段设计咨询报告且经甲方审核成果确认后2个月内,0.20 ,30959.77 ,30958.45 ,产值确认单,45649.00 ,30958.45 ,45649.00 ,30958.45 ,45763.00 ,30958.45 ,45804.00 ,0.00 ,,,,,,,,,,,,,,,,,,30958.45 ,,,,,,,,,,,,,,30958.45 ,,,,,,,,,,,,,,,,,,,,,
,,,,,,,,,,,,,,,,,,,,,,,,,,,,3.00 ,本项目取得《施工图审查合格书》，提交施工图阶段设计咨询报告且经甲方审核成果确认后2个月内,0.40 ,61919.54 ,61916.90 ,产值确认单,45649.00 ,61916.90 ,45649.00 ,61916.89 ,45763.00 ,61916.89 ,45804.00 ,0.01 ,后续少确认一分，四舍五入差值,,,,,,,,,,,,,,,,,61916.90 ,,,,,,,,,,,,,,61916.89 ,,,,,,,,,,,,,,,,,,,,,
,,,,,,,,,,,,,,,,,,,,,,,,,,,,4.00 ,提交最终版设计咨询总结报告且经甲方审核成果确认，本项办理完成结算后2个月内,0.20 ,30959.77 ,30958.44 ,,,,,,,0.00 ,,30958.44 ,,,,,,,,,,,,,,,,,,30958.44 ,,,,,,,,,,,,,,,,,,,,,,,,,,,,,,,,,,,
,,,,,"西派天峯中心项目
建设工程设计总包管理服务合同
（精审部分）",CRCCRE-SJ-XM-2024-049,"设计总包
（自揽精审）",CRCCRE-HZ-XPTL-XAQJJSCDKXM-KF.QQ.02.02-2024-003,西安景悦房地产开发有限公司,38699.71 ,1元/㎡,38699.71 ,,,,,,,,38699.71 ,,,,,,,,1.00 ,合同签订且乙方开展精细化审查工作并提供精细化审查意见且经甲方审核成果确认后2个月内,0.20 ,7739.94 ,7739.61 ,产值确认单,45649.00 ,7739.61 ,45649.00 ,7739.61 ,45763.00 ,7739.61 ,45804.00 ,0.00 ,,,,,,,,,,,,,,,,,,7739.61 ,,,,,,,,,,,,,,7739.61 ,,,,,,,,,,,,,,,,,,,,,
,,,,,,,,,,,,,,,,,,,,,,,,,,,,2.00 ,本项目取得《施工图审查合格书》，提交施工图精审报告且经甲方审核成果确认2个月内,0.60 ,23219.83 ,23218.84 ,产值确认单,45649.00 ,23218.84 ,45649.00 ,23218.84 ,45763.00 ,23218.84 ,45804.00 ,0.00 ,,,,,,,,,,,,,,,,,,23218.84 ,,,,,,,,,,,,,,23218.84 ,,,,,,,,,,,,,,,,,,,,,
,,,,,,,,,,,,,,,,,,,,,,,,,,,,3.00 ,提交最终版精细化审查总结报告且经甲方审核成果确认，本项办理完成结算后2个月内,0.20 ,7739.94 ,7739.61 ,,,,,,,0.00 ,,7739.61 ,,,,,,,,,,,,,,,,,,7739.61 ,,,,,,,,,,,,,,,,,,,,,,,,,,,,,,,,,,,
,华中,45776.00 ,"西安港务区46亩项目
（花语博悦）",,"中国铁建博悦项目
建设工程设计总包管理服务合同
（建筑方案部分）",CRCCRE-SJ-XM-2025-009,"设计总包
（方案外委）",CRCCRE-HZ-XAJG-XACBAT-QQ-2025-009,西安国际港务区京港房地产开发有限公司,高层71830.47；配套4567.02；地下22000,,1952770.09 ,,,,,,,,,,,,,,1952770.09 ,项目管理中心,1.00 ,合同签订并提交第一版概念性方案后，经甲方审核确认后2个月内,0.20 ,390554.02 ,390554.02 ,产值确认单,45895.00 ,390554.02 ,45895.00 ,390554.02 ,45895.00 ,390554.02 ,45929.00 ,0.00 ,,,,,,,,,,,,,,,,,,,,,,,,390554.02 ,,,,,,,,,,,,,,390554.02 ,,,,,,,,,,,,,,,
,,,,,,,,,,,,,,,,,,,,,,,,,,,,2.00 ,方案调整、修改完成经甲方确认后，经甲方审核确认后2个月内,0.30 ,585831.03 ,585831.03 ,产值确认单,45895.00 ,585831.03 ,45895.00 ,585831.03 ,45895.00 ,585831.03 ,45929.00 ,0.00 ,,,,,,,,,,,,,,,,,,,,,,,,585831.03 ,,,,,,,,,,,,,,585831.03 ,,,,,,,,,,,,,,,
,,,,,,,,,,,,,,,,,,,,,,,,,,,,3.00 ,方案通过政府相关审批（规划复函）后，经甲方审核确认后2个月内,0.20 ,390554.02 ,390554.02 ,产值确认单,45895.00 ,390554.02 ,45895.00 ,390554.02 ,45895.00 ,390554.02 ,45929.00 ,0.00 ,,,,,,,,,,,,,,,,,,,,,,,,390554.02 ,,,,,,,,,,,,,,390554.02 ,,,,,,,,,,,,,,,
,,,,,,,,,,,,,,,,,,,,,,,,,,,,4.00 ,项目立面二次深化设计图纸完成，并取得《施工图审查合格书》后，经甲方审核确认后2个月内,0.25 ,488192.52 ,488192.52 ,预估,46078.00 ,,,,,488192.52 ,46111.00 ,0.00 ,,,,,,,,,,,,,,,,,,,,,,,,488192.52 ,,,,,,,,,,,,,,488192.52 ,,,,,,,,,,,,,,,
,,,,,,,,,,,,,,,,,,,,,,,,,,,,5.00 ,项目竣工验收合格，本合同办理完成结算后2个月内,0.05 ,97638.50 ,0.00 ,,,,,,,0.00 ,,0.00 ,,,,,,,,,,,,,,,,,,,,,,,,,,,,,,,,,,,,,,,,,,,,,,,,,,,,,
,,,,,"中国铁建博悦项目
建设工程设计总包管理服务合同
（景观部分）",CRCCRE-SJ-XM-2025-009,"设计总包
（景观外委）",CRCCRE-HZ-XAJG-XACBAT-QQ-2025-009,西安国际港务区京港房地产开发有限公司,,,677200.00 ,,,,,,,,,,,,,,677200.00 ,项目管理中心,1.00 ,合同签订并提交第一版概念性方案经甲方审核确认后2个月内,0.10 ,67720.00 ,67720.00 ,产值确认单,45895.00 ,67720.00 ,45895.00 ,67720.00 ,45895.00 ,67720.00 ,45929.00 ,0.00 ,,,,,,,,,,,,,,,,,,,,,,,,67720.00 ,,,,,,,,,,,,,,67720.00 ,,,,,,,,,,,,,,,
,,,,,,,,,,,,,,,,,,,,,,,,,,,,2.00 ,展示区方案设计成果完成经甲方确认后2个月内,展示区-40%,66880.00 ,66880.00 ,产值确认单,45895.00 ,66880.00 ,45895.00 ,66880.00 ,45895.00 ,66880.00 ,45929.00 ,0.00 ,,,,,,,,,,,,,,,,,,,,,,,,66880.00 ,,,,,,,,,,,,,,66880.00 ,,,,,,,,,,,,,,,
,,,,,,,,,,,,,,,,,,,,,,,,,,,,3.00 ,展示区施工图设计成果完成经甲方确认后2个月内,展示区-40%,66880.00 ,66880.00 ,产值确认单,45895.00 ,66880.00 ,45895.00 ,66880.00 ,45895.00 ,66880.00 ,45929.00 ,0.00 ,,,,,,,,,,,,,,,,,,,,,,,,66880.00 ,,,,,,,,,,,,,,66880.00 ,,,,,,,,,,,,,,,
,,,,,,,,,,,,,,,,,,,,,,,,,,,,4.00 ,大区概念设计成果经甲方确认后2个月内,大区-15%,76500.00 ,76500.00 ,产值确认单,45895.00 ,76500.00 ,45895.00 ,76500.00 ,45895.00 ,76500.00 ,45929.00 ,0.00 ,,,,,,,,,,,,,,,,,,,,,,,,76500.00 ,,,,,,,,,,,,,,76500.00 ,,,,,,,,,,,,,,,
,,,,,,,,,,,,,,,,,,,,,,,,,,,,5.00 ,大区方案设计成果完成经甲方确认后2个月内,大区-20%,102000.00 ,102000.00 ,产值确认单,45895.00 ,102000.00 ,45895.00 ,102000.00 ,45895.00 ,102000.00 ,45929.00 ,0.00 ,,,,,,,,,,,,,,,,,,,,,,,,102000.00 ,,,,,,,,,,,,,,102000.00 ,,,,,,,,,,,,,,,
,,,,,,,,,,,,,,,,,,,,,,,,,,,,6.00 ,大区扩初设计成果完成经甲方确认后2个月内,大区-15%,76500.00 ,76500.00 ,预估,46078.00 ,,,,,76500.00 ,46111.00 ,0.00 ,,,,,,,,,,,,,,,,,,,,,,,,76500.00 ,,,,,,,,,,,,,,76500.00 ,,,,,,,,,,,,,,,
,,,,,,,,,,,,,,,,,,,,,,,,,,,,7.00 ,大区施工图设计成果完成经甲方确认后2个月内,大区25%,127500.00 ,127500.00 ,预估,46078.00 ,,,,,127500.00 ,46111.00 ,0.00 ,,,,,,,,,,,,,,,,,,,,,,,,127500.00 ,,,,,,,,,,,,,,127500.00 ,,,,,,,,,,,,,,,
,,,,,,,,,,,,,,,,,,,,,,,,,,,,8.00 ,景观工程竣工验收合格，本合同办理完成结算后2个月内,展示区10%，大区15%,93220.00 ,0.00 ,,,,,,,0.00 ,,0.00 ,,,,,,,,,,,,,,,,,,,,,,,,,,,,,,,,,,,,,,,,,,,,,,,,,,,,,
,,,,,"中国铁建博悦项目
建设工程设计总包管理服务合同
（精装部分）",CRCCRE-SJ-XM-2025-009,"设计总包
（精装外委）",CRCCRE-HZ-XAJG-XACBAT-QQ-2025-009,西安国际港务区京港房地产开发有限公司,,,1201529.70 ,,,,,,,,,,,,,,1201529.70 ,项目管理中心,1.00 ,合同签订并提交第一版概念性方案后2个月内,0.20 ,240305.94 ,240305.94 ,产值确认单,45895.00 ,240305.94 ,45895.00 ,240305.94 ,45895.00 ,240305.94 ,45929.00 ,0.00 ,,,,,,,,,,,,,,,,,,,,,,,,240305.94 ,,,,,,,,,,,,,,240305.94 ,,,,,,,,,,,,,,,
,,,,,,,,,,,,,,,,,,,,,,,,,,,,2.00 ,精装概念设计完成经甲方确认后2个月内,0.20 ,240305.94 ,240305.94 ,产值确认单,45895.00 ,240305.94 ,45895.00 ,240305.94 ,45895.00 ,240305.94 ,45929.00 ,0.00 ,,,,,,,,,,,,,,,,,,,,,,,,240305.94 ,,,,,,,,,,,,,,240305.94 ,,,,,,,,,,,,,,,
,,,,,,,,,,,,,,,,,,,,,,,,,,,,3.00 ,·,0.20 ,240305.94 ,240305.94 ,产值确认单,45895.00 ,240305.94 ,45895.00 ,240305.94 ,45895.00 ,240305.94 ,45929.00 ,0.00 ,,,,,,,,,,,,,,,,,,,,,,,,240305.94 ,,,,,,,,,,,,,,240305.94 ,,,,,,,,,,,,,,,
,,,,,,,,,,,,,,,,,,,,,,,,,,,,4.00 ,精装施工图设计完成经甲方确认后2个月内,0.20 ,240305.94 ,240305.94 ,产值确认单,45895.00 ,240305.94 ,45895.00 ,240305.94 ,45895.00 ,240305.94 ,45929.00 ,0.00 ,,,,,,,,,,,,,,,,,,,,,,,,240305.94 ,,,,,,,,,,,,,,240305.94 ,,,,,,,,,,,,,,,
,,,,,,,,,,,,,,,,,,,,,,,,,,,,5.00 ,精装修竣工验收合格并经甲方确认后2个月内,0.20 ,240305.94 ,0.00 ,,,,,,,0.00 ,,0.00 ,,,,,,,,,,,,,,,,,,,,,,,,,,,,,,,,,,,,,,,,,,,,,,,,,,,,,
,,,,,"中国铁建博悦项目
建设工程设计总包管理服务合同
（BIM部分）",CRCCRE-SJ-XM-2025-009,"设计总包
（自揽BIM）",CRCCRE-HZ-XAJG-XACBAT-QQ-2025-009,西安国际港务区京港房地产开发有限公司,,,306794.98 ,,,,,,,,,154000.00 ,,,,,152794.98 ,,1.00 ,合同签订后2个月内,0.20 ,61359.00 ,61359.00 ,产值确认单,45895.00 ,61359.00 ,45895.00 ,61359.00 ,45895.00 ,61359.00 ,45929.00 ,0.00 ,,,,,,,,,,,,,,,,,,,61359.00 ,,,,,,,,,,,,,,61359.00 ,,,,,,,,,,,,,,,,,,,,
,,,,,,,,,,,,,,,,,,,,,,,,,,,,2.00 ,提交地下车库及地下室BIM模型且经过甲方确认后2个月内,0.30 ,92038.49 ,92038.49 ,产值确认单,45895.00 ,92038.49 ,45895.00 ,92038.49 ,45895.00 ,92038.49 ,45929.00 ,0.00 ,,,,,,,,,,,,,,,,,,,92038.49 ,,,,,,,,,,,,,,92038.49 ,,,,,,,,,,,,,,,,,,,,
,,,,,,,,,,,,,,,,,,,,,,,,,,,,3.00 ,提交地上BIM建模成果，经甲方审核确认后2个月内,0.20 ,61359.00 ,61359.00 ,预估,46078.00 ,,,,,61359.00 ,46111.00 ,0.00 ,,,,,,,,,,,,,,,,,,61359.00 ,,,,,,,,,,,,,,61359.00 ,,,,,,,,,,,,,,,,,,,,,
,,,,,,,,,,,,,,,,,,,,,,,,,,,,4.00 ,乙方根据甲方优化后的施工图纸提交BIM咨询优化报告、完成BIM咨询范围的交底工作且经过甲方确认后2个月内,0.25 ,76698.75 ,76698.75 ,预估,46078.00 ,,,,,76698.75 ,46111.00 ,0.00 ,,,,,,,,,,,,,17228.15 ,,,,,59470.60 ,,,,,,,,,17228.15 ,,,,,59470.60 ,,,,,,,,,,,,,,,,,,,,,
,,,,,,,,,,,,,,,,,,,,,,,,,,,,5.00 ,项目竣工验收合格，本合同办理完成结算后2个月内,0.05 ,15339.75 ,0.00 ,,,,,,,0.00 ,,0.00 ,,,,,,,,,,,,,,,,,,,,,,,,,,,,,,,,,,,,,,,,,,,,,,,,,,,,,
,,,,,"中国铁建博悦项目
建设工程设计总包管理服务合同
（咨询部分）",CRCCRE-SJ-XM-2025-009,"设计总包
（自揽咨询）",CRCCRE-HZ-XAJG-XACBAT-QQ-2025-009,西安国际港务区京港房地产开发有限公司,98397.49 ,,393589.96 ,,,,,,,,393589.96 ,,,,,,,,1.00 ,合同签订且乙方开展设计咨询工作并提供设计咨询优化意见且经甲方确认后2个月内,0.20 ,78717.99 ,78717.99 ,产值确认单,45895.00 ,78717.99 ,45895.00 ,78717.99 ,45895.00 ,78717.99 ,45929.00 ,0.00 ,,,,,,,,,,,,,,,,,,78717.99 ,,,,,,,,,,,,,,78717.99 ,,,,,,,,,,,,,,,,,,,,,
,,,,,,,,,,,,,,,,,,,,,,,,,,,,2.00 ,本项目取得《建设工程规划许可证》，提交方案至报规阶段设计咨询报告且经甲方确认后2个月内,0.20 ,78717.99 ,78717.99 ,产值确认单,45895.00 ,78717.99 ,45895.00 ,78717.99 ,45895.00 ,78717.99 ,45929.00 ,0.00 ,,,,,,,,,,,,,,,,,,78717.99 ,,,,,,,,,,,,,,78717.99 ,,,,,,,,,,,,,,,,,,,,,
,,,,,,,,,,,,,,,,,,,,,,,,,,,,3.00 ,本项目取得《施工图审查合格书》，提交施工图阶段设计咨询报告且经甲方确认后2个月内,0.40 ,157435.98 ,157435.98 ,产值确认单,45895.00 ,157435.98 ,45895.00 ,157435.98 ,45895.00 ,157435.98 ,45929.00 ,0.00 ,,,,,,,,,,,,,,,,,,157435.98 ,,,,,,,,,,,,,,157435.98 ,,,,,,,,,,,,,,,,,,,,,
,,,,,,,,,,,,,,,,,,,,,,,,,,,,4.00 ,提交最终版设计咨询总结报告且经甲方确认，本项办理完成结算后2个月内,0.20 ,78717.99 ,0.00 ,,,,,,,0.00 ,,0.00 ,,,,,,,,,,,,,,,,,,,,,,,,,,,,,,,,,,,,,,,,,,,,,,,,,,,,,
,,,,,"中国铁建博悦项目
建设工程设计总包管理服务合同
（精审部分）",CRCCRE-SJ-XM-2025-009,"设计总包
（自揽精审）",CRCCRE-HZ-XAJG-XACBAT-QQ-2025-009,西安国际港务区京港房地产开发有限公司,98397.49 ,,98397.49 ,,,,,,,,98397.49 ,,,,,,,,1.00 ,合同签订且乙方开展精细化审查工作并提供精细化审查意见且经甲方确认后2个月内,0.20 ,19679.50 ,19679.50 ,产值确认单,45895.00 ,19679.50 ,45895.00 ,19679.50 ,45895.00 ,19679.50 ,45929.00 ,0.00 ,,,,,,,,,,,,,,,,,,19679.50 ,,,,,,,,,,,,,,19679.50 ,,,,,,,,,,,,,,,,,,,,,
,,,,,,,,,,,,,,,,,,,,,,,,,,,,2.00 ,本项目取得《施工图审查合格书》，提交施工图精审报告且经甲方确认2个月内,0.60 ,59038.49 ,59038.49 ,产值确认单,45895.00 ,59038.49 ,45895.00 ,59038.49 ,45895.00 ,59038.49 ,45929.00 ,0.00 ,,,,,,,,,,,,,,,,,,59038.49 ,,,,,,,,,,,,,,59038.49 ,,,,,,,,,,,,,,,,,,,,,
,,,,,,,,,,,,,,,,,,,,,,,,,,,,3.00 ,提交最终版精细化审查总结报告且经甲方确认，本项办理完成结算后2个月内,0.20 ,19679.50 ,0.00 ,,,,,,,0.00 ,,0.00 ,,,,,,,,,,,,,,,,,,,,,,,,,,,,,,,,,,,,,,,,,,,,,,,,,,,,,
,,,,,"中国铁建博悦项目
建设工程设计总包管理服务合同
（智能化部分）",CRCCRE-SJ-XM-2025-009,"设计总包
（智能化外委）",CRCCRE-HZ-XAJG-XACBAT-QQ-2025-009,西安国际港务区京港房地产开发有限公司,98397.49 ,,127916.74 ,,,,,,,,,,,,,,127916.74 ,项目管理中心,1.00 ,合同签订，提交智能化设计方案经甲方确认后15个工作日内请款，次月30日前付款,0.20 ,25583.35 ,25583.35 ,产值确认单,45895.00 ,25583.35 ,45895.00 ,25583.35 ,45895.00 ,25583.35 ,45929.00 ,0.00 ,,,,,,,,,,,,,,,,,,,,,,,,25583.35 ,,,,,,,,,,,,,,25583.35 ,,,,,,,,,,,,,,,
,,,,,,,,,,,,,,,,,,,,,,,,,,,,2.00 ,智能化设计工作完成，提交全套智慧化设计施工图并经过甲方确认，经相关机构审查通过（如有）后15个工作日内请款，次月30日前付款,0.40 ,51166.70 ,51166.69 ,产值确认单,45895.00 ,51166.69 ,45895.00 ,51166.69 ,45895.00 ,51166.69 ,45929.00 ,0.00 ,,,,,,,,,,,,,,,,,,,,,,,,51166.69 ,,,,,,,,,,,,,,51166.69 ,,,,,,,,,,,,,,,
,,,,,,,,,,,,,,,,,,,,,,,,,,,,3.00 ,提交工程量清单，并配合完成智能化工程招标后15个工作日内请款，次月30日前付款,0.20 ,25583.35 ,25583.35 ,预估,46078.00 ,,,,,25583.35 ,46111.00 ,0.00 ,,,,,,,,,,,,,,,,,,,,,,,,25583.35 ,,,,,,,,,,,,,,25583.35 ,,,,,,,,,,,,,,,
,,,,,,,,,,,,,,,,,,,,,,,,,,,,4.00 ,整体竣工验收完成，办理完成结算后15个工作日内请款，次月30日前付款,0.20 ,25583.35 ,0.00 ,,,,,,,0.00 ,,0.00 ,,,,,,,,,,,,,,,,,,,,,,,,,,,,,,,,,,,,,,,,,,,,,,,,,,,,,
,华中,45838.00 ,西安高新区31亩项目,,越秀地产中西部区域西安璞悦云萃小区项目BIM咨询服务合同,CRCCRE-SJ-BIM-2025-003,BIM,HT-2025-020890,西安铁晟越合房地产开发有限公司,67071.08 ,4元/㎡，+2%保理贴息,273650.01 ,,,,,,,,30000.00 ,243650.01 ,,,,,,,1.00 ,合同签订,0.20 ,54730.00 ,53656.86 ,产值确认单,45859.00 ,53656.86 ,45859.00 ,53656.86 ,45859.00 ,53656.86 ,45894.00 ,0.00 ,,,,,,,,,,,,,,,,,,,53656.86 ,,,,,,,,,,,,,,53656.86 ,,,,,,,,,,,,,,,,,,,,
,,,,,,,,,,,,,,,,,,,,,,,,,,,,2.00 ,提交地下车库及地下室BIM模型且经过甲方确认后2个月内,0.30 ,82095.00 ,80485.30 ,产值确认单,45859.00 ,80485.30 ,45859.00 ,80485.30 ,45859.00 ,80485.30 ,45894.00 ,0.00 ,,,,,,,,,,,,,,,,,,,80485.30 ,,,,,,,,,,,,,,80485.30 ,,,,,,,,,,,,,,,,,,,,
,,,,,,,,,,,,,,,,,,,,,,,,,,,,3.00 ,提交地上BIM建模成果，经甲方审核确认后2个月内,0.20 ,54730.00 ,53656.86 ,预估,46052.00 ,,,,,53656.86 ,46052.00 ,0.00 ,,,,,,,,,,,,,,,,,,30000.00 ,23656.86 ,,,,,,,,,,,,,30000.00 ,23656.86 ,,,,,,,,,,,,,,,,,,,,
,,,,,,,,,,,,,,,,,,,,,,,,,,,,4.00 ,乙方根据甲方优化后的施工图纸提交BIM咨询优化报告、完成BIM咨询范围的交底工作且经过甲方确认后2个月内,0.25 ,68412.50 ,68412.50 ,预估,46111.00 ,,,,,68412.50 ,46142.00 ,0.00 ,,,,,,,,,,,,,,,,,,,68412.50 ,,,,,,,,,,,,,,68412.50 ,,,,,,,,,,,,,,,,,,,,
,,,,,,,,,,,,,,,,,,,,,,,,,,,,5.00 ,项目竣工验收合格，本合同办理完成结算后2个月内,0.05 ,13682.50 ,0.00 ,,,,,,,0.00 ,,0.00 ,,,,,,,,,,,,,,,,,,,,,,,,,,,,,,,,,,,,,,,,,,,,,,,,,,,,,
19,华中,43903.00 ,西安西派国际项目（明月府邸）（完成）,CRCCRE-DC-XM-2020-111,中国铁建明月府邸（推广名：西派国际）1号地块BIM技术全过程应用咨询服务合同,CRCCRE-SJ-XM-2019-005,BIM,,甲：中国铁建房地产集团有限公司 乙：西安中铁京泰房地产开发有限公司,BIM全过程按总建面146932.01㎡计算；建模总建面146932.01㎡；园区和小市政暂估20371㎡，户型精装暂估1000㎡,第一部分：BIM全过程咨询20元/㎡（其中17元/㎡项目公司承担，3元/㎡为集团补贴）      BIM建模地下室5元/㎡，小市政6元/㎡，户型精装150元/㎡,4077227.24 ,0.00 ,0.00 ,0.00 ,0.00 ,0.00 ,0.00 ,0.00 ,0.00 ,4077227.24 ,0.00 ,0.00 ,,,0.00 ,0.00 ,1.00 ,合同签订后，三十个工作日内.总建筑面积*约定单价（17元/㎡）*50%,（17元/㎡）*50%,1248922.09 ,1248922.09 ,开票,43999.00 ,/,/,1248922.09 ,43999.00 ,1248922.09 ,44175.00 ,0.00 ,资金紧张,,甲方7月报资金计划，走久其付款最晚9月15日之前到账,,4077227.24 ,4077227.24 ,4077227.24 ,0.00 ,0.00 ,0.00 ,,,,,,,,,1248922.09 ,,,,,,,,,,,,,,1248922.09 ,,,,,,,,,,,,,,,,,,,,
,,,,,,,,,,,,,,,,,,,,,,,,,,,,2.00 ,丙方完成 BIM 实施准备阶段工作及施工图全专业BIM建模成果提交后，二十个工作日内，结算金额（17元/㎡）*50%,（17元/㎡）*50%,1248922.09 ,1248922.09 ,产值确认单,44410.00 ,1248922.09 ,44410.00 ,1248922.09 ,44411.00 ,1248922.09 ,44497.00 ,0.00 ,,,,,,,,,,,,,,,,,,,1248922.09 ,,,,,,,,,,,,,,1248922.09 ,,,,,,,,,,,,,,,,,,,,
,,,,,,,,,,,,,,,,,,,,,,,,,,,,3.00 ,丙方完成BIM施工方标准宣贯和BIM平台培训及施工阶段的 BIM 咨询工作，二十个工作日内。总建筑面积*约定单价（3元/㎡）*80%,（3元/㎡）*80%,352636.82 ,352636.82 ,产值确认单,45286.00 ,352636.82 ,45286.00 ,352636.82 ,45660.00 ,352636.82 ,45719.00 ,0.00 ,,,,,,,,,,,,,,,,,,,352636.82 ,,,,,,,,,,,,,,352636.82 ,,,,,,,,,,,,,,,,,,,,
,,,,,,,,,,,,,,,,,,,,,,,,,,,,4.00 ,丙方完成合同约定所有内容，经甲、乙方确认后，二十个工作日内,（3元/㎡）*20%,88159.21 ,88159.21 ,产值确认单,45286.00 ,88159.21 ,45286.00 ,88159.21 ,45660.00 ,88159.21 ,45719.00 ,0.00 ,,,,,,,,,,,,,,,,,,,88159.21 ,,,,,,,,,,,,,,88159.21 ,,,,,,,,,,,,,,,,,,,,
,,,,,,,,,,,,,,,,,,,,,,,,,,,,1.00 ,合同签订后，三十个工作日内，合同第二部分费用暂定总额50%,0.50 ,569293.52 ,569293.52 ,开票,43999.00 ,/,/,569293.52 ,43999.00 ,569293.52 ,44175.00 ,0.00 ,资金紧张,,甲方7月报资金计划，走久其付款最晚9月15日之前到账,,,,,,,,,,,,,,,,569293.52 ,,,,,,,,,,,,,,569293.52 ,,,,,,,,,,,,,,,,,,,,
,,,,,,,,,,,,,,,,,,,,,,,,,,,,2.00 ,丙方完成所有内容，经乙方确认后，二十个工作日内，剩余结算,0.50 ,569293.52 ,569293.52 ,产值确认单,44410.00 ,569293.52 ,44410.00 ,569293.52 ,44411.00 ,569293.52 ,44497.00 ,0.00 ,,,,,,,,,,,,,,,,,,,569293.52 ,,,,,,,,,,,,,,569293.52 ,,,,,,,,,,,,,,,,,,,,
20,物业,43892.00 ,"复兴路40号院职工家属区项目
(完成)",CRCCRE-DC-XM-2020-006,复兴路40号院职工家属区“三供一业”分离移交项目设计,CRCCRE-SJ-GC-2020-002,施工图,,中铁建物业管理有限公司,/,总投资额3%,750000.00 ,0.00 ,0.00 ,0.00 ,0.00 ,0.00 ,750000.00 ,0.00 ,0.00 ,0.00 ,0.00 ,0.00 ,,,0.00 ,0.00 ,1.00 ,本工程无预付款，设计费用在完成全部设计图纸并交予发包人后15天内支付合同总额的30%,0.30 ,225000.00 ,225000.00 ,开票,43983.00 ,/,/,225000.00 ,43983.00 ,225000.00 ,44119.00 ,0.00 ,已完成,,,,750000.00 ,750000.00 ,750000.00 ,0.00 ,0.00 ,0.00 ,,,,,,225000.00 ,,,,,,,,,,,,,,225000.00 ,,,,,,,,,,,,,,,,,,,,,,,
,,,,,,,,,,,,,,,,,,,,,,,,,,,,2.00 ,在完成图纸外审无异议后15天内支付合同总额的60%,0.60 ,450000.00 ,450000.00 ,开票,44062.00 ,450000.00 ,44044.00 ,450000.00 ,44062.00 ,450000.00 ,44190.00 ,0.00 ,,,预计11月份付款,,,,,,,,,,,,,450000.00 ,,,,,,,,,,,,,,450000.00 ,,,,,,,,,,,,,,,,,,,,,,,
,,,,,,,,,,,,,,,,,,,,,,,,,,,,3.00 ,在竣工验收无异议后15天内支付合同总额的10%,0.10 ,75000.00 ,75000.00 ,产值确认单,44379.00 ,75000.00 ,44379.00 ,75000.00 ,44383.00 ,75000.00 ,44558.00 ,0.00 ,,,,,,,,,,,,,,,,75000.00 ,,,,,,,,,,,,,,75000.00 ,,,,,,,,,,,,,,,,,,,,,,,
21,物业,43892.00 ,"玉泉路65号和19号院小区改造工程
(完成)",CRCCRE-DC-XM-2020-005,石景山玉泉路65号院和海淀区西四环中路19号院职工家属区小区改造工程合同,CRCCRE-SJ-GC-2020-003,施工图,,中铁建物业管理有限公司,/,总投资额3%,420000.00 ,0.00 ,0.00 ,0.00 ,0.00 ,0.00 ,420000.00 ,0.00 ,0.00 ,0.00 ,0.00 ,0.00 ,,,0.00 ,无,1.00 ,本工程无预付款，设计费用在完成全部设计图纸并交予发包人后15天内支付合同总额的30%,0.30 ,126000.00 ,126000.00 ,开票,44288.00 ,126000.00 ,44287.00 ,126000.00 ,44288.00 ,126000.00 ,44347.00 ,0.00 ,"中铁建设：24272.53元
铁五院：8784.65元
股份公司：92942.82元",,,,396648.44 ,396648.44 ,396648.44 ,23351.56 ,0.00 ,0.00 ,,,,,,126000.00 ,,,,,,,,,,,,,,126000.00 ,,,,,,,,,,,,,,,,,,,,,,,
,,,,,,,,,,,,,,,,,,,,,,,,,,,,2.00 ,在完成图纸外审无异议后15天内支付合同总额的60%,0.60 ,252000.00 ,252000.00 ,产值确认单,44383.00 ,252000.00 ,44287.00 ,252000.00 ,44383.00 ,252000.00 ,44448.00 ,0.00 ,结算金额：396648.44元,,,,,,,,,,,,,,,252000.00 ,,,,,,,,,,,,,,252000.00 ,,,,,,,,,,,,,,,,,,,,,,,
,,,,,,,,,,,,,,,,,,,,,,,,,,,,3.00 ,在竣工验收无异议后15天内支付合同总额的10%,0.10 ,42000.00 ,42000.00 ,产值确认单,44555.00 ,42000.00 ,44545.00 ,18648.44 ,45280.00 ,18648.44 ,45288.00 ,23351.56 ,,,,,,,,,,,,,,,,42000.00 ,,,,,,,,,,,,,,18648.44 ,,,,,,,,,,,,,,,,,,,,,,,
,,,,,,,,,,,,,,,,,,,,,,,,,,,,4.00 ,,,,-23351.56 ,产值确认单,45903.00 ,-23351.56 ,45903.00 ,,,0.00 ,,-23351.56 ,,,,,,,,,,,,,,,,-23351.56 ,,,,,,,,,,,,,,,,,,,,,,,,,,,,,,,,,,,,,
,物业,43784.00 ,"梧桐苑项目小市政管道改造工程
(完成)",/,建设工程设计合同(一)梧桐苑项目小市政管道改造工程,CRCCRE-SJ-GC-2019-002,施工图,,中铁建物业管理有限公司,/,单项目：42万元,420000.00 ,0.00 ,0.00 ,0.00 ,0.00 ,0.00 ,420000.00 ,0.00 ,0.00 ,0.00 ,0.00 ,0.00 ,,,0.00 ,无,1.00 ,合同签订后15日内,0.20 ,84000.00 ,84000.00 ,开票,43832.00 ,/,/,84000.00 ,43832.00 ,84000.00 ,43852.00 ,0.00 ,已完成,,一次性请款、开票至100%,,420000.00 ,420000.00 ,420000.00 ,0.00 ,0.00 ,0.00 ,,,,,,84000.00 ,,,,,,,,,,,,,,84000.00 ,,,,,,,,,,,,,,,,,,,,,,,
,,,,,,,,,,,,,,,,,,,,,,,,,,,,2.00 ,施工图设计完成交付甲方并经甲方审查确认后15日内,0.75 ,315000.00 ,315000.00 ,开票,43832.00 ,/,/,315000.00 ,43832.00 ,315000.00 ,43852.00 ,0.00 ,,,,,,,,,,,,,,,,315000.00 ,,,,,,,,,,,,,,315000.00 ,,,,,,,,,,,,,,,,,,,,,,,
,,,,,,,,,,,,,,,,,,,,,,,,,,,,3.00 ,竣工验收后15日内,0.05 ,21000.00 ,21000.00 ,开票,43832.00 ,/,/,21000.00 ,43832.00 ,21000.00 ,43852.00 ,0.00 ,,,,,,,,,,,,,,,,21000.00 ,,,,,,,,,,,,,,21000.00 ,,,,,,,,,,,,,,,,,,,,,,,
20,华中,44274.00 ,太原武宿机场片区,无,中铁房地产集团华中有限公司2020-2021年度强排方案设计战略合作协议,CRCCRE-SJ-CZ-2021-002,方案,,中铁房地产集团华中有限公司,"横河地块：1535306.50㎡
西温庄地块：
2685893.87㎡
策划定位报告：5074723.36㎡",/,1620000.00 ,0.00 ,0.00 ,0.00 ,1620000.00 ,0.00 ,0.00 ,0.00 ,0.00 ,0.00 ,0.00 ,0.00 ,,,0.00 ,0.00 ,1.00 ,"横河地块概念性规划及方案设计（简版）计容面积：1535306.50㎡
结算金额：34万",1.00 ,340000.00 ,1620000.00 ,产值确认单,44791.00 ,1620000.00 ,44791.00 ,980000.00 ,45083.00 ,980000.00 ,45132.00 ,640000.00 ,,,,,1620000.00 ,1620000.00 ,980000.00 ,0.00 ,0.00 ,640000.00 ,,,,1620000.00 ,,,,,,,,,,,,,,980000.00 ,,,,,,,,,,,,,,,,,,,,,,,,,
,,,,,,,,,,,,,,,,,,,,,,,,,,,,2.00 ,"西温庄地块概念性规划方案（简版）
计容面积：2685893.87㎡
结算金额：20万",1.00 ,200000.00 ,,,,,,,,,,,,,,,,,,,,,,,,,,,,,,,,,,,,,,,,,,,,,,,,,,,,,,,,,,,,,,,
,,,,,,,,,,,,,,,,,,,,,,,,,,,,3.00 ,"策划定位报告（简版）
计容面积：5074723.36㎡
结算金额：108万",1.00 ,1080000.00 ,,,,,,640000.00 ,,,,,,,,,,,,,,,,,,,,,,,,,,,,,,,,,,,,,,,,,,,,,,,,,,,,,,,,,
20,华中,44834.00 ,"西派樘樾小区项目
（不审计）
（完成）",CRCCRE-DC-XM-2022-024,"西派樘樾小区项目架空层及公区精装修
方案及施工图设计合同",CRCCRE-SJ-XM-2022-031,方案+施工图,CRCCRE-HZ-XAGX-XAGXSLRJCMDK-KF.QQ.02.04-2022-002,西安铁晟房地产开发有限公司,/,/,1714653.00 ,0.00 ,0.00 ,0.00 ,0.00 ,0.00 ,0.00 ,0.00 ,0.00 ,0.00 ,0.00 ,0.00 ,0.00 ,,1714653.00 ,0.00 ,预付款,签约，并由甲方发出设计任务指令、乙方提供同等金额保函,0.30 ,514395.90 ,514395.90 ,产值确认单,44879.00 ,514395.90 ,44879.00 ,1058628.25 ,44966.00 ,1058628.25 ,45002.00 ,,扣除1、40-52设计内容，扣除设计费469208元，最终合同总价：1245445元,,,,,1245445.00 ,1245445.00 ,1714653.00 ,,0.00 ,,,,,,,,,,,,,,514395.90 ,,,,,,,,,,,,,,1058628.25 ,,,,,,,,,,,,,,,
,,,,,,,,,,,,,,,,,,,,,,,,,,,,方案设计,按甲方要求完成批量方案设计阶段最终成果并经甲方书面确认,0.30 ,514395.90 ,514395.90 ,产值确认单,44879.00 ,514395.90 ,44879.00 ,,,,,,,,,,,,,,,,,,,,,,,,,,,,,514395.90 ,,,,,,,,,,,,,,,,,,,,,,,,,,,,,
,,,,,,,,,,,,,,,,,,,,,,,,,,,,方案扩初,甲方书面确认电气点位图,0.25 ,428663.25 ,29836.45 ,产值确认单,44965.00 ,29836.45 ,44965.00 ,,,,,,,,,,,,,,,,,,,,,,,,,,,,,29836.45 ,,,,,,,,,,,,,,,,,,,,,,,,,,,,,
,,,,,,,,,,,,,,,,,,,,,,,,,,,,,完成主要平、立面图，材料说明及概算，完成方案扩初设计阶段最终成果,,,0.00 ,,,398826.80 ,,,,0.00 ,,,,,,,,,,,,,,,,,,,,,,,,,,,,,,,,,,,,,,,,,,,,,,,,,,,,,,,
,,,,,,,,,,,,,,,,,,,,,,,,,,,,施工图,甲方书面确认施工图、材料样板、变异户型设计最终成果,0.12 ,205758.36 ,149453.40 ,产值确认单,45005.00 ,149453.40 ,45005.00 ,149453.40 ,45005.00 ,149453.40 ,45064.00 ,,产值收入外委,,,,,,,,,,,,,,,,,,,,,,,149453.40 ,,,,,,,,,,,,,,149453.40 ,,,,,,,,,,,,,,,
,,,,,,,,,,,,,,,,,,,,,,,,,,,,施工现场服务、工程完成,室内装修施工完成，并确认完成全部图纸变更单，工程完工并验收合格办理结算,0.03 ,51439.59 ,37363.35 ,产值确认单,45783.00 ,37363.35 ,45783.00 ,37363.35 ,45784.00 ,37363.35 ,45821.00 ,,,,,,,,,,,,,,,,,,,,,,,,,37363.35 ,,,,,,,,,,,,,,37363.35 ,,,,,,,,,,,,,,,
22,外部,43396.00 ,"中铁十九局御水澜湾
（完成）",/,"中国铁建御水澜湾项目
建筑设计咨询服务合同",CRCCRE-SJ-ZX-2018-008,咨询,,中铁十九局集团（沈阳）房地产开发有限公司,334612.00 ,咨询：7元/㎡,2342284.00 ,0.00 ,0.00 ,0.00 ,0.00 ,0.00 ,0.00 ,0.00 ,2342284.00 ,0.00 ,0.00 ,,,,0.00 ,0.00 ,1.00 ,合同签订后，甲方在提交全部设计资料给乙方后30个工作日内支付合同价款总额的20%给乙方,0.20 ,468456.80 ,468456.80 ,开票,43525.00 ,/,/,468456.80 ,43525.00 ,468456.80 ,43678.00 ,0.00 ,已完成 ,,,,2342284.00 ,2342284.00 ,2342284.00 ,0.00 ,0.00 ,0.00 ,,,,,,,,468456.80 ,,,,,,,,,,,,,,468456.80 ,,,,,,,,,,,,,,,,,,,,,
,,,,,,,,,,,,,,,,,,,,,,,,,,,,2.00 ,乙方完成方案阶段的设计咨询工作并经甲方认可，甲方支付合同价款总额的30%给乙方,0.30 ,702685.20 ,702685.20 ,开票,43739.00 ,/,/,702685.20 ,43739.00 ,702685.20 ,43800.00 ,0.00 ,,,,,,,,,,,,,,,,,,702685.20 ,,,,,,,,,,,,,,702685.20 ,,,,,,,,,,,,,,,,,,,,,
,,,,,,,,,,,,,,,,,,,,,,,,,,,,3.00 ,乙方完成施工图阶段的设计咨询工作并经甲方认可，甲方支付合同价款总额的50%给乙方,0.50 ,1171142.00 ,1171142.00 ,开票,43990.00 ,/,/,1171142.00 ,43990.00 ,1171142.00 ,44018.00 ,0.00 ,,,7月已回款,,,,,,,,,,,,,,,1171142.00 ,,,,,,,,,,,,,,1171142.00 ,,,,,,,,,,,,,,,,,,,,,
23,外部,43255.00 ,玉泉路项目,/,石景山区玉泉西一路x-18160地块项目建筑设计咨询服务合同,CRCCRE-SJ-ZX-2018-004,咨询,,北京中实置业有限公司,95526.00 ,咨询：7元/㎡,668682.00 ,0.00 ,0.00 ,0.00 ,0.00 ,0.00 ,0.00 ,0.00 ,668682.00 ,0.00 ,0.00 ,,,,0.00 ,0.00 ,1.00 ,支付 20％为本合同预付款,0.20 ,133736.40 ,133700.00 ,产值确认单,43160.00 ,/,/,133700.00 ,43160.00 ,133700.00 ,43252.00 ,0.00 ,"扣除招标代理费：9027元
结算金额：659655元",,,,659641.20 ,659655.00 ,659655.00 ,9040.80 ,-13.80 ,0.00 ,,,,,,,,133700.00 ,,,,,,,,,,,,,,133700.00 ,,,,,,,,,,,,,,,,,,,,,
,,,,,,,,,,,,,,,,,,,,,,,,,,,,2.00 ,支付当前进行地块设计咨询费的30％为方案设计阶段付款,0.30 ,200604.60 ,191573.00 ,产值确认单,43282.00 ,/,/,191573.00 ,43282.00 ,191573.00 ,43344.00 ,0.00 ,,,,,,,,,,,,,,,,,,191573.00 ,,,,,,,,,,,,,,191573.00 ,,,,,,,,,,,,,,,,,,,,,
,,,,,,,,,,,,,,,,,,,,,,,,,,,,3.00 ,支付当前进行地块设计咨询费的40％为施工图阶段付款,0.40 ,267472.80 ,267500.00 ,产值确认单,43739.00 ,/,/,267500.00 ,43739.00 ,267500.00 ,43800.00 ,0.00 ,,,,,,,,,,,,,,,,,,267500.00 ,,,,,,,,,,,,,,267500.00 ,,,,,,,,,,,,,,,,,,,,,
,,,,,,,,,,,,,,,,,,,,,,,,,,,,4.00 ,支付当前进行地块设计费的10％为施工完成后尾款,0.10 ,66868.20 ,66868.20 ,产值确认单,44186.00 ,66868.20 ,44186.00 ,66882.00 ,,66882.00 ,,-13.80 ,,,,,,,,,,,,,,,,,,66868.20 ,,,,,,,,,,,,,,66882.00 ,,,,,,,,,66882.00 ,0.00 ,,,,,,,,,,,
24,外部,43925.00 ,"中车·国际广场三期项目
（完成）",CRCCRE-DC-XM-2020-053,BIM建模管综优化设计委托合同,CRCCRE-SJ-BIM-2020-005,BIM,,中车置业（太原）有限公司,地下室及地库按用地面积54525.68㎡；园区小市政按地下室建筑面积70898.89㎡,BIM单点应用BIM建模地下室：7.2元/㎡         市政：8.5元/㎡,995225.46 ,0.00 ,0.00 ,0.00 ,0.00 ,0.00 ,0.00 ,0.00 ,0.00 ,995225.46 ,0.00 ,,,,0.00 ,0.00 ,1.00 ,合同签订后，30个工作日内,0.20 ,199045.09 ,199045.09 ,开票,43969.00 ,/,/,199045.09 ,43969.00 ,199045.09 ,43978.00 ,0.00 ,,,,,995225.46 ,995225.46 ,995225.46 ,0.00 ,0.00 ,0.01 ,,,,,,,,,199045.09 ,,,,,,,,,,,,,,199045.09 ,,,,,,,,,,,,,,,,,,,,
,,,,,,,,,,,,,,,,,,,,,,,,,,,,2.00 ,乙方提交第一版BIM模型后，经甲方书面确认后，30个工作日内,0.35 ,348328.91 ,348328.91 ,开票,44053.00 ,/,/,348328.91 ,44053.00 ,348328.91 ,44068.00 ,0.00 ,,,8月已回款,,,,,,,,,,,,,,,,348328.91 ,,,,,,,,,,,,,,348328.91 ,,,,,,,,,,,,,,,,,,,,
,,,,,,,,,,,,,,,,,,,,,,,,,,,,3.00 ,乙方提交所有成果，经甲方书面确认后，30个工作日内,0.35 ,348328.91 ,348328.91 ,产值确认单,44545.00 ,348328.91 ,44545.00 ,348328.91 ,44538.00 ,348328.91 ,44587.00 ,0.00 ,,,,,,,,,,,,,,,,,,,348328.91 ,,,,,,,,,,,,,,348328.91 ,,,,,,,,,,,,,,,,,,,,
,,,,,,,,,,,,,,,,,,,,,,,,,,,,4.00 ,乙方配合施工单位完成的地下室BIM深化工作，经甲方书面确认后，30个工作日内,0.10 ,99522.55 ,99522.55 ,产值确认单,44545.00 ,99522.55 ,44545.00 ,99522.55 ,44849.00 ,99522.55 ,44862.00 ,0.00 ,,,,,,,,,,,,,,,,,,,99522.55 ,,,,,,,,,,,,,,99522.55 ,,,,,,,,,,,,,,,,,,,,
25,外部,44169.00 ,温州未来社区精装项目,CRCCRE-DC-XM-2020-088,温州市核心片区广化单元黄龙商贸城街坊一期C-15地块批量户型精装及公共区域精装设计合同,CRCCRE-SJ-GC-2020-010,精装,CRCCUD-WZJO-QQ-2020-0032,温州京瓯城市开发有限公司,2225.83 ,综合单价：273.16元/㎡,608000.00 ,0.00 ,0.00 ,0.00 ,0.00 ,0.00 ,0.00 ,608000.00 ,0.00 ,0.00 ,0.00 ,0.00 ,,,0.00 ,0.00 ,1.00 ,合同签署生效之日起自乙方完成扩初设计之日起且经甲方审核确认后30个工作日内,0.20 ,121600.00 ,121600.00 ,产值确认单,44252.00 ,121600.00 ,44252.00 ,121600.00 ,44257.00 ,121600.00 ,44375.00 ,0.00 ,,,,,601920.00 ,601920.00 ,601920.00 ,6080.00 ,0.00 ,0.00 ,,,,,,,121600.00 ,,,,,,,,,,,,,,121600.00 ,,,,,,,,,,,,,,,,,,,,,,
,,,,,,,,,,,,,,,,,,,,,,,,,,,,2.00 ,自乙方完成施工图设计之日起 且经甲方审核确认后30个工作日内,0.40 ,243200.00 ,243200.00 ,产值确认单,44252.00 ,243200.00 ,44252.00 ,243200.00 ,44390.00 ,243200.00 ,44530.00 ,0.00 ,,,,,,,,,,,,,,,,,243200.00 ,,,,,,,,,,,,,,243200.00 ,,,,,,,,,,,,,,,,,,,,,,
,,,,,,,,,,,,,,,,,,,,,,,,,,,,3.00 ,装修图纸会审且经甲方审核确认后30个工作日内,0.20 ,121600.00 ,121600.00 ,开票,44772.00 ,121600.00 ,44813.00 ,121600.00 ,44813.00 ,121600.00 ,44895.00 ,0.00 ,,,,,,,,,,,,,,,,28880.00 ,78280.00 ,14440.00 ,,,,,,,,,,,,28880.00 ,78280.00 ,14440.00 ,,,,,,,,,,,,,,,,,,,,,
,,,,,,,,,,,,,,,,,,,,,,,,,,,,4.00 ,自甲方装修工程全部完成之日起经甲方审核确认后 30 个工作日内,0.20 ,121600.00 ,121600.00 ,产值确认单,45288.00 ,121600.00 ,45288.00 ,115520.00 ,,115520.00 ,46172.00 ,6080.00 ,,,,,,,,,,,,,,,,28880.00 ,78280.00 ,14440.00 ,,,,,,,,,,,,27436.00 ,74366.00 ,13718.00 ,,,,,,,,,,,,,,,,,,,,,
,,,,,,,,,,,,,,,,,,,,,,,,,,,,,,,,-6080.00 ,预估,46019.00 ,-6080.00 ,46019.00 ,,,0.00 ,,-6080.00 ,,,,,,,,,,,,,,,,-1444.00 ,-3914.00 ,-722.00 ,,,,,,,,,,,,,,,,,,,,,,,,,,,,,,,,,,,
1,商业,43784.00 ,天津榆关道项目,CRCCRE-DC-XM-2020-057,天津市河北区榆关道地块项目工程设计服务合同,CRCCRE-SJ-CZ-2019-016,策划+方案+施工图,CRCCRE-SY-XTZY-TJSZGLYGDXM-KF.QQ.02.01-2019-002,中铁房地产兴泰（天津）置业有限公司,24490.00 ,"策划：20万/项目
公建方案45元/平米、公建施工图40元/平米",2281650.00 ,200000.00 ,0.00 ,1102050.00 ,0.00 ,0.00 ,979600.00 ,0.00 ,0.00 ,0.00 ,0.00 ,,,,0.00 ,无,1.00 ,合同签订后,0.10 ,228165.00 ,228165.00 ,开票,43816.00 ,/,/,228165.00 ,43816.00 ,228165.00 ,43818.00 ,0.00 ,,合同签订,/,43784.00 ,1993494.25 ,1993494.25 ,1993494.25 ,288155.75 ,0.00 ,0.00 ,114082.50 ,,114082.50 ,,,,,,,,,,,,114082.50 ,,114082.50 ,,,,,,,,,,,,直接委托,OA,,,,,,,,,,,,,
,,,,,,CRCCRE-SJ-CZ-2019-016,,,,,,,,,,,,,,,,,,,,,,2.00 ,深度策划定位完成经过甲方认可并提交策划报告后,0.10 ,228165.00 ,1368990.00 ,产值确认单,44526.00 ,1368990.00 ,44526.00 ,228165.00 ,45982.00 ,228165.00 ,46001.00 ,1140825.00 ,,,,,,,,,,,,,924068.25 ,,,330839.25 ,,57041.25 ,,,,,,57041.25 ,,,228165.00 ,,,,,,,,,,,,,,,,,,,,,,,,,,
,,,,,,CRCCRE-SJ-CZ-2019-016,,,,,,,,,,,,,,,,,,,,,,3.00 ,方案调整、修改并通过政府审查（网上公示）,0.30 ,684495.00 ,,,,,,684495.00 ,44788.00 ,684495.00 ,44796.00 ,-684495.00 ,,,,,,,,,,,,,,,,,,,,,,,,,,,513371.25 ,,,102674.25 ,,34224.75 ,,,,,,34224.75 ,,,,,,,,,,,,,,,
,,,,,,CRCCRE-SJ-CZ-2019-016,,,,,,,,,,,,,,,,,,,,,,4.00 ,最终扩初设计与咨询取得政府相关部门审批（取得规划许可证）,0.20 ,456330.00 ,,,,,,456330.00 ,44909.00 ,456330.00 ,44923.00 ,-456330.00 ,,,,,,,,,,,,,,,,,,,,,,,,,,,182532.00 ,,,228165.00 ,,22816.50 ,,,,,,22816.50 ,,,,,,,,,,,,,,,
,,,,,,CRCCRE-SJ-CZ-2019-016,,,,,,,,,,,,,,,,,,,,,,5.00 ,施工图审查完成并审查合格后,0.25 ,570412.50 ,396339.25 ,产值确认单,45981.00 ,,,396339.25 ,45982.00 ,396339.25 ,46001.00 ,0.00 ,,,,,,,,,,,,,60608.91 ,,,275061.06 ,,58851.42 ,,,,,,1817.86 ,,,247035.25 ,,,95751.26 ,,51734.88 ,,,,,,1817.86 ,,,,,,,,,,,,,,,
,,,,,,CRCCRE-SJ-CZ-2019-016,,,,,,,,,,,,,,,,,,,,,,6.00 ,施工配合、竣工验收完成后,0.05 ,114082.50 ,0.00 ,,,,,,,0.00 ,,0.00 ,,,,,,,,,,,,,,,,,,,,,,,,,,,,,,,,,,,,,,,,,,,,,,,,,,,,,
,商业,44923.00 ,天津榆关道项目,,天津市河北区榆关道地块项目工程设计服务合同补充协议（一）,CRCCRE-SJ-CZ-2019-016-B1,方案+施工图,CRCCRE-SY-XTZY-TJSZGLYGDXM-KF.QQ.02.01-2019-002-B1,中铁房地产兴泰（天津）置业有限公司,/,/,1612328.50 ,,,1092866.84 ,,,441263.73 ,,78197.93 ,,,,,,,,1.00 ,本补充协议签订生效后30个工作日内支付,0.50 ,806164.25 ,1612328.50 ,产值确认单,44921.00 ,,,806164.25 ,45028.00 ,806164.25 ,45076.00 ,,,,,,,,,,,,,,1092866.84 ,,,441263.73 ,,78197.93 ,,,,,,,,,546433.42 ,,,220631.86 ,,39098.97 ,,,,,,,,,,,,,,,,,,,,,
,,,,,,,,,,,,,,,,,,,,,,,,,,,,2.00 ,按甲方要求提交本补充协议全部设计成果并经甲方审核通过（甲方同意在收到乙方提交的成果文件后7日内审核通过或提出意见，否则视为乙方提交的成果文件得到了甲方的审核通过）后30个工作日支付,0.30 ,483698.55 ,-806164.25 ,产值确认单,45981.00 ,,,,,0.00 ,,,,,,,,,,,,,,,-360007.08 ,,,-399941.67 ,,-46215.50 ,,,,,,,,,,,,,,,,,,,,,,,,,,,,,,,,,,,
,,,,,,,,,,,,,,,,,,,,,,,,,,,,3.00 ,尾款随原合同第8条第2款序号4节点支付（即：最终扩初设计与咨询取得政府相关部门审批（取得规划许可证）后30个工作日内支付）,0.20 ,322465.70 ,,,,,,,,0.00 ,,,,,,,,,,,,,,,,,,,,,,,,,,,,,,,,,,,,,,,,,,,,,,,,,,,,,,,
2,商业,43642.00 ,天津诗景软装（完成）,无,天津诗景广场公寓楼样板间室内软装设计及配饰工程管理服务合同,CRCCRE-SJ-CZ-2019-006,软装管理,,中铁房地产集团商业地产开发管理有限公司,/,"软装(含采购摆场)
4300/㎡",1490000.00 ,0.00 ,1490000.00 ,,0.00 ,0.00 ,0.00 ,,0.00 ,0.00 ,0.00 ,,,,0.00 ,创作中心：1450000,1.00 ,软装方案设计得到甲方认可后7个工作日内支付,0.50 ,745000.00 ,745000.00 ,开票,43650.00 ,/,/,745000.00 ,43650.00 ,745000.00 ,43669.00 ,0.00 ,,完成,/,/,1490000.00 ,1490000.00 ,1490000.00 ,0.00 ,0.00 ,0.00 ,,745000.00 ,,,,,,,,,,,,,,745000.00 ,,,,,,,,,,,,,,,,,,,,,,,,,,,
,,,,,,,,,,,,,,,,,,,,,,,,,,,,2.00 ,配置清单经甲方确认后，摆场工作开展前3个工作日内支付,0.40 ,596000.00 ,596000.00 ,开票,43657.00 ,/,/,596000.00 ,43657.00 ,596000.00 ,43823.00 ,0.00 ,汇票，未承兑,,/,/,,,,,,,,596000.00 ,,,,,,,,,,,,,,596000.00 ,,,,,,,,,,,,,,,,,,,,,,,,,,,
,,,,,,,,,,,,,,,,,,,,,,,,,,,,3.00 ,现场安装及摆场完成工作完成并经甲方验收后7个工作日内支付。,0.07 ,104300.00 ,104300.00 ,开票,44048.00 ,,,104300.00 ,44048.00 ,104300.00 ,44153.00 ,0.00 ,开票至100%,,5月底请款,43824.00 ,,,,,,,,,,,,,,,,,,,,104300.00 ,,,,,,,,,,,,,,104300.00 ,,,,,,,,,,,,,,,
,,,,,,,,,,,,,,,,,,,,,,,,,,,,4.00 ,验收完成后满一年支付。,0.03 ,44700.00 ,44700.00 ,开票,44048.00 ,,,44700.00 ,44048.00 ,44700.00 ,44364.00 ,0.00 ,,,,,,,,,,,,,,,,,,,,,,,,44700.00 ,,,,,,,,,,,,,,44700.00 ,,,,,,,,,,,,,,,
3,商业,44027.00 ,天津诗景软装（完成）,无,天津诗景广场公寓楼样板间室内软装设计及配饰工程管理服务合同（结算）补充协议,CRCCRE-SJ-CZ-2019-006-B1,软装管理,,中铁房地产集团商业地产开发管理有限公司,/,"软装(含采购摆场)
4300/㎡",86000.00 ,0.00 ,0.00 ,0.00 ,0.00 ,0.00 ,0.00 ,,0.00 ,0.00 ,0.00 ,,,,86000.00 ,项目管理中心：86000,1.00 ,软装方案设计得到甲方认可后7个工作日内支付,0.50 ,43000.00 ,43000.00 ,开票,44048.00 ,/,/,43000.00 ,44048.00 ,43000.00 ,44153.00 ,0.00 ,,完成,,,86000.00 ,86000.00 ,86000.00 ,0.00 ,0.00 ,0.00 ,,,,,,,,,,,,,,43000.00 ,,,,,,,,,,,,,,43000.00 ,,,,,,,,,,,,,,,
,,,,,,,,,,,,,,,,,,,,,,,,,,,,2.00 ,配置清单经甲方确认后，摆场工作开展前3个工作日内支付,0.40 ,34400.00 ,34400.00 ,开票,44048.00 ,/,/,34400.00 ,44048.00 ,34400.00 ,44153.00 ,0.00 ,,,,,,,,,,,,,,,,,,,,,,,,34400.00 ,,,,,,,,,,,,,,34400.00 ,,,,,,,,,,,,,,,
,,,,,,,,,,,,,,,,,,,,,,,,,,,,3.00 ,现场安装及摆场完成工作完成并经甲方验收后7个工作日内支付。,0.07 ,6020.00 ,6020.00 ,开票,44048.00 ,/,/,6020.00 ,44048.00 ,6020.00 ,44153.00 ,0.00 ,,,,,,,,,,,,,,,,,,,,,,,,6020.00 ,,,,,,,,,,,,,,6020.00 ,,,,,,,,,,,,,,,
,,,,,,,,,,,,,,,,,,,,,,,,,,,,4.00 ,验收完成后满一年支付。,0.03 ,2580.00 ,2580.00 ,开票,44048.00 ,,,2580.00 ,44048.00 ,2580.00 ,44364.00 ,0.00 ,,,,,,,,,,,,,,,,,,,,,,,,2580.00 ,,,,,,,,,,,,,,2580.00 ,,,,,,,,,,,,,,,
3,商业,43005.00 ,"天津国际城1A、1B
（中止）",无,中国铁建国际城1A、1B地块社区商业集合店设计咨询及精装修设计合同,CRCCRE-SJ-CZ-2017-015,精装管理,,中铁房地产集团商业地产开发管理有限公司,/,精装面积980平米,450000.00 ,0.00 ,0.00 ,0.00 ,450000.00 ,0.00 ,0.00 ,,0.00 ,0.00 ,0.00 ,,,,0.00 ,创作二室：350000,精装咨询-1,"精装修施工图设计完成并得到甲方认可后，5个工作日内请款,次月30日前支付。",0.90 ,90000.00 ,0.00 ,,,,,,,0.00 ,,0.00 ,,,项目暂停，未达请款条件,,175000.00 ,175000.00 ,175000.00 ,275000.00 ,0.00 ,0.00 ,,,,,,,,,,,,,,,,,,,,,,,,,,,,,,,,,,,,,,,,,,,
,,,,,,,,,,,,,,,,,,,,,,,,,,,,精装咨询-2,"室内精装修施工完成并通过甲方认可后，5个工作日内请款,次月30日前支付。",0.10 ,10000.00 ,0.00 ,,,,,,,0.00 ,,0.00 ,,,项目暂停，未达请款条件,,,,,,,,,,,,,,,,,,,,,,,,,,,,,,,,,,,,,,,,,,,,,,,,,,
,,,,,,,,,,,,,,,,,,,,,,,,,,,,精装设计-1,概念设计得到甲方认可后，5个工作日内请款，次月30日前支付,0.50 ,175000.00 ,175000.00 ,开票,43049.00 ,/,/,175000.00 ,43049.00 ,175000.00 ,43089.00 ,0.00 ,,/,/,/,,,,,,,,,,175000.00 ,,,,,,,,,,,,,,175000.00 ,,,,,,,,,,,,,,,,,,,,,,,,,
,,,,,,,,,,,,,,,,,,,,,,,,,,,,精装设计-2,提交精装修施工图成果后5个工作日内请款，次月30日前支付,0.40 ,140000.00 ,0.00 ,,,,,,,0.00 ,,0.00 ,,,项目暂停，未达请款条件,,,,,,,,,,,,,,,,,,,,,,,,,,,,,,,,,,,,,,,,,,,,,,,,,,
,,,,,,,,,,,,,,,,,,,,,,,,,,,,精装设计-3,室内施工完成后5个工作日内请款，次月30日前支付,0.10 ,35000.00 ,0.00 ,,,,,,,0.00 ,,0.00 ,,,项目暂停，未达请款条件,,,,,,,,,,,,,,,,,,,,,,,,,,,,,,,,,,,,,,,,,,,,,,,,,,
,商业,43441.00 ,天津赵沽里,无,金钟河大街南侧项目规划方案设计及工程设计委托管理服务合同,CRCCRE-SJ-CZ-2018-050,方案+咨询+施工图外委,,中铁房地产兴泰（天津）置业有限公司,119975.97 ,方案单价：20元/平米，施工图外委单价：28.5元/平米，咨询：5元/平米,6420242.11 ,0.00 ,0.00 ,5820362.26 ,0.00 ,0.00 ,0.00 ,,599879.85 ,0.00 ,0.00 ,,,,0.00 ,"创作一室：
3420842.86",1.00 ,签订合同后30日内支付,0.20 ,1284048.42 ,1284048.42 ,开票,43486.00 ,/,/,1284048.42 ,43486.00 ,4500000.00 ,43550.00 ,0.00 ,1-3节点合并请款，并根据规划许可证面积调整合同额，规证面积为121629.6平米，合同额为6496532.29元,/,/,/,6544855.17 ,6542660.74 ,6542660.74 ,-48322.88 ,2194.43 ,0.00 ,,,1164072.45 ,,,,,119975.97 ,,,,,,,,,4078749.73 ,,,,,421250.27 ,,,,,,,,,,,,,,,,,,,,,
,,,,,,,,,,,,,,,,,,,,,,,,,,,,2.00 ,取得工程规划许可证后30日内支付,0.30 ,1926072.63 ,1964217.72 ,开票,43486.00 ,/,/,1964217.72 ,43486.00 ,0.00 ,43550.00 ,0.00 ,,/,/,/,,,,,,,,,1780119.69 ,,,,,184098.03 ,,,,,,,,,0.00 ,,,,,0.00 ,,,,,,,,,,,,,,,,,,,,,
,,,,,,,,,,,,,,,,,,,,,,,,,,,,3.00 ,取得施工图审查合格证后30日内支付,0.40 ,2568096.84 ,2598612.92 ,开票,43486.00 ,/,/,2598612.92 ,43486.00 ,1346879.06 ,43646.00 ,0.00 ,,设计：施工图审查完成；咨询：报告待完成，未打印,/,,,,,,,,,,2355353.72 ,,,,,243259.20 ,,,,,,,,,1220796.13 ,,,,,126082.93 ,,,,,,,,,,,,,,,,,,,,,
,,,,,,,,,,,,,,,,,,,,,,,,,,,,4.00 ,竣工验收合格后30日内支付,0.05 ,321012.11 ,324826.61 ,产值确认单,44526.00 ,,,324826.61 ,44930.00 ,324826.61 ,44970.00 ,0.00 ,合同额修正为6496532.29元,,,,,,,,,,,,294419.21 ,,,,,30407.40 ,,,,,,,,,294419.21 ,,,,,30407.40 ,,,,,,,,,,,,,,,,,,,,,
,,,,,,,,,,,,,,,,,,,,,,,,,,,,5.00 ,竣工验收备案后30日内支付,0.05 ,321012.11 ,373149.49 ,产值确认单,44879.00 ,,,370955.06 ,44930.00 ,370955.07 ,44970.00 ,0.00 ,"合同额修正为6496532.29元，增加天友晒图费48322.88元  
确认后改为46128.45 ，最终结算合同额6542660.74",,,,,,,,,,,,342742.09 ,,,,,30407.40 ,,,,,,,,,340547.67 ,,,,,30407.40 ,,,,,,,,,,,,,,,,,,,,,
,,,,,,,,,,,,,,,,,,,,,,,,,,,,,,,,-2194.43 ,产值确认单,44940.00 ,,,,,,,,,,,,,,,,,,,,-2194.43 ,,,,,,,,,,,,,,,,,,,,,,,,,,,,,,,,,,,,,,,,
,商业,43840.00 ,天津赵沽里,无,金钟河大街南侧项目规划方案设计及工程设计委托管理服务合同补充（一）,CRCCRE-SJ-CZ-2018-050-B1,施工图外委,,中铁房地产兴泰（天津）置业有限公司,/,/,80000.00 ,0.00 ,0.00 ,0.00 ,0.00 ,0.00 ,0.00 ,,0.00 ,0.00 ,0.00 ,,,,80000.00 ,项目中心：80000,1.00 ,补充合同（一）签订后，乙方按甲方要求提交全部设计成果并经甲方审核通过后，甲方于次月30日前向乙方支付,1.00 ,80000.00 ,80000.00 ,开票,43938.00 ,/,/,80000.00 ,43938.00 ,80000.00 ,43971.00 ,0.00 ,,/,/,/,80000.00 ,80000.00 ,80000.00 ,0.00 ,0.00 ,0.00 ,,,,,,,,,,,,,,80000.00 ,,,,,,,,,,,,,,80000.00 ,,,,,,,,,,,,,,,
,商业,43413.00 ,商业公司可研,无,概念规划设计服务框架协议（商业公司）,CRCCRE-SJ-CZ-2018-038,可研,,中铁房地产集团商业地产开发管理有限公司,/,按照用地面积取费，10公顷以下为10万/项，10公顷以上为1万元/公顷，据实结算,1000000.00 ,0.00 ,0.00 ,500000.00 ,500000.00 ,0.00 ,0.00 ,,0.00 ,0.00 ,0.00 ,,,,0.00 ,无,1.00 ,乙方应于每季度最后1个月统计本季度完成工作量，并于当月25日前，按甲方要求提交本季度各项目完成情况的相关资料（包括不限于台账、请款函等），甲方确认无误后将于次月底向乙方支付相应款项。,1.00 ,1000000.00 ,0.00 ,,,,,,,0.00 ,,0.00 ,合同到期，重新签订补充协议,,已过期,,0.00 ,0.00 ,0.00 ,1000000.00 ,0.00 ,0.00 ,,,,,,,,,,,,,,,,,,,,,,,,,,,,,,,,,,,,,,,,,,,
,商业,44397.00 ,天津赵沽里项目,无,"金钟河大街南侧项目
规划方案设计及工程设计委托管理服务合同补充（二）",CRCCRE-SJ-CZ-2018-050-B2,施工图外委,,中铁房地产兴泰（天津）置业有限公司,/,/,80000.00 ,,,80000.00 ,,,,,,,,,,,,,1.00 ,一次性支付，乙方就已完成的工作量有向甲方收取款项的权利。本补充合同（二）签订后且乙方按甲方要求提交全部设计成果并经甲方审核通过后，甲方于次月30日内向乙方支付本补充合同（二）设计费用的100%。,1.00 ,80000.00 ,80000.00 ,产值确认单,44446.00 ,80000.00 ,44446.00 ,80000.00 ,44446.00 ,80000.00 ,44453.00 ,0.00 ,,,,,80000.00 ,80000.00 ,80000.00 ,0.00 ,0.00 ,0.00 ,,,80000.00 ,,,,,,,,,,,,,,80000.00 ,,,,,,,,,,,,,,,,,,,,,,,,,,
,商业,44652.00 ,天津赵沽里项目,无,"金钟河大街南侧项目
规划方案设计及工程设计委托管理服务合同补充（三）",CRCCRE-SJ-CZ-2018-050-B3,施工图外委,,中铁房地产兴泰（天津）置业有限公司,/,/,170000.00 ,,,,,,,,,,,,,,170000.00 ,项目管理中心,1.00 ,一次性支付，合同签订后，乙方按甲方要求提交全部设计成果并经甲方审核通过后，甲方于次月30日内向乙方支付本补充协议设计费用的100%。,1.00 ,170000.00 ,170000.00 ,产值确认单,44781.00 ,170000.00 ,44781.00 ,170000.00 ,44788.00 ,170000.00 ,44796.00 ,,,,,,,,,,,,,,,,,,,,,,,,,170000.00 ,,,,,,,,,,,,,,170000.00 ,直接委托,OA,,,,,,,,,,,,,
,商业,43970.00 ,商业公司可研补充协议（完成）,/,概念规划设计服务框架协议-补充协议（商业公司）,CRCCRE-SJ-CZ-2018-038-B1,可研,,中铁房地产集团商业地产开发管理有限公司,/,按照用地面积取费，10公顷以下为10万/项，10公顷以上为1万元/公顷，据实结算,1000000.00 ,0.00 ,0.00 ,800000.00 ,200000.00 ,0.00 ,0.00 ,,0.00 ,0.00 ,0.00 ,,,,0.00 ,创作一室：150000,1.00 ,怀来葡萄酒小镇地块项目10万元、福建龙岩项目20万元、成都都江堰青城山项目20万元,0.50 ,500000.00 ,500000.00 ,开票,44126.00 ,/,/,500000.00 ,44126.00 ,500000.00 ,44181.00 ,0.00 ,,完成,20年续签,,1000000.00 ,1000000.00 ,1000000.00 ,0.00 ,0.00 ,0.00 ,,,500000.00 ,,,,,,,,,,,,,,500000.00 ,,,,,,,,,,,,直接委托,OA,,,,,,,,,,,,,
,,,,,,,,,,,,,,,,,,,,,,,,,,,,2.00 ,"创一：天津汪庄子项目10万、天津西青张家窝项目10万、天津自行车厂项目10万
创二：天津河东区金钟河大街4号地块10万、临沂市兰山区义堂镇中央大街10万",0.50 ,500000.00 ,500000.00 ,开票,44176.00 ,/,/,500000.00 ,44176.00 ,500000.00 ,44214.00 ,0.00 ,,,,,,,,,,,,,300000.00 ,200000.00 ,,,,,,,,,,,,,300000.00 ,200000.00 ,,,,,,,,,,,,,,,,,,,,,,,,,
,商业,42849.00 ,中国铁建国际城3C、5B（暂停）,无,中国铁建国际城（3C地块住宅、5B地块住宅）项目建筑设计咨询服务合同,CRCCRE-SJ-ZX-2017-005,咨询,,中铁房地产集团商业地产管理有限公司,86400.00 ,"全过程咨询，
7元/平米",604800.00 ,0.00 ,0.00 ,0.00 ,0.00 ,0.00 ,0.00 ,,604800.00 ,0.00 ,0.00 ,,,,0.00 ,无,1.00 ,合同签订后,0.20 ,120960.00 ,120960.00 ,开票,42878.00 ,/,/,120960.00 ,42878.00 ,120960.00 ,43092.00 ,0.00 ,第1、2节点合并开票,/,/,/,604800.00 ,604800.00 ,604800.00 ,0.00 ,0.00 ,0.00 ,,,,,,,,120960.00 ,,,,,,,,,,,,,,120960.00 ,,,,,,,,,,,,,,,,,,,,,
,,,,,,,,,,,,,,,,,,,,,,,,,,,,2.00 ,乙方完成方案阶段的设计咨询工作并经甲方认可,0.30 ,181440.00 ,181440.00 ,开票,42878.00 ,/,/,181440.00 ,43045.00 ,181440.00 ,43092.00 ,0.00 ,,/,/,/,,,,,,,,,,,,,,181440.00 ,,,,,,,,,,,,,,181440.00 ,,,,,,,,,,,,,,,,,,,,,
,,,,,,,,,,,,,,,,,,,,,,,,,,,,3.00 ,乙方完成施工图阶段的设计咨询工作并经甲方认可,0.50 ,302400.00 ,302400.00 ,产值确认单,45275.00 ,,,302400.00 ,45981.00 ,302400.00 ,46001.00 ,0.00 ,,咨询报告完成，已打印,项目暂停，未达请款条件，支付困难,,,,,,,,,,,,,,,302400.00 ,,,,,,,,,,,,,,302400.00 ,,,,,,,,,302400.00 ,0.00 ,,,,,,,,,,,
,华东,42859.00 ,舟山项目（不再跟进）,无,舟山项目概念规划设计咨询合同,CRCCRE-SJ-CZZX-2017-005,可研,,中铁房地产集团华东有限公司,/,/,150000.00 ,0.00 ,0.00 ,0.00 ,150000.00 ,0.00 ,0.00 ,,0.00 ,0.00 ,0.00 ,,,,0.00 ,无,1.00 ,合同签订后十日内,0.30 ,45000.00 ,45000.00 ,开票,42878.00 ,/,/,45000.00 ,42878.00 ,45000.00 ,42901.00 ,0.00 ,,/,/,/,45000.00 ,45000.00 ,45000.00 ,105000.00 ,0.00 ,0.00 ,,,,45000.00 ,,,,,,,,,,,,,,45000.00 ,,,,,,,,,,,,,,,,,,,,,,,,,
,,,,,,,,,,,,,,,,,,,,,,,,,,,,2.00 ,设计成果经甲方书面确认合格15日内,0.70 ,105000.00 ,0.00 ,,,,,,,0.00 ,,0.00 ,,项目结束,尾款不预支付,/,,,,,,,,,,,,,,,,,,,,,,,,,,,,,,,,,,,,,,,,,,,,,,,,,
,华东,42818.00 ,嘉兴花语江南（完成）,无,"嘉兴市南湖区新兴街道博海路地块﹝2016南-009
地块﹞项目建设工程设计合同",CRCCRE-SJ-CZZX-2017-002,方案管理+咨询,,嘉兴京禾房地产开发有限公司,147337.00 ,我司与绿城为联合体，甲方各自付款，绿城高层方案设计费单价：60元/平米（含沿街商铺、泛会所）；管理费单价5元/平米，咨询费单价7元/平米,1768044.00 ,0.00 ,736685.00 ,0.00 ,0.00 ,0.00 ,0.00 ,0.00 ,1031359.00 ,0.00 ,0.00 ,,,,0.00 ,无,1.00 ,合同签订后7日内,0.20 ,353608.80 ,353608.80 ,开票,42817.00 ,/,/,353608.80 ,42817.00 ,353608.80 ,42851.00 ,0.00 ,,完成,/,/,1768044.00 ,1768044.00 ,1768044.00 ,0.00 ,0.00 ,0.00 ,,147337.00 ,,,,,,206271.80 ,,,,,,,,147337.00 ,,,,,,206271.80 ,,,,,,,,,,,,,,,,,,,,,
,,,,,,,,,,,,,,,,,,,,,,,,,,,,2.00 ,概念规划经发包人认可后两周日内,0.10 ,176804.40 ,176804.40 ,开票,42849.00 ,/,/,176804.40 ,42849.00 ,176804.40 ,42882.00 ,0.00 ,,,/,/,,,,,,,,73668.50 ,,,,,,103135.90 ,,,,,,,,73668.50 ,,,,,,103135.90 ,,,,,,,,,,,,,,,,,,,,,
,,,,,,,,,,,,,,,,,,,,,,,,,,,,3.00 ,提交建筑方案成果后7日内,0.10 ,176804.40 ,176804.40 ,开票,42968.00 ,/,/,176804.40 ,42968.00 ,176804.40 ,43095.00 ,0.00 ,"节点3、4合
并开票",,/,/,,,,,,,,73668.50 ,,,,,,103135.90 ,,,,,,,,73668.50 ,,,,,,103135.90 ,,,,,,,,,,,,,,,,,,,,,
,,,,,,,,,,,,,,,,,,,,,,,,,,,,4.00 ,建筑方案通过审批，或发包人签认并书面要求设计人进行下阶段工作后7日内,0.05 ,88402.20 ,88402.20 ,开票,42968.00 ,/,/,88402.20 ,42968.00 ,88402.20 ,43095.00 ,0.00 ,,,/,/,,,,,,,,36834.25 ,,,,,,51567.95 ,,,,,,,,36834.25 ,,,,,,51567.95 ,,,,,,,,,,,,,,,,,,,,,
,,,,,,,,,,,,,,,,,,,,,,,,,,,,5.00 ,提交初步设计成果后7日内,0.10 ,176804.40 ,176804.40 ,产值确认单,43053.00 ,176804.40 ,43053.00 ,176804.40 ,43293.00 ,176804.40 ,43337.00 ,0.00 ,,,/,/,,,,,,,,73668.50 ,,,,,,103135.90 ,,,,,,,,73668.50 ,,,,,,103135.90 ,,,,,,,,,,,,,,,,,,,,,
,,,,,,,,,,,,,,,,,,,,,,,,,,,,6.00 ,初步设计通过审批，或发包人签认并书面要求设计人进行下阶段工作后7日内,0.05 ,88402.20 ,88402.20 ,产值确认单,43053.00 ,88402.20 ,43053.00 ,88402.20 ,43293.00 ,88402.20 ,43337.00 ,0.00 ,,,/,/,,,,,,,,36834.25 ,,,,,,51567.95 ,,,,,,,,36834.25 ,,,,,,51567.95 ,,,,,,,,,,,,,,,,,,,,,
,,,,,,,,,,,,,,,,,,,,,,,,,,,,7.00 ,最终施工图完成并提交给发包人后七日内,0.15 ,265206.60 ,265206.60 ,产值确认单,43053.00 ,265206.60 ,43053.00 ,265206.60 ,43427.00 ,265206.60 ,43457.00 ,0.00 ,,,/,/,,,,,,,,110502.75 ,,,,,,154703.85 ,,,,,,,,110502.75 ,,,,,,154703.85 ,,,,,,,,,,,,,,,,,,,,,
,,,,,,,,,,,,,,,,,,,,,,,,,,,,8.00 ,取得建筑施工图审查合格单后7日内（本阶段付款时，进行设计费结算）,0.15 ,265206.60 ,265206.60 ,产值确认单,43053.00 ,265206.60 ,43053.00 ,265206.60 ,43427.00 ,265206.60 ,43457.00 ,0.00 ,,,/,,,,,,,,,110502.75 ,,,,,,154703.85 ,,,,,,,,110502.75 ,,,,,,154703.85 ,,,,,,,,,,,,,,,,,,,,,
,,,,,,,,,,,,,,,,,,,,,,,,,,,,9.00 ,项目竣工验收盖章前10天内,0.10 ,176804.40 ,176804.40 ,产值确认单,44187.00 ,176804.40 ,44187.00 ,176804.40 ,44188.00 ,176804.40 ,44229.00 ,0.00 ,,,,,,,,,,,,,,,,,,103135.90 ,,,,,,73668.50 ,,,,,,,,103135.90 ,,,,,,73668.50 ,,,,,,,,,,,,,,,
4,华东,42906.00 ,苏州工业园项目（苏州花语江南）,无,苏州项目苏州工业园区DK20150005号地块项目方案设计及建筑设计咨询服务合同,CRCCRE-SJ-CZZX-2017-007,方案管理+咨询,,中铁房地产集团苏州置业有限公司,463815.00 ,外委方案：,16553396.00 ,0.00 ,13306691.00 ,0.00 ,0.00 ,0.00 ,0.00 ,0.00 ,3246705.00 ,0.00 ,0.00 ,,,,0.00 ,创作中心：3635680+7206756,1.00 ,合同签订5个工作日内支付,0.20 ,3310679.20 ,3310679.00 ,开票,42950.00 ,/,/,3310679.00 ,42950.00 ,3310679.00 ,42978.00 ,0.00 ,/,/,,/,16553396.00 ,15725726.00 ,16553395.80 ,0.00 ,827670.00 ,-827669.80 ,,2661338.00 ,,,,,,649341.00 ,,,,,,,,2661338.00 ,,,,,,649341.00 ,,,,,,,,,,,,,,,,,,,,,
,,,,,,,,,,,,,,,,,,,,,,,,,,,,2.00 ,总图、典型单体（平、立、剖面图）设计完成并得到业主方书面确认函之日起5个工作日内支付,0.50 ,8276698.00 ,8276698.00 ,开票,43019.00 ,/,/,2700000.00 ,43019.00 ,2700000.00 ,43045.00 ,0.00 ,节点2分次开票，第一次270万元分别于17年10月11和10月16日开票，第二次5576698元,/,/,/,,,,,,,,6653345.50 ,,,,,,1623352.50 ,,,,,,,,2170434.74 ,,,,,,529565.26 ,,,,,,,,,,,,,,,,,,,,,
,,,,,,,,,,,,,,,,,,,,,,,,,,,,/,同上,/,/,0.00 ,开票,43046.00 ,/,/,5576698.00 ,43046.00 ,5576698.00 ,43054.00 ,0.00 ,,/,/,/,,,,,,,,,,,,,,,,,,,,,,4482910.76 ,,,,,,1093787.24 ,,,,,,,,,,,,,,,,,,,,,
,,,,,,,,,,,,,,,,,,,,,,,,,,,,3.00 ,方案调整、修改完成并通过政府审查后（规划复函）5个工作日内支付,0.25 ,4138349.00 ,4138349.00 ,开票,43116.00 ,/,/,4138349.00 ,43115.00 ,4138349.00 ,43140.00 ,0.00 ,,/,/,/,,,,,,,,3326672.75 ,,,,,,811676.25 ,,,,,,,,3326672.75 ,,,,,,811676.25 ,,,,,,,,,,,,,,,,,,,,,
,,,,,,,,,,,,,,,,,,,,,,,,,,,,4.00 ,施工配合、竣工验收完成、结算完毕5个工作日内支付,0.05 ,827669.80 ,827670.00 ,产值确认单,44881.00 ,,,,,827669.80 ,,0.20 ,,是否竣工验收,,,,,,,,,,665334.75 ,,,,,,162335.25 ,,,,,,,,,,,,,,162335.25 ,,,,,,665334.55 ,,,,,,,,,,,,,,,
,,,,,,,,,,,,,,,,,,,,,,,,,,,,,,,,-827670.00 ,,,,,,,,,,,,,,,,,,,,,-665334.75 ,,,,,,-162335.25 ,,,,,,,,,,,,,,,,,,,,,,,,,,,,,,,,,,,
,华东,43006.00 ,江苏置业可研（完成）,无,可研方案设计合同（华东江苏置业）,CRCCRE-SJ-CZ-2017-013,可研,,中铁建房地产集团江苏置业有限公司,/,5万/个,450000.00 ,0.00 ,0.00 ,400000.00 ,50000.00 ,0.00 ,0.00 ,0.00 ,0.00 ,0.00 ,0.00 ,,,,0.00 ,0.00 ,1.00 ,乙方的设计成果经甲方确认并签收后按2.1条支付流程一次性支付全部费用,1.00 ,450000.00 ,550000.00 ,开票,43461.00 ,/,/,550000.00 ,43461.00 ,550000.00 ,43463.00 ,0.00 ,合同暂定9个项目，实际按11个结算。包括一室9个：连云港项目、南京浦口谢营地块（1号地块）项目、南京浦口谢营地块（3号地块）项目、南京雨花台南西营村城中村改造项目、江宁科建路地块项目、雨花圣戈班C1地块项目、岱山03号地块地块项目、南京桥林双峰路地块项目、南京雨花台区铁心桥街道龙西路冯韦项目；二室2个：江苏扬州069地块、江苏扬州N41-1-17B-02地块,完成,/,/,550000.00 ,550000.00 ,550000.00 ,-100000.00 ,0.00 ,0.00 ,,,450000.00 ,100000.00 ,,,,,,,,,,,,,450000.00 ,100000.00 ,,,,,,,,,,,,,,,,,,,,,,,,,
,华东,43297.00 ,苏州拙政园项目（苏州拙政江南）,无,"苏州市姑苏区苏地2017-WG-47号地块
规划设计项目建设工程设计合同",CRCCRE-SJ-CZ-2018-022,方案管理+咨询,,苏州京园房地产投资有限公司,66604.00 ,我司与绿城为联合体，绿城做别墅设计，甲方各自付款,799248.00 ,0.00 ,333020.00 ,0.00 ,0.00 ,0.00 ,0.00 ,0.00 ,466228.00 ,0.00 ,0.00 ,,,,0.00 ,0.00 ,1.00 ,设计合同签订后10日内支付,0.20 ,159849.60 ,159849.60 ,开票,43298.00 ,/,/,159849.60 ,43298.00 ,159849.60 ,43342.00 ,0.00 ,,/,/,/,799248.00 ,799248.00 ,799248.00 ,0.00 ,0.00 ,0.00 ,,66604.00 ,,,,,,93245.60 ,,,,,,,,66604.00 ,,,,,,93245.60 ,,,,,,,,,,,,,,,,,,,,,
,,,,,,,,,,,,,,,,,,,,,,,,,,,,2.00 ,方案主要平面、剖面获得甲方认可后10日内支付,0.10 ,79924.80 ,79924.80 ,开票,43298.00 ,/,/,79924.80 ,43298.00 ,79924.80 ,43342.00 ,0.00 ,,/,/,/,,,,,,,,33302.00 ,,,,,,46622.80 ,,,,,,,,33302.00 ,,,,,,46622.80 ,,,,,,,,,,,,,,,,,,,,,
,,,,,,,,,,,,,,,,,,,,,,,,,,,,3.00 ,报建方案扩初二合一文件提交后10日内支付,0.20 ,159849.60 ,159849.60 ,开票,43384.00 ,/,/,159849.60 ,43384.00 ,159849.60 ,43429.00 ,0.00 ,,/,/,/,,,,,,,,66604.00 ,,,,,,93245.60 ,,,,,,,,66604.00 ,,,,,,93245.60 ,,,,,,,,,,,,,,,,,,,,,
,,,,,,,,,,,,,,,,,,,,,,,,,,,,4.00 ,报建方案扩初二合一文件政府审批通过后10日内支付、或甲方要求进入下一阶段设计前,0.10 ,79924.80 ,79924.80 ,开票,43419.00 ,/,/,79924.80 ,43419.00 ,79924.80 ,43489.00 ,0.00 ,2019年1月16日重开发票,/,/,/,,,,,,,,33302.00 ,,,,,,46622.80 ,,,,,,,,33302.00 ,,,,,,46622.80 ,,,,,,,,,,,,,,,,,,,,,
,,,,,,,,,,,,,,,,,,,,,,,,,,,,5.00 ,报建施工图文件提交后10日内支付,0.20 ,159849.60 ,159849.60 ,开票,43675.00 ,/,/,159849.60 ,43675.00 ,159849.60 ,43768.00 ,0.00 ,,/,/,/,,,,,,,,66604.00 ,,,,,,93245.60 ,,,,,,,,66604.00 ,,,,,,93245.60 ,,,,,,,,,,,,,,,,,,,,,
,,,,,,,,,,,,,,,,,,,,,,,,,,,,6.00 ,报建施工图文件图审通过后10日内支付,0.10 ,79924.80 ,79924.80 ,开票,43801.00 ,/,/,79924.80 ,43801.00 ,79924.80 ,43829.00 ,0.00 ,,咨询报告已完成、已打印,/,,,,,,,,,33302.00 ,,,,,,46622.80 ,,,,,,,,33302.00 ,,,,,,46622.80 ,,,,,,,,,,,,,,,,,,,,,
,,,,,,,,,,,,,,,,,,,,,,,,,,,,7.00 ,设计后期服务（竣工验收盖章前支付）,0.10 ,79924.80 ,79924.80 ,产值确认单,44881.00 ,/,/,79924.80 ,45321.00 ,79924.80 ,45328.00 ,0.00 ,,,2022年8月准备竣工验收，持续关注（咨询找董俊杰）,,,,,,,,,46622.80 ,,,,,,33302.00 ,,,,,,,,33302.00 ,,,,,,46622.80 ,,,,,,,,,,,,,,,,,,,,,
,,,,,,,,,,,,,,,,,,,,,,,,,,,,,,,,0.00 ,调账,45321.00 ,/,/,/,/,/,/,,,,,,,,,,,,,-13320.80 ,,,,,,13320.80 ,,,,,,,,,,,,,,,,,,,,,,,,,,,,,,,,,,,
5,华东,43223.00 ,宁波湾头8号地（宁波花语江湾）,无,宁波市江北区湾头地区8号地块（JB05-02-34、JB05-04-19、JB05-04-23）项目方案设计及建筑设计工程管理合同,CRCCRE-SJ-CZ-2018-012,方案管理+咨询,,宁波京湾投资管理有限公司,196709.00 ,日清高层方案费33元/平米,6668685.20 ,0.00 ,5291722.20 ,0.00 ,0.00 ,0.00 ,0.00 ,0.00 ,1376963.00 ,0.00 ,0.00 ,,,,0.00 ,创作中心：4308177.20,1.00 ,合同签订15个工作日内支付。,0.20 ,1333737.04 ,1333737.04 ,开票,43231.00 ,/,/,1333737.04 ,43231.00 ,1333737.04 ,43247.00 ,0.00 ,,/,,/,6902402.92 ,6668685.20 ,6668685.20 ,0.00 ,233717.72 ,0.00 ,,1058344.44 ,,,,,,275392.60 ,,,,,,,,1058344.44 ,,,,,,275392.60 ,,,,,,,,,,,,,,,,,,,,,
,,,,,,,,,,,,,,,,,,,,,,,,,,,,2.00 ,总图、地下室图、典型单体（平、立、剖面图）方案深化设计完成并得到业主方书面确认函之日起15个工作日内支付。,0.50 ,3334342.60 ,3334342.60 ,开票,43329.00 ,/,/,3334342.60 ,43329.00 ,3334342.60 ,43341.00 ,0.00 ,,/,,/,,,,,,,,2645861.10 ,,,,,,688481.50 ,,,,,,,,2645861.10 ,,,,,,688481.50 ,,,,,,,,,,,,,,,,,,,,,
,,,,,,,,,,,,,,,,,,,,,,,,,,,,3.00 ,提供施工图纸优化建议、配合施工图修改完成并通过政府审查后（规划许可证）30个工作日内支付。,0.25 ,1667171.30 ,1889203.13 ,开票,43595.00 ,/,/,1889203.13 ,43595.00 ,1889203.13 ,43658.00 ,0.00 ,按照规证面积修正，规证面积220464.29㎡修正后合同额为6902402.92元,咨询完成，咨询报告待完成，未打印,/,,,,,,,,,1386989.71 ,,,,,,502213.43 ,,,,,,,,1386989.71 ,,,,,,502213.43 ,,,,,,,,,,,,,,,,,,,,,
,,,,,,,,,,,,,,,,,,,,,,,,,,,,4.00 ,施工配合、竣工验收完成、结算完毕15个工作日内支付。,0.05 ,333434.26 ,345120.15 ,产值确认单,44181.00 ,345120.15 ,44181.00 ,111402.43 ,45482.00 ,111402.43 ,45682.00 ,233717.72 ,实际开票金额及回款归创作所有,,,,,,,,,,,267957.64 ,,,,,,77162.50 ,,,,,,,,111402.43 ,,,,,,,,,,,,,,,111402.43 ,0.00 ,,,,,,,,,,,
,,,,,,,,,,,,,,,,,,,,,,,,,,,,,,,,0.00 ,开票,45482.00 ,0.00 ,45482.00 ,,,,,,,,,,,,,,,,,0.00 ,,,,,,0.00 ,,,,,,,,,,,,,,,,,,,,,,,0.00 ,0.00 ,,,,,,,,,,,
,,,,,,,,,,,,,,,,,,,,,,,,,,,,,,,,-233717.72 ,预估,,,,,,,,,,,,,,,,,,,,-67430.69 ,,,,,,-166287.03 ,,,,,,,,,,,,,,0.00 ,,,,,,,,,0.00 ,0.00 ,,,,,,,,,,,
6,华东,43320.00 ,宁波海曙气象路（宁波海语天下）,无,宁波市海曙区气象路HS06-03-10a地块项目工程设计委托管理服务合同,CRCCRE-SJ-CZ-2018-025,方案管理+咨询,,宁波京海投资管理有限公司,314055.54 ,东南院高层方案设计费15元/平米，初设3.5元/平米,9541581.97 ,0.00 ,7343193.19 ,0.00 ,0.00 ,0.00 ,0.00 ,,2198388.78 ,0.00 ,0.00 ,,,,0.00 ,创作中心：5772915.49,1.00 ,合同签订5个工作日内支付,0.20 ,1908316.39 ,1908316.39 ,开票,43570.00 ,/,/,1908316.39 ,43570.00 ,1908316.39 ,43581.00 ,0.00 ,,/,/,/,9541581.97 ,9541581.97 ,9541581.97 ,0.00 ,0.00 ,0.00 ,,1468638.64 ,,,,,,439677.76 ,,,,,,,,1468638.64 ,,,,,,439677.76 ,,,,,,,,,,,,,,,,,,,,,
,,,,,,,,,,,,,,,,,,,,,,,,,,,,2.00 ,总图、地下室图、典型单体（平、立、剖面图）方案深化设计完成并得到业主方书面确认函之日起15个工作日内支付。,0.50 ,4770790.99 ,4770790.99 ,开票,43693.00 ,/,/,4770790.99 ,43693.00 ,4770790.99 ,43761.00 ,0.00 ,,/,/,/,,,,,,,,3671596.60 ,,,,,,1099194.39 ,,,,,,,,3671596.60 ,,,,,,1099194.39 ,,,,,,,,,,,,,,,,,,,,,
,,,,,,,,,,,,,,,,,,,,,,,,,,,,3.00 ,提供施工图纸优化建议、配合施工图修改完成并通过政府审查后（规划许可证）30个工作日内支付。,0.25 ,2385395.49 ,2385395.49 ,产值确认单,43709.00 ,2385395.49 ,43709.00 ,2385395.49 ,43767.00 ,2385395.49 ,43819.00 ,0.00 ,,"咨询完成，
咨询报告待完成，未打印",/,,,,,,,,,1835798.30 ,,,,,,549597.20 ,,,,,,,,1835798.30 ,,,,,,549597.20 ,,,,,,,,,,,,,,,,,,,,,
,,,,,,,,,,,,,,,,,,,,,,,,,,,,4.00 ,施工配合、竣工验收完成、结算完毕5个工作日内支付,0.05 ,477079.10 ,477079.10 ,产值确认单,44181.00 ,477079.10 ,44181.00 ,477079.10 ,45275.00 ,477079.10 ,45324.00 ,0.00 ,,是否竣工验收,,,,,,,,,,367159.66 ,,,,,,109919.44 ,,,,,,,,367159.66 ,,,,,,109919.44 ,,,,,,,,,,,,,,,,,,,,,
,,,,,,,,,,,,,,,,,,,,,,,,,,,,,,结算,/,500000.00 ,开票,45275.00 ,500000.00 ,45275.00 ,500000.00 ,45275.00 ,500000.00 ,45324.00 ,0.00 ,,,,,,,,,,,,340676.78 ,,,,,,159323.22 ,,,,,,,,340676.78 ,,,,,,159323.22 ,,,,,,,,,,,,,,,,,,,,,
7,华东,43223.00 ,嘉兴经开项目（嘉兴江南国际城）（完成）,无,中国铁建·嘉兴经开2017-30地块项目方案设计及建筑设计咨询服务合同,CRCCRE-SJ-CZ-2018-020,方案管理+咨询,,嘉兴经开房地产开发有限公司,208095.00 ,日清高层方案设计费33元/平米,9646555.00 ,0.00 ,8189890.00 ,0.00 ,0.00 ,0.00 ,0.00 ,,1456665.00 ,0.00 ,0.00 ,,,,0.00 ,创作中心：7149415,1.00 ,合同签订30个工作日内支付,0.20 ,1929311.00 ,1929311.00 ,开票,43235.00 ,/,/,1929311.00 ,43235.00 ,1929311.00 ,43278.00 ,0.00 ,,完成,/,/,9651151.61 ,9651151.61 ,9651151.61 ,0.00 ,0.00 ,0.00 ,,1637978.00 ,,,,,,291333.00 ,,,,,,,,1637978.00 ,,,,,,291333.00 ,,,,,,,,,,,,,,,,,,,,,
,,,,,,,,,,,,,,,,,,,,,,,,,,,,2.00 ,总图、典型单体（平、立、剖面图）设计完成并得到业主方书面确认函之日起30个工作日内支付,0.50 ,4823277.50 ,4823277.50 ,开票,43333.00 ,/,/,4823277.50 ,43333.00 ,4823277.50 ,43343.00 ,0.00 ,,,/,/,,,,,,,,4094945.00 ,,,,,,728332.50 ,,,,,,,,4094945.00 ,,,,,,728332.50 ,,,,,,,,,,,,,,,,,,,,,
,,,,,,,,,,,,,,,,,,,,,,,,,,,,3.00 ,方案调整、修改完成并通过政府审查后（规划复函）30个工作日内支付,0.25 ,2411638.75 ,2411638.75 ,开票,43425.00 ,/,/,2411638.75 ,43425.00 ,2411638.75 ,43464.00 ,0.00 ,,,/,,,,,,,,,2047472.50 ,,,,,,364166.25 ,,,,,,,,2047472.50 ,,,,,,364166.25 ,,,,,,,,,,,,,,,,,,,,,
,,,,,,,,,,,,,,,,,,,,,,,,,,,,4.00 ,施工配合、竣工验收完成、结算完毕、乙方提供发票后的20个工作日内支付,0.05 ,482327.75 ,486924.36 ,产值确认单,44187.00 ,486924.36 ,44187.00 ,486924.36 ,44200.00 ,486924.36 ,44229.00 ,0.00 ,按照规证面积修正，规证面积209312.21㎡，修正后合同额为9651151.61元,,办理结算,,,,,,,,,,,,,,,81353.72 ,,,,,,405570.64 ,,,,,,,,81353.72 ,,,,,,405570.64 ,,,,,,,,,,,,,,,
8,华东,43229.00 ,南京雨花项目（南京花语江南）（完结）,无,南京市雨花台区赛虹桥街道南西营村2017G70地块建设工程委托设计管理服务合同,CRCCRE-SJ-CZ-2018-013,方案管理+咨询,,南京京瑞房地产投资有限公司,127583.16 ,东南院高层方案+施工图35元/平米，咨询7元+管理5元,5996408.52 ,0.00 ,5103326.40 ,0.00 ,0.00 ,0.00 ,0.00 ,,893082.12 ,0.00 ,0.00 ,,,,0.00 ,创作中心： 4410718.20,1.00 ,合同签订15个工作日内,0.20 ,1199281.70 ,1199281.70 ,开票,43242.00 ,/,/,1199281.70 ,43242.00 ,1199281.70 ,43270.00 ,0.00 ,,/,/,/,5996408.52 ,5965938.93 ,5965938.93 ,0.00 ,30469.59 ,0.00 ,,1020665.28 ,,,,,,178616.42 ,,,,,,,,1020665.28 ,,,,,,178616.42 ,,,,,,,,,,,,,,,,,,,,,
,,,,,,,,,,,,,,,,,,,,,,,,,,,,2.00 ,总图、典型单体（平、立、剖面图）设计完成并得到业主方书面确认函之日起15个工作日内,0.20 ,1199281.70 ,1199281.70 ,开票,43322.00 ,/,/,1199281.70 ,43322.00 ,1199281.70 ,43398.00 ,0.00 ,,/,/,/,,,,,,,,1020665.28 ,,,,,,178616.42 ,,,,,,,,1020665.28 ,,,,,,178616.42 ,,,,,,,,,,,,,,,,,,,,,
,,,,,,,,,,,,,,,,,,,,,,,,,,,,3.00 ,方案调整、修改完成并通过政府审查后（规划复函）15个工作日内,0.15 ,899461.28 ,2998204.26 ,开票,43385.00 ,/,/,2998204.26 ,43385.00 ,2998204.26 ,43451.00 ,0.00 ,三至五次50%合并请款开票,/,/,/,,,,,,,,2551663.20 ,,,,,,446541.06 ,,,,,,,,2551663.20 ,,,,,,446541.06 ,,,,,,,,,,,,,,,,,,,,,
,,,,,,,,,,,,,,,,,,,,,,,,,,,,4.00 ,最终扩初设计与咨询得到政府相关部门批准（取得规划许可证）15个工作日内；或甲方书面要求启动施工图设计与咨询之日起15个工作日内,0.15 ,899461.28 ,,,,,,,,,,,,,,,,,,,,,,,,,,,,,,,,,,,,,,,,,,,,,,,,,,,,,,,,,,,,,,,
,,,,,,,,,,,,,,,,,,,,,,,,,,,,5.00 ,施工图完成并审查合格15 个工作日内,0.20 ,1199281.70 ,,,,,,,,,,,,咨询报告已完成、已打印,,,,,,,,,,,,,,,,,,,,,,,,,,,,,,,,,,,,,,,,,,,,,,,,,,,
,,,,,,,,,,,,,,,,,,,,,,,,,,,,6.00 ,施工配合、竣工验收完毕15个工作日内,0.10 ,599640.85 ,599640.85 ,产值确认单,44880.00 ,599640.85 ,44880.00 ,569171.27 ,45118.00 ,569171.27 ,45131.00 ,30469.58 ,,,,,,,,,,,,510332.64 ,,,,,,89308.21 ,,,,,,,,510332.64 ,,,,,,89308.21 ,,,,,,,,,,,,,,,,,,,,,
,,,,,,,,,,,,,,,,,,,,,,,,,,,,/,同上,/,/,-30469.58 ,产值确认单,45117.00 ,-30469.58 ,45117.00 ,,,,45131.00 ,,规证面积136754.91㎡本合同结算时对人防面积 (3845.88 m) 予以扣除。最终结算价为 6246724.41-280785.48=5965938.93元,,,,,,,,,,,-67750.68 ,,,,,,37281.10 ,,,,,,,,-67750.68 ,,,,,,37281.10 ,,,,,,,,,,,,,,,,,,,,,
,华东,43355.00 ,常州水投一号项目（常州花语江南）,无,常州天宁区水投一号JZX20180801地块规划设计合同,CRCCRE-SJ-CZ-2018-031,方案管理+咨询,CRCCRE-HD-SZZY-SZHYJN-KF.QQ.02.01-2018-003,常州京瑞房地产开发有限公司,441969.00 ,我司与东南院为联合体，东南院高层方案15元/平米，甲方各自付款,5303628.00 ,0.00 ,2209845.00 ,0.00 ,0.00 ,0.00 ,0.00 ,,3093783.00 ,0.00 ,0.00 ,,,,0.00 ,无,1.00 ,合同签订后,0.20 ,1060725.60 ,3712539.60 ,开票,43418.00 ,/,/,3712539.60 ,43418.00 ,3712539.60 ,43432.00 ,0.00 ,一至三次70%合并请款开票,/,/,/,5519807.88 ,5303628.00 ,5303628.00 ,-216179.88 ,216179.88 ,0.00 ,,1546891.50 ,,,,,,2165648.10 ,,,,,,,,1546891.50 ,,,,,,2165648.10 ,,,,,,,,,,,,,,,,,,,,,
,,,,,,,,,,,,,,,,,,,,,,,,,,,,2.00 ,总图及单体概念方案设计完成并经认可后,0.20 ,1060725.60 ,,,,,,,,,,,,,,,,,,,,,,,,,,,,,,,,,,,,,,,,,,,,,,,,,,,,,,,,,,,,,,,
,,,,,,,,,,,,,,,,,,,,,,,,,,,,3.00 ,项目总图、建筑单专业扩初设计图纸完成，并取得政府规划方案审批通过，,0.30 ,1591088.40 ,,,,,,,,,,,,,,,,,,,,,,,,,,,,,,,,,,,,,,,,,,,,,,,,,,,,,,,,,,,,,,,
,,,,,,,,,,,,,,,,,,,,,,,,,,,,4.00 ,配合所有施工图完成，并通过常州市相关部门图审后,0.25 ,1325907.00 ,1325907.00 ,开票,43803.00 ,/,/,1325907.00 ,43803.00 ,1325907.00 ,43823.00 ,0.00 ,,咨询工作完成，咨询报告已完成、未打印,/,,,,,,,,,552461.25 ,,,,,,773445.75 ,,,,,,,,552461.25 ,,,,,,773445.75 ,,,,,,,,,,,,,,,,,,,,,
,,,,,,,,,,,,,,,,,,,,,,,,,,,,5.00 ,配合施工完成，并经常州市相关部门验收工作后，发包人向设计人支付尾数设计费；,0.05 ,265181.40 ,481361.28 ,产值确认单,44881.00 ,,,265181.40 ,45540.00 ,265181.40 ,45555.00 ,216179.88 ,按规证面积调整459983.99平米，合同额5519807.88,,截至2022年8月，未完成竣备，年底跟踪,,,,,,,,,,,200567.20 ,,,,280794.08 ,,,,,,,,,,110492.25 ,,,,154689.15 ,,,,,,,,,,,,,,,,,,,,,
,,,,,,,,,,,,,,,,,,,,,,,,,,,,,,,,-216179.88 ,预估,,,,,,0.00 ,,-216179.88 ,未按规证，按合同签订面积结算,,,,,,,,,,,,,-90074.95 ,,,,-126104.93 ,,,,,,,,,,,,,,,,,,,,,,,,,,,,,,,,,,,
5,华东,43348.00 ,湖州德清项目（德清莫干山语）（完结）,无,德清县依山路南侧（2017）535地块工程设计委托管理服务合同,CRCCRE-SJ-CZ-2018-029,管理+咨询,,德清京盛房地产开发有限公司,134806.00 ,,12632641.00 ,0.00 ,11688999.00 ,0.00 ,0.00 ,0.00 ,0.00 ,,943642.00 ,0.00 ,0.00 ,,,,0.00 ,"创作中心：7657808.00 +3250000

",方案-1,合同签订15个工作日内支付,0.20 ,1531561.60 ,1531561.60 ,开票,43399.00 ,/,/,1531561.60 ,43399.00 ,1531561.60 ,43430.00 ,0.00 ,,/,/,/,12632641.00 ,12632641.00 ,12632641.00 ,0.00 ,0.00 ,0.00 ,,1531561.60 ,,,,,,,,,,,,,,1531561.60 ,,,,,,,,,,,,,,,,,,,,,,,,,,,
,,,,,,,,,,,,,,,,,,,,,,,,,,,,方案-2,总图、典型单体（平、立、剖面图）设计完成并得到甲方书面确认函之日起5个工作日内支付,0.50 ,3828904.00 ,3828904.00 ,开票,43656.00 ,/,/,3828904.00 ,43656.00 ,3828904.00 ,43671.00 ,0.00 ,,/,/,/,,,,,,,,3828904.00 ,,,,,,,,,,,,,,3828904.00 ,,,,,,,,,,,,,,,,,,,,,,,,,,,
,,,,,,,,,,,,,,,,,,,,,,,,,,,,方案-3,方案调整、修改完成并通过政府审查后（规划复函）5个工作日内支付,0.25 ,1914452.00 ,1914452.00 ,开票,43832.00 ,/,/,1914452.00 ,43832.00 ,1914452.00 ,43849.00 ,0.00 ,,/,/,/,,,,,,,,,,,,,,,,,,,,1914452.00 ,,,,,,,,,,,,,,1914452.00 ,,,,,,,,,,,,,,,
,,,,,,,,,,,,,,,,,,,,,,,,,,,,方案-4,施工配合、竣工验收完成、结算完毕5个工作日内支付,0.05 ,382890.40 ,382890.40 ,产值确认单,44883.00 ,,,382890.40 ,45064.00 ,382890.40 ,45313.00 ,0.00 ,,,,,,,,,,,,382890.40 ,,,,,,,,,,,,,,382890.40 ,,,,,,,,,,,,,,,,,,,,,,,,,,,
,,,,,,,,,,,,,,,,,,,,,,,,,,,,咨管-1,合同签订15个工作日内支付,0.20 ,323534.40 ,323534.40 ,开票,43399.00 ,/,/,323534.40 ,43399.00 ,323534.40 ,43430.00 ,0.00 ,,/,/,/,,,,,,,,,,,,,,188728.40 ,,,,,,134806.00 ,,,,,,,,188728.40 ,,,,,,134806.00 ,,,,,,,,,,,,,,,
,,,,,,,,,,,,,,,,,,,,,,,,,,,,咨管-2,总图、典型单体（平、立、剖面图）设计完成并得到甲方书面确认函之日起5个工作日内支付,0.50 ,808836.00 ,323534.40 ,开票,43948.00 ,/,/,323534.40 ,43948.00 ,323534.40 ,43985.00 ,0.00 ,"节点2按甲方要求分两次走，第一次20%
完成，剩余30%",/,预计6月回款,/,,,,,,,,,,,,,,188728.40 ,,,,,,134806.00 ,,,,,,,,188728.40 ,,,,,,134806.00 ,,,,,,,,,,,,,,,
,,,,,,,,,,,,,,,,,,,,,,,,,,,,/,同上,/,/,485301.60 ,产值确认单,44181.00 ,485301.60 ,44181.00 ,485301.60 ,44207.00 ,485301.60 ,44637.00 ,0.00 ,,/,/,/,,,,,,,,,,,,,,283092.60 ,,,,,,202209.00 ,,,,,,,,283092.60 ,,,,,,202209.00 ,,,,,,,,,,,,,,,
,,,,,,,,,,,,,,,,,,,,,,,,,,,,咨管-3,方案调整、修改完成并通过政府审查后（规划复函）5个工作日内支付,0.25 ,404418.00 ,404418.00 ,产值确认单,44181.00 ,404418.00 ,44181.00 ,404418.00 ,44207.00 ,404418.00 ,44637.00 ,0.00 ,咨询报告待完成，未打印,咨询报告待完成，未打印18年12月25日提,,,,,,,,,,,,,,,,235910.50 ,,,,,,168507.50 ,,,,,,,,235910.50 ,,,,,,168507.50 ,,,,,,,,,,,,,,,
,,,,,,,,,,,,,,,,,,,,,,,,,,,,咨管-4,施工配合、竣工验收完成、结算完毕5个工作日内支付,0.05 ,80883.60 ,80883.60 ,产值确认单,44883.00 ,,,80883.60 ,45064.00 ,80883.60 ,45313.00 ,0.00 ,,,,,,,,,,,,33701.50 ,,,,,,47182.10 ,,,,,,,,33701.50 ,,,,,,47182.10 ,,,,,,,,,,,,,,,,,,,,,
,,,,,,,,,,,,,,,,,,,,,,,,,,,,景观-1,合同签订,0.10 ,335716.10 ,335716.10 ,开票,43399.00 ,/,/,335716.10 ,43399.00 ,335716.10 ,43430.00 ,0.00 ,,/,/,/,,,,,,,,335716.10 ,,,,,,,,,,,,,,335716.10 ,,,,,,,,,,,,,,,,,,,,,,,,,,,
,,,,,,,,,,,,,,,,,,,,,,,,,,,,景观-2,展示区方案设计成果提交并经甲方确认,0.10 ,335716.10 ,335716.10 ,开票,43482.00 ,/,/,335716.10 ,43482.00 ,335716.10 ,43546.00 ,0.00 ,景观2、3节点合并开票,/,/,/,,,,,,,,335716.10 ,,,,,,,,,,,,,,335716.10 ,,,,,,,,,,,,,,,,,,,,,,,,,,,
,,,,,,,,,,,,,,,,,,,,,,,,,,,,景观-3,展示区初步设计成果提交并经甲方确认,0.20 ,671432.20 ,671432.20 ,开票,43482.00 ,,,671432.20 ,43482.00 ,671432.20 ,43546.00 ,0.00 ,,/,/,/,,,,,,,,671432.20 ,,,,,,,,,,,,,,671432.20 ,,,,,,,,,,,,,,,,,,,,,,,,,,,
,,,,,,,,,,,,,,,,,,,,,,,,,,,,景观-4,完成展示区施工图审图及现场配合,0.05 ,167858.05 ,167858.05 ,开票,43671.00 ,/,/,167858.05 ,43671.00 ,167858.05 ,43696.00 ,0.00 ,景观3、4节点合并开票,/,/,/,,,,,,,,167858.05 ,,,,,,,,,,,,,,167858.05 ,,,,,,,,,,,,,,,,,,,,,,,,,,,
,,,,,,,,,,,,,,,,,,,,,,,,,,,,景观-5,公共区方案设计成果提交并经甲方确认,0.25 ,839290.25 ,839290.25 ,开票,43671.00 ,,,839290.25 ,43671.00 ,839290.25 ,43696.00 ,0.00 ,,/,/,/,,,,,,,,839290.25 ,,,,,,,,,,,,,,839290.25 ,,,,,,,,,,,,,,,,,,,,,,,,,,,
,,,,,,,,,,,,,,,,,,,,,,,,,,,,景观-6,公共区初步设计成果提交并经甲方确认,0.25 ,839290.25 ,839290.25 ,开票,43969.00 ,/,/,839290.25 ,43969.00 ,839290.25 ,43985.00 ,0.00 ,,,,,,,,,,,,,,,,,,,,,,,,839290.25 ,,,,,,,,,,,,,,839290.25 ,,,,,,,,,,,,,,,
,,,,,,,,,,,,,,,,,,,,,,,,,,,,景观-7,完成公共区施工图审图及现场配合,0.05 ,167858.05 ,167858.05 ,产值确认单,44883.00 ,/,/,167858.05 ,45064.00 ,167858.05 ,45313.00 ,0.00 ,,,,,,,,,,,,167858.05 ,,,,,,,,,,,,,,167858.05 ,,,,,,,,,,,,,,,,,,,,,,,,,,,
1,华东,42791.00 ,上海奉贤西渡（完成）,无,上海奉贤西渡建筑设计咨询服务合同,CRCCRE-SJ-ZX-2017-003,咨询,,上海中铁京贤房地产有限公司,318115.49 ,"全过程咨询，
5元/平米",1590577.00 ,0.00 ,0.00 ,0.00 ,0.00 ,0.00 ,0.00 ,,1590577.00 ,0.00 ,0.00 ,,,,0.00 ,无,1.00 ,乙方完成方案阶段设计咨询工作并经甲方认可,0.20 ,318115.40 ,318115.40 ,开票,42802.00 ,/,/,318115.40 ,42802.00 ,318115.40 ,42844.00 ,0.00 ,,完成,,/,1570577.40 ,1570577.40 ,1570577.40 ,0.00 ,0.00 ,0.00 ,,,,,,,,318115.40 ,,,,,,,,,,,,,,318115.40 ,,,,,,,,,,,,,,,,,,,,,
,,,,,,,,,,,,,,,,,,,,,,,,,,,,2.00 ,乙方完成初步设计阶段的设计咨询工作并经甲方认可,0.30 ,477173.10 ,1252462.00 ,开票,43077.00 ,/,/,1252462.00 ,43077.00 ,1252462.00 ,43097.00 ,0.00 ,2、3节点合并开票，根据规证面积调价,,,/,,,,,,,,,,,,,,1252462.00 ,,,,,,,,,,,,,,1252462.00 ,,,,,,,,,,,,,,,,,,,,,
,,,,,,,,,,,,,,,,,,,,,,,,,,,,3.00 ,乙方完成施工图阶段的设计咨询工作并经甲方认可,0.50 ,795288.50 ,0.00 ,/,/,0.00 ,,/,/,0.00 ,,,,,,,,,,,,,,,,,,,,,,,,,,,,,,,,,,,,,,,,,,,,,,,,,,,,,,,
1,华东,42795.00 ,中国铁建青秀澜湾建（完成）,无,中国铁建青秀澜湾建筑设计咨询服务合同,CRCCRE-SJ-ZX-2017-004,咨询,,中铁房地产集团宁波京平置业有限公司,278506.00 ,"全过程咨询，
5元/平米",1392530.00 ,0.00 ,0.00 ,0.00 ,0.00 ,0.00 ,0.00 ,,1392530.00 ,0.00 ,0.00 ,,,,0.00 ,无,1.00 ,合同签订后,0.20 ,278506.00 ,278506.00 ,开票,42845.00 ,/,/,278506.00 ,42845.00 ,278506.00 ,42851.00 ,0.00 ,/,完成,,/,1392530.00 ,1392530.00 ,1392530.00 ,0.00 ,0.00 ,0.00 ,,,,,,,,278506.00 ,,,,,,,,,,,,,,278506.00 ,,,,,,,,,,,,,,,,,,,,,
,,,,,,,,,,,,,,,,,,,,,,,,,,,,2.00 ,乙方完成合同项下全部设计咨询工作，并经甲方书面认可,0.80 ,1114024.00 ,1114024.00 ,开票,43051.00 ,/,/,1114024.00 ,43051.00 ,1114024.00 ,43091.00 ,0.00 ,/,,,/,,,,,,,,,,,,,,1114024.00 ,,,,,,,,,,,,,,1114024.00 ,,,,,,,,,,,,,,,,,,,,,
,华东,43040.00 ,宁波象山（大目湾新城）（完成）,无,大目湾新城23-02号地块建筑设计咨询服务合同,CRCCRE-SJ-ZX-2017-010,咨询,,中铁房地产集团宁波京城投资有限公司,108582.00 ,"全过程咨询，
7元/平米",760074.00 ,0.00 ,0.00 ,0.00 ,0.00 ,0.00 ,0.00 ,,760074.00 ,0.00 ,0.00 ,,,,0.00 ,无,1.00 ,乙方完成方案阶段设计咨询工作并经甲方认可,0.20 ,152014.80 ,152014.80 ,开票,43227.00 ,/,/,152014.80 ,43227.00 ,152014.80 ,43241.00 ,0.00 ,第1、2节点合并开票,完成,,/,760074.00 ,760074.00 ,760074.00 ,0.00 ,0.00 ,0.00 ,,,,,,,,152014.80 ,,,,,,,,,,,,,,152014.80 ,,,,,,,,,,,,,,,,,,,,,
,,,,,,,,,,,,,,,,,,,,,,,,,,,,2.00 ,乙方完成初步设计阶段的设计咨询工作并经甲方认可,0.30 ,228022.20 ,228022.20 ,开票,43227.00 ,/,/,228022.20 ,43227.00 ,228022.20 ,43241.00 ,0.00 ,,,,/,,,,,,,,,,,,,,228022.20 ,,,,,,,,,,,,,,228022.20 ,,,,,,,,,,,,,,,,,,,,,
,,,,,,,,,,,,,,,,,,,,,,,,,,,,3.00 ,乙方完成施工图阶段的设计咨询工作并经甲方认可,0.50 ,380037.00 ,380037.00 ,产值确认单,43817.00 ,380037.00 ,43817.00 ,380037.00 ,43970.00 ,380037.00 ,44102.00 ,0.00 ,,,7月底/8月初付款,,,,,,,,,,,,,,,380037.00 ,,,,,,,,,,,,,,380037.00 ,,,,,,,,,,,,,,,,,,,,,
,华东,43444.00 ,宁波湾头项目（宁波花语江湾）,无,中国铁建·宁波江北区湾头商住地项目JB05-02-34、JB05-04-19、JB05-04-23地块标准户型精装建模、地下室全专业建模、地下室管综及净空优化BIM服务合同,CRCCRE-SJ-BIM-2018-004,BIM,,宁波京湾投资管理有限公司,77749.25 ,精装建模单价150元/平米，面积：996平方米；地下建模+管综优化：7.5元/平米,732519.38 ,0.00 ,0.00 ,0.00 ,0.00 ,0.00 ,0.00 ,,0.00 ,732519.38 ,0.00 ,,,,0.00 ,无,1.00 ,合同签订后,0.20 ,146503.88 ,146503.88 ,产值确认单,43444.00 ,146503.88 ,43444.00 ,146503.88 ,44046.00 ,146503.88 ,44132.00 ,0.00 ,"第一次确认35%产值，与合同节点金额不匹配,含节点1的20%+节点2的15%",,,,732519.38 ,677397.45 ,677397.45 ,0.00 ,55121.93 ,0.00 ,,,,,,,,,146503.88 ,,,,,,,,,,,,,,146503.88 ,,,,,,,,,,,,,,,,,,,,
,,,,,,,,,,,,,,,,,,,,,,,,,,,,2.00 ,乙方完成地下室BIM模型及管综优化报告,0.40 ,293007.75 ,109877.12 ,产值确认单,43444.00 ,109877.12 ,43444.00 ,439511.63 ,44411.00 ,109877.12 ,44434.00 ,0.00 ,,,,,,,,,,,,,,,,,,,109877.12 ,,,,,,,,,,,,,,109877.12 ,,,,,,,,,,,,,,,,,,,,
,,,,,,,,,,,,,,,,,,,,,,,,,,,,/,同上,/,/,183130.63 ,产值确认单,43444.00 ,183130.63 ,43444.00 ,,,183130.63 ,44434.00 ,0.00 ,第二次确认30%产值，与合同节点金额不匹配，含节点2的25%+节点3的5%,,,,,,,,,,,,,,,,,,183130.63 ,,,,,,,,,,,,,,183130.63 ,,,,,,,,,,,,,,,,,,,,
,,,,,,,,,,,,,,,,,,,,,,,,,,,,3.00 ,乙方完成标准层单元BIM精装修模型,0.20 ,146503.88 ,36625.18 ,产值确认单,43795.00 ,36625.18 ,43795.00 ,,,36625.18 ,44434.00 ,0.00 ,,,,,,,,,,,,,,,,,,,36625.18 ,,,,,,,,,,,,,,36625.18 ,,,,,,,,,,,,,,,,,,,,
,,,,,,,,,,,,,,,,,,,,,,,,,,,,/,同上,/,/,109878.70 ,产值确认单,44188.00 ,109878.70 ,44188.00 ,,,109878.70 ,44434.00 ,0.00 ,,,,,,,,,,,,,,,,,,,109878.70 ,,,,,,,,,,,,,,109878.70 ,,,,,,,,,,,,,,,,,,,,
,,,,,,,,,,,,,,,,,,,,,,,,,,,,4.00 ,乙方配合完成施工阶段地下室的BIM模型修改，交付竣工模型,0.20 ,146503.88 ,146503.87 ,产值确认单,44536.00 ,146503.87 ,44536.00 ,91381.94 ,45405.00 ,91381.94 ,45439.00 ,55121.93 ,,,,,,,,,,,,,,,,,,,146503.87 ,,,,,,,,,,,,,,91381.94 ,,,,,,,,,,,,,,,,,,,,
,,,,,,,,,,,,,,,,,,,,,,,,,,,,,,,,-55121.93 ,预估,,,,,,,,-55121.93 ,建筑面积是分别为中：15724.90西30192.96    东25747.68，合计  71665.54,,,,,,,,,,,,,,,,,,-55121.93 ,,,,,,,,,,,,,,,,,,,,,,,,,,,,,,,,,,
,华东,43040.00 ,嘉兴花语江南（完成）,无,嘉兴市南湖区新兴街道渤海路地块[2016南-009地块]项目地下室BIM管综优化服务合同,CRCCRE-SJ-BIM-2017-005,BIM,,嘉兴京禾房地产开发有限公司,52248.00 ,地下建模及优化：7.5元/平米,391860.00 ,0.00 ,0.00 ,0.00 ,0.00 ,0.00 ,0.00 ,,0.00 ,391860.00 ,0.00 ,,,,0.00 ,无,1.00 ,合同签订后,0.20 ,78372.00 ,78372.00 ,开票,43213.00 ,/,/,78372.00 ,43213.00 ,78372.00 ,43223.00 ,0.00 ,第1、2节点60%合并开票,完成,,/,391860.00 ,391860.00 ,391860.00 ,0.00 ,0.00 ,0.00 ,,,,,,,,,78372.00 ,,,,,,,,,,,,,,78372.00 ,,,,,,,,,,,,,,,,,,,,
,,,,,,,,,,,,,,,,,,,,,,,,,,,,2.00 ,完成BIM优化方案，南区地下室BIM模型及管综优化报告,0.40 ,156744.00 ,156744.00 ,开票,43213.00 ,/,/,156744.00 ,43213.00 ,156744.00 ,43223.00 ,0.00 ,,,,/,,,,,,,,,,,,,,,156744.00 ,,,,,,,,,,,,,,156744.00 ,,,,,,,,,,,,,,,,,,,,
,,,,,,,,,,,,,,,,,,,,,,,,,,,,3.00 ,完成北区地下室BIM模型及管综优化报告,0.20 ,78372.00 ,78372.00 ,产值确认单,43454.00 ,78372.00 ,43454.00 ,78372.00 ,44187.00 ,78372.00 ,44231.00 ,0.00 ,,,南北区都给成果，祝肖斐，结算,,,,,,,,,,,,,,,,78372.00 ,,,,,,,,,,,,,,78372.00 ,,,,,,,,,,,,,,,,,,,,
,,,,,,,,,,,,,,,,,,,,,,,,,,,,4.00 ,乙方配合完成施工图阶段的BIM模型修改，交付竣工模型,0.20 ,78372.00 ,78372.00 ,产值确认单,44187.00 ,78372.00 ,44187.00 ,78372.00 ,44188.00 ,78372.00 ,44231.00 ,0.00 ,,,,,,,,,,,,,,,,,,,78372.00 ,,,,,,,,,,,,,,78372.00 ,,,,,,,,,,,,,,,,,,,,
,华东,43607.00 ,嘉兴经开项目（嘉兴江南国际城）（完成）,无,中国铁建 嘉兴经开2017-30地块地下室BIM管综优化服务合同,CRCCRE-SJ-BIM-2019-002,BIM,,嘉兴京开房地产开发有限公司,60403.58 ,地下管综建模及优化：7.5元/平米,453026.86 ,0.00 ,0.00 ,0.00 ,0.00 ,0.00 ,0.00 ,,0.00 ,453026.86 ,0.00 ,,,,0.00 ,无,1.00 ,合同签订后，甲方再提交全部设计资料给乙方后,0.20 ,90605.37 ,90605.37 ,产值确认单,43713.00 ,90605.37 ,43713.00 ,90605.37 ,43753.00 ,90605.37 ,43824.00 ,0.00 ,80%合并请款开票到账362421元,完成,,/,453026.86 ,453027.34 ,453026.86 ,0.00 ,-0.48 ,0.48 ,,,,,,,,,90605.37 ,,,,,,,,,,,,,,90605.37 ,,,,,,,,,,,,,,,,,,,,
,,,,,,,,,,,,,,,,,,,,,,,,,,,,2.00 ,乙方完成BIM优化方案，地下室BIM模型及管综优化报告，经甲方认可,0.40 ,181210.74 ,181210.74 ,产值确认单,43713.00 ,181210.74 ,43713.00 ,181210.74 ,43753.00 ,181210.74 ,43824.00 ,0.00 ,,,,/,,,,,,,,,,,,,,,181210.74 ,,,,,,,,,,,,,,181210.74 ,,,,,,,,,,,,,,,,,,,,
,,,,,,,,,,,,,,,,,,,,,,,,,,,,3.00 ,乙方完成公区地下室BIM模型及管综优化报告，并经甲方认可,0.20 ,90605.37 ,90604.89 ,产值确认单,43713.00 ,90605.37 ,43713.00 ,90605.37 ,43753.00 ,90604.89 ,43824.00 ,0.00 ,,,,/,,,,,,,,,,,,,,,90604.89 ,,,,,,,,,,,,,,90604.89 ,,,,,,,,,,,,,,,,,,,,
,,,,,,,,,,,,,,,,,,,,,,,,,,,,4.00 ,乙方配合完成施工图阶段的BIM模型修改，交付竣工模型,0.20 ,90605.37 ,90605.85 ,产值确认单,44522.00 ,90605.85 ,44522.00 ,90605.85 ,44522.00 ,90605.85 ,44588.00 ,0.00 ,按照规证面积修正，地下面积60403.58，单价7.5=453026.85元,,,,,,,,,,,,,,,,,,90605.85 ,,,,,,,,,,,,,,90605.85 ,,,,,,,,,,,,,,,,,,,,
,商业,43185.00 ,怀来地块项目,无,怀来地块可研项目咨询顾问服务合同,CRCCRE-SJ-CH-2018-006,策划,,中铁房地产集团商业地产开发管理有限公司,/,10万元/个,100000.00 ,100000.00 ,0.00 ,0.00 ,0.00 ,0.00 ,0.00 ,,0.00 ,0.00 ,0.00 ,,,,0.00 ,无,1.00 ,乙方完成甲方最终认可的顾问服务报告，在甲方验收并作出书面确认后,1.00 ,100000.00 ,100000.00 ,开票,,/,/,100000.00 ,,100000.00 ,,0.00 ,,/,,/,100000.00 ,100000.00 ,100000.00 ,0.00 ,0.00 ,0.00 ,100000.00 ,,,,,,,,,,,,,,100000.00 ,,,,,,,,,,,,,,,,,,,,,,,,,,,,
,商业,43350.00 ,项目策划咨询顾问框架,无,项目策划咨询顾问服务框架协议,CRCCRE-SJ-CH-2018-016,策划,,中铁房地产集团商业地产开发管理有限公司,/,住宅类零基础可研报告6万元/个，商业类零基础可研报告10万元/个,1000000.00 ,1000000.00 ,0.00 ,0.00 ,0.00 ,0.00 ,0.00 ,,0.00 ,0.00 ,0.00 ,,,,0.00 ,无,1.00 ,赵沽里项目4万、榆关道项目4万、天津河东区汪庄子地块项目6万、天津自行车厂地块项目6万；                          ,0.20 ,200000.00 ,200000.00 ,开票,,/,/,200000.00 ,,200000.00 ,,0.00 ,,蓟州，成果,,/,260000.00 ,260000.00 ,260000.00 ,740000.00 ,0.00 ,0.00 ,200000.00 ,,,,,,,,,,,,,,200000.00 ,,,,,,,,,,,,,,,,,,,,,,,,,,,,
,,,,,,,,,,,,,,,,,,,,,,,,,,,,,蓟县远古水世界项目,0.06 ,60000.00 ,60000.00 ,开票,44126.00 ,,,60000.00 ,44126.00 ,60000.00 ,44152.00 ,,,,,,,,,,,,60000.00 ,,,,,,,,,,,,,,60000.00 ,,,,,,,,,,,,,,,,,,,,,,,,,,,,
,华东,43881.00 ,南京G15地块项目方案设计部分,CRCCRE-DC-XM-2020-001,南京江北新区NO.新区2019G15项目建设工程委托设计管理服务合同,CRCCRE-SJ-XM-2020-004,方案+方案报建配合外委+日照分析外委,,南京京盛房地产开发有限公司,总建面222805.33（其中地上156650.85，地下66154.48）,地上建筑方案：15.5元/平；地下建筑方案：12元/平（创一自揽综合单价12.28元/平米）,3378592.79 ,0.00 ,0.00 ,3338592.79 ,0.00 ,0.00 ,40000.00 ,,0.00 ,0.00 ,0.00 ,,,,0.00 ,创作一室：602261.51,方案-1,合同签订后15个工作日内,0.20 ,675718.56 ,675718.56 ,开票,44011.00 ,/,/,675718.56 ,44011.00 ,675718.56 ,44035.00 ,0.00 ,100%合并请款开票，总建面调整为221469.86平米；合同额根据规证面积调整为3376206.56元,完成,,/,3376206.56 ,3376206.56 ,3376206.56 ,0.00 ,0.00 ,0.00 ,,,635718.56 ,,,40000.00 ,,,,,,,,,,,635718.56 ,,,40000.00 ,,,,,,,,,直接委托,OA,,,,,,,,,,,,,
,,,,,,,,,,,,,,,,,,,,,,,,,,,,方案-2,规划方案调整、修改并通过规划公示之日起15个工作日内,0.30 ,1013577.84 ,1013577.84 ,开票,44011.00 ,/,/,1013577.84 ,44011.00 ,1013577.84 ,44035.00 ,0.00 ,,完成,,,,,,,,,,,1013577.84 ,,,,,,,,,,,,,,1013577.84 ,,,,,,,,,,,,,,,,,,,,,,,,,,
,,,,,,,,,,,,,,,,,,,,,,,,,,,,方案-3,取得《规划许可证》之日起15个工作日内,0.50 ,1689296.40 ,1686910.16 ,开票,44011.00 ,/,/,1686910.16 ,44011.00 ,1686910.16 ,44035.00 ,0.00 ,,完成,,,,,,,,,,,1686910.16 ,,,,,,,,,,,,,,1686910.16 ,,,,,,,,,,,,,,,,,,,,,,,,,,
,,43881.00 ,南京G15地块项目施工图设计部分,CRCCRE-DC-XM-2020-001,南京江北新区NO.新区2019G15项目建设工程委托设计管理服务合同,CRCCRE-SJ-XM-2020-004,施工图外委,,南京京盛房地产开发有限公司,222805.33（地上156650.85，地下人防10070.41，地下非人防56084.07）,（外委）地上建筑施工图：20元/平；非人防地下室：18元/平；人防地下室：28元/平,4424501.74 ,0.00 ,0.00 ,0.00 ,0.00 ,0.00 ,0.00 ,,0.00 ,0.00 ,0.00 ,,,,4424501.74 ,项目管理中心：4424501.74,施工图-1,合同签订之日起15个工作日内,0.20 ,884900.35 ,884900.35 ,开票,44014.00 ,/,/,884900.35 ,44014.00 ,884900.35 ,44040.00 ,0.00 ,,,,,4291766.69 ,4291766.69 ,4291766.69 ,132735.05 ,0.00 ,0.00 ,,,,,,,,,,,,,,884900.35 ,,,,,,,,,,,,,,884900.35 ,,,,,,,,,,,,,,,
,,,,,,,,,,,,,,,,,,,,,,,,,,,,施工图-2,初步设计成果通过相关政府部门审批通过，获取规证后15个工作日内,0.25 ,1106125.44 ,1106125.44 ,开票,44014.00 ,/,/,1106125.44 ,44014.00 ,1106125.44 ,44040.00 ,0.00 ,,,,,,,,,,,,,,,,,,,,,,,,1106125.44 ,,,,,,,,,,,,,,1106125.44 ,,,,,,,,,,,,,,,
,,,,,,,,,,,,,,,,,,,,,,,,,,,,施工图-3,全部施工图设计成果完成并通过相关政府部门审批，并获取施工图审查合格证后15个工作日内,0.45 ,1991025.78 ,1991025.78 ,开票,44014.00 ,/,/,1991025.78 ,44014.00 ,1991025.78 ,44040.00 ,0.00 ,,,,,,,,,,,,,,,,,,,,,,,,1991025.78 ,,,,,,,,,,,,,,1991025.78 ,,,,,,,,,,,,,,,
,,,,,,,,,,,,,,,,,,,,,,,,,,,,施工图-4,竣工验收后15个工作日内,0.07 ,309715.12 ,309715.12 ,产值确认单,45279.00 ,309715.12 ,45279.00 ,309715.12 ,45315.00 ,309715.12 ,45321.00 ,0.00 ,,,,,,,,,,,,,,,,,,,,,,,,309715.12 ,,,,,,,,,,,,,,309715.12 ,,,,,,,,,,,,,,,
,,,,,,,,,,,,,,,,,,,,,,,,,,,,施工图-5,总承包结算完毕后15个工作日内,0.03 ,132735.05 ,0.00 ,,,,,,,0.00 ,,0.00 ,,,,,,,,,,,,,,,,,,,,,,,,,,,,,,,,,,,,,,,,,,,,,,,,,,,,,
,,43881.00 ,南京G15地块项目PC专项部分,CRCCRE-DC-XM-2020-001,南京江北新区NO.新区2019G15项目建设工程委托设计管理服务合同,CRCCRE-SJ-XM-2020-004,PC外委,,南京京盛房地产开发有限公司,222805.33（地上156650.85）,（外委）PC策划方案：12元/平（地上面积）；装配式面积奖励策划及上会：3元/平（地上面积）,2349762.75 ,0.00 ,0.00 ,0.00 ,0.00 ,0.00 ,0.00 ,,0.00 ,0.00 ,0.00 ,,,,2349762.75 ,项目管理中心：2349762.75,PC-1,合同签订之日起15个工作日内,0.20 ,469952.55 ,469952.55 ,开票,44014.00 ,/,/,469952.55 ,44014.00 ,469952.55 ,44040.00 ,0.00 ,,,,,2349762.75 ,2349762.75 ,2349762.76 ,0.00 ,0.00 ,0.00 ,,,,,,,,,,,,,,469952.55 ,,,,,,,,,,,,,,469952.55 ,,,,,,,,,,,,,,,
,,,,,,,,,,,,,,,,,,,,,,,,,,,,PC-2,初步设计成果通过相关政府部门审批通过，获取规证后15个工作日内,0.25 ,587440.69 ,587440.69 ,开票,44014.00 ,/,/,587440.69 ,44014.00 ,587440.69 ,44040.00 ,0.00 ,,,,,,,,,,,,,,,,,,,,,,,,587440.69 ,,,,,,,,,,,,,,587440.69 ,,,,,,,,,,,,,,,
,,,,,,,,,,,,,,,,,,,,,,,,,,,,PC-3,全部施工图设计成果完成并通过相关政府部门审批，并获取施工图审查合格证后15个工作日内,0.45 ,1057393.24 ,1057393.24 ,开票,44014.00 ,/,/,1057393.24 ,44014.00 ,1057393.24 ,44040.00 ,0.00 ,,,,,,,,,,,,,,,,,,,,,,,,1057393.24 ,,,,,,,,,,,,,,1057393.24 ,,,,,,,,,,,,,,,
,,,,,,,,,,,,,,,,,,,,,,,,,,,,PC-4,竣工验收后，设计人按照合同设计内容和责任约定，完成此专项全部设计、配合、现场服务配合工作后,0.10 ,234976.28 ,234976.28 ,产值确认单,45279.00 ,234976.28 ,45279.00 ,234976.28 ,45315.00 ,234976.28 ,45321.00 ,0.00 ,,,,,,,,,,,,,,,,,,,,,,,,234976.28 ,,,,,,,,,,,,,,234976.28 ,,,,,,,,,,,,,,,
,,43881.00 ,南京G15地块项目景观设计部分,CRCCRE-DC-XM-2020-001,南京江北新区NO.新区2019G15项目建设工程委托设计管理服务合同,CRCCRE-SJ-XM-2020-004,景观外委,,南京京盛房地产开发有限公司,222805.33（景观面积67413.85）,（外委）景观：25元/平（景观面积）,1685346.25 ,0.00 ,0.00 ,0.00 ,0.00 ,0.00 ,0.00 ,,0.00 ,0.00 ,0.00 ,,,,1685346.25 ,项目管理中心：1685346.25,景观-1,合同签订之日起15个工作日内,0.15 ,252801.94 ,252801.94 ,开票,44014.00 ,/,/,252801.94 ,44014.00 ,252801.94 ,44040.00 ,0.00 ,,,,,1685346.26 ,1685346.26 ,1685346.26 ,-0.01 ,0.00 ,0.00 ,,,,,,,,,,,,,,252801.94 ,,,,,,,,,,,,,,252801.94 ,,,,,,,,,,,,,,,
,,,,,,,,,,,,,,,,,,,,,,,,,,,,景观-2,完成示范区景观方案设计并提交成果后10个工作日内,0.10 ,168534.63 ,168534.63 ,开票,44014.00 ,/,/,168534.63 ,44014.00 ,168534.63 ,44040.00 ,0.00 ,,,,,,,,,,,,,,,,,,,,,,,,168534.63 ,,,,,,,,,,,,,,168534.63 ,,,,,,,,,,,,,,,
,,,,,,,,,,,,,,,,,,,,,,,,,,,,景观-3,完成示范区景观施工图设计并提交成果后10个工作日内,0.10 ,168534.62 ,168534.62 ,开票,44014.00 ,/,/,168534.62 ,44014.00 ,168534.62 ,44040.00 ,0.00 ,,,,,,,,,,,,,,,,,,,,,,,,168534.63 ,,,,,,,,,,,,,,168534.62 ,,,,,,,,,,,,,,,
,,,,,,,,,,,,,,,,,,,,,,,,,,,,景观-4,示范区竣工后10个工作日内,0.10 ,168534.63 ,168534.63 ,产值确认单,44200.00 ,168534.63 ,44200.00 ,168534.63 ,44200.00 ,168534.63 ,44215.00 ,0.00 ,,,,,,,,,,,,,,,,,,,,,,,,168534.63 ,,,,,,,,,,,,,,168534.63 ,,,,,,,,,,,,,,,
,,,,,,,,,,,,,,,,,,,,,,,,,,,,景观-5,完成大区景观概念设计并提交成果后10个工作日内,0.15 ,252801.94 ,252801.94 ,开票,44050.00 ,/,/,252801.94 ,44050.00 ,252801.94 ,44134.00 ,0.00 ,,,,,,,,,,,,,,,,,,,,,,,,252801.94 ,,,,,,,,,,,,,,252801.94 ,,,,,,,,,,,,,,,
,,,,,,,,,,,,,,,,,,,,,,,,,,,,景观-6,完成大区景观方案设计并提交成果后10个工作日内,0.15 ,252801.94 ,252801.94 ,产值确认单,44092.00 ,252801.94 ,44089.00 ,252801.94 ,44132.00 ,252801.94 ,44180.00 ,0.00 ,,,,,,,,,,,,,,,,,,,,,,,,252801.94 ,,,,,,,,,,,,,,252801.94 ,,,,,,,,,,,,,,,
,,,,,,,,,,,,,,,,,,,,,,,,,,,,景观-7,完成大区景观扩初设计并提交成果后10个工作日内,0.10 ,168534.63 ,168534.63 ,产值确认单,44257.00 ,168534.63 ,44257.00 ,168534.63 ,44257.00 ,168534.63 ,44294.00 ,0.00 ,,,,,,,,,,,,,,,,,,,,,,,,168534.63 ,,,,,,,,,,,,,,168534.63 ,,,,,,,,,,,,,,,
,,,,,,,,,,,,,,,,,,,,,,,,,,,,景观-8,完成大区景观施工图设计并提交成果后10个工作日内,0.12 ,202241.55 ,202241.55 ,产值确认单,44551.00 ,202241.55 ,44551.00 ,202241.55 ,44568.00 ,202241.55 ,44585.00 ,0.00 ,预计22年1月份，请款找顾阳,,,,,,,,,,,,,,,,,,,,,,,202241.55 ,,,,,,,,,,,,,,202241.55 ,,,,,,,,,,,,,,,
,,,,,,,,,,,,,,,,,,,,,,,,,,,,景观-9,竣工验收后，设计人按照合同设计内容和责任约定，完成此专项全部设计、配合、现场服务配合工作后,0.03 ,50560.39 ,50560.39 ,产值确认单,45279.00 ,50560.39 ,45279.00 ,50560.39 ,45315.00 ,50560.39 ,45321.00 ,0.00 ,,,,,,,,,,,,,,,,,,,,,,,,50560.39 ,,,,,,,,,,,,,,50560.39 ,,,,,,,,,,,,,,,
,,43881.00 ,南京G15地块项目精装设计部分,CRCCRE-DC-XM-2020-001,南京江北新区NO.新区2019G15项目建设工程委托设计管理服务合同,CRCCRE-SJ-XM-2020-004,精装外委,,南京京盛房地产开发有限公司,222805.33（售楼处1431.5，样板间357）,（外委）售楼处精装：300元/平（售楼处面积）；样板间精装：400元/平（样板间面积）；公共区域及批量精准设计：566667元/项,1138917.00 ,0.00 ,0.00 ,0.00 ,0.00 ,0.00 ,0.00 ,,0.00 ,0.00 ,0.00 ,,,,1138917.00 ,项目管理中心：1138917.00,精装-1,合同签订后10个工作日内,0.20 ,227783.40 ,227783.40 ,开票,44014.00 ,/,/,227783.40 ,44014.00 ,227783.40 ,44040.00 ,0.00 ,,,,,1189477.39 ,1138917.00 ,1138917.00 ,-50560.39 ,50560.39 ,0.00 ,,,,,,,,,,,,,,227783.40 ,,,,,,,,,,,,,,227783.40 ,,,,,,,,,,,,,,,
,,,,,,,,,,,,,,,,,,,,,,,,,,,,精装-2,完成方案设计并经甲方及政府部门书面审核通过后10个工作日内,0.35 ,398620.95 ,398620.95 ,开票,44014.00 ,/,/,398620.95 ,44014.00 ,398620.95 ,44040.00 ,0.00 ,,,,,,,,,,,,,,,,,,,,,,,,398620.95 ,,,,,,,,,,,,,,398620.95 ,,,,,,,,,,,,,,,
,,,,,,,,,,,,,,,,,,,,,,,,,,,,精装-3,完成施工图扩初设计并经甲方及部门书面审核通过后10个工作日内,0.20 ,227783.40 ,227783.40 ,开票,44050.00 ,/,/,227783.40 ,44050.00 ,227783.40 ,44134.00 ,0.00 ,,,,,,,,,,,,,,,,,,,,,,,,227783.40 ,,,,,,,,,,,,,,227783.40 ,,,,,,,,,,,,,,,
,,,,,,,,,,,,,,,,,,,,,,,,,,,,精装-4,完成施工图设计并经甲方及政府部门书面审核通过后10个工作日内,0.22 ,250561.74 ,250561.74 ,产值确认单,44130.00 ,,,250561.74 ,44132.00 ,250561.74 ,44180.00 ,0.00 ,,,,,,,,,,,,,,,,,,,,,,,,250561.74 ,,,,,,,,,,,,,,250561.74 ,,,,,,,,,,,,,,,
,,,,,,,,,,,,,,,,,,,,,,,,,,,,精装-5,竣工验收后，设计人按照合同设计内容和责任约定，完成此专项全部设计、配合、现场服务配合工作后,0.03 ,34167.51 ,34167.51 ,产值确认单,45279.00 ,34167.51 ,45279.00 ,34167.51 ,45315.00 ,34167.51 ,45321.00 ,0.00 ,,,,,,,,,,,,,,,,,,,,,,,,34167.51 ,,,,,,,,,,,,,,34167.51 ,,,,,,,,,,,,,,,
,,43881.00 ,南京G15地块项目专项部分,CRCCRE-DC-XM-2020-001,南京江北新区NO.新区2019G15项目建设工程委托设计管理服务合同,CRCCRE-SJ-XM-2020-004,专项,,南京京盛房地产开发有限公司,222805.33（地上156650.85，地下66154.48）,（外委）BIM：4.5元/平（总面积）,1002623.99 ,0.00 ,0.00 ,0.00 ,0.00 ,0.00 ,0.00 ,,0.00 ,0.00 ,0.00 ,,,,1002623.99 ,项目管理中心：1002623.99,BIM-1,此专项设计工作完成并经甲方确认后,0.90 ,902361.59 ,902361.59 ,产值确认单,44551.00 ,902361.59 ,44551.00 ,902361.59 ,44568.00 ,902361.59 ,44585.00 ,0.00 ,补创一济南土河东项目经理产值切分差额50478.73,,,,1002623.99 ,1002623.99 ,1002623.99 ,0.00 ,0.00 ,0.00 ,,,50478.73 ,,,,,,,,,,,851882.86 ,,,50478.73 ,,,,,,,,,,,851882.86 ,,,,,,,,,,,,,,,
,,,,,,,,,,,,,,,,,,,,,,,,,,,,BIM-2,竣工验收后，设计人按照合同设计内容和责任约定，完成此专项全部设计、配合、现场服务配合工作后,0.10 ,100262.40 ,100262.40 ,产值确认单,45279.00 ,100262.40 ,45279.00 ,100262.40 ,45315.00 ,100262.40 ,45321.00 ,0.00 ,,,,,,,,,,,,,,,,,,,,,,,,100262.40 ,,,,,,,,,,,,,,100262.40 ,,,,,,,,,,,,,,,
,,43881.00 ,,,,,,,,,（外委）基坑支护设计：5元/平（地下面积）,330772.40 ,0.00 ,0.00 ,0.00 ,0.00 ,0.00 ,0.00 ,,0.00 ,0.00 ,0.00 ,,,,330772.40 ,项目管理中心：330772.40,基坑支护-1,此专项设计工作完成并经甲方确认后,0.90 ,297695.16 ,297695.16 ,产值确认单,44454.00 ,297695.16 ,44454.00 ,297695.16 ,44454.00 ,297695.16 ,44488.00 ,0.00 ,,,,,330772.40 ,330772.40 ,330772.40 ,0.00 ,0.00 ,0.00 ,,,,,,,,,,,,,,297695.16 ,,,,,,,,,,,,,,297695.16 ,,,,,,,,,,,,,,,
,,,,,,,,,,,,,,,,,,,,,,,,,,,,基坑支护-2,竣工验收后，设计人按照合同设计内容和责任约定，完成此专项全部设计、配合、现场服务配合工作后,0.10 ,33077.24 ,33077.24 ,产值确认单,45279.00 ,33077.24 ,45279.00 ,33077.24 ,45315.00 ,33077.24 ,45321.00 ,0.00 ,,,,,,,,,,,,,,,,,,,,,,,,33077.24 ,,,,,,,,,,,,,,33077.24 ,,,,,,,,,,,,,,,
,,43881.00 ,,,,,,,,,（外委）绿色建筑二星：20万/项,200000.00 ,0.00 ,0.00 ,0.00 ,0.00 ,0.00 ,0.00 ,,0.00 ,0.00 ,0.00 ,,,,200000.00 ,"项目管理中心：200,000.00",绿色建筑二星-1,此专项设计工作完成并经甲方确认后,0.90 ,180000.00 ,180000.00 ,产值确认单,44903.00 ,180000.00 ,44903.00 ,180000.00 ,45093.00 ,180000.00 ,45114.00 ,0.00 ,,,,,200000.00 ,200000.00 ,200000.00 ,0.00 ,0.00 ,0.00 ,,,,,,,,,,,,,,180000.00 ,,,,,,,,,,,,,,180000.00 ,,,,,,,,,,,,,,,
,,,,,,,,,,,,,,,,,,,,,,,,,,,,绿色建筑二星-2,竣工验收后，设计人按照合同设计内容和责任约定，完成此专项全部设计、配合、现场服务配合工作后,0.10 ,20000.00 ,20000.00 ,产值确认单,45279.00 ,20000.00 ,45279.00 ,20000.00 ,45315.00 ,20000.00 ,45321.00 ,0.00 ,,,,,,,,,,,,,,,,,,,,,,,,20000.00 ,,,,,,,,,,,,,,20000.00 ,,,,,,,,,,,,,,,
,,43881.00 ,,,,,,,,,门窗栏杆深化：10万/项,100000.00 ,0.00 ,0.00 ,0.00 ,0.00 ,0.00 ,0.00 ,,0.00 ,0.00 ,0.00 ,,,,100000.00 ,,门窗栏杆深化-1,此专项设计工作完成并经甲方确认后,0.90 ,90000.00 ,0.00 ,,,,,,,0.00 ,,0.00 ,,,,,0.00 ,0.00 ,0.00 ,100000.00 ,0.00 ,0.00 ,,,,,,,,,,,,,,,,,,,,,,,,,,,,,,,,,,,,,,,,,,,
,,,,,,,,,,,,,,,,,,,,,,,,,,,,门窗栏杆深化-2,竣工验收后，设计人按照合同设计内容和责任约定，完成此专项全部设计、配合、现场服务配合工作后,0.10 ,10000.00 ,0.00 ,,,,,,,0.00 ,,0.00 ,,,,,,,,,,,,,,,,,,,,,,,,,,,,,,,,,,,,,,,,,,,,,,,,,,,,,
,,43881.00 ,,,,,,,,,（外委）综合管网雨污水：0.5元/平（地上面积）,78325.44 ,0.00 ,0.00 ,0.00 ,0.00 ,0.00 ,0.00 ,,0.00 ,0.00 ,0.00 ,,,,78325.44 ,项目管理中心：78325.44,综合管网雨污水-1,此专项设计工作完成并经甲方确认后,0.90 ,70492.90 ,70492.90 ,产值确认单,44551.00 ,70492.90 ,44551.00 ,70492.90 ,44568.00 ,70492.90 ,44585.00 ,0.00 ,,,,,78325.44 ,78325.44 ,78325.44 ,0.00 ,0.00 ,0.00 ,,,,,,,,,,,,,,70492.90 ,,,,,,,,,,,,,,70492.90 ,,,,,,,,,,,,,,,
,,,,,,,,,,,,,,,,,,,,,,,,,,,,综合管网雨污水-2,竣工验收后，设计人按照合同设计内容和责任约定，完成此专项全部设计、配合、现场服务配合工作后,0.10 ,7832.54 ,7832.54 ,产值确认单,45279.00 ,7832.54 ,45279.00 ,7832.54 ,45315.00 ,7832.54 ,45321.00 ,0.00 ,,,,,,,,,,,,,,,,,,,,,,,,7832.54 ,,,,,,,,,,,,,,7832.54 ,,,,,,,,,,,,,,,
,,43881.00 ,,,,,,,,,（外委）精装修二次机电：2元/平（地上面积） ,313301.70 ,0.00 ,0.00 ,0.00 ,0.00 ,0.00 ,0.00 ,,0.00 ,0.00 ,0.00 ,,,,313301.70 ,项目管理中心：313301.70,精装修二次机电-1,此专项设计工作完成并经甲方确认后,0.90 ,281971.53 ,281971.53 ,产值确认单,44551.00 ,281971.53 ,44551.00 ,281971.53 ,44886.00 ,281971.53 ,44894.00 ,0.00 ,,,,,313301.70 ,313301.70 ,313301.70 ,0.00 ,0.00 ,0.00 ,,,,,,,,,,,,,,281971.53 ,,,,,,,,,,,,,,281971.53 ,,,,,,,,,,,,,,,
,,,,,,,,,,,,,,,,,,,,,,,,,,,,精装修二次机电-2,竣工验收后，设计人按照合同设计内容和责任约定，完成此专项全部设计、配合、现场服务配合工作后,0.10 ,31330.17 ,31330.17 ,产值确认单,45279.00 ,31330.17 ,45279.00 ,31330.17 ,45315.00 ,31330.17 ,45321.00 ,0.00 ,,,,,,,,,,,,,,,,,,,,,,,,31330.17 ,,,,,,,,,,,,,,31330.17 ,,,,,,,,,,,,,,,
,,43881.00 ,,,,,,,,,外墙装饰：0.5元/平（地上面积）,78325.43 ,0.00 ,0.00 ,78325.43 ,0.00 ,0.00 ,0.00 ,,0.00 ,0.00 ,0.00 ,,,,0.00 ,0.00 ,外墙装饰-1,此专项设计工作完成并经甲方确认后,0.90 ,70492.89 ,70492.89 ,产值确认单,44454.00 ,70492.89 ,44454.00 ,70492.89 ,44454.00 ,70492.89 ,44488.00 ,0.00 ,,,,,78325.43 ,78325.43 ,78325.43 ,0.00 ,0.00 ,0.00 ,,,70492.89 ,,,,,,,,,,,,,,70492.89 ,,,,,,,,,,,,,,,,,,,,,,,,,,
,,,,,,,,,,,,,,,,,,,,,,,,,,,,外墙装饰-2,竣工验收后，设计人按照合同设计内容和责任约定，完成此专项全部设计、配合、现场服务配合工作后,0.10 ,7832.54 ,7832.54 ,产值确认单,45279.00 ,7832.54 ,45279.00 ,7832.54 ,45315.00 ,7832.54 ,45321.00 ,0.00 ,,,,,,,,,,,,,7832.54 ,,,,,,,,,,,,,,7832.54 ,,,,,,,,,,,,,,,,,,,,,,,,,,
,,43881.00 ,南京G15地块项目咨询部分,CRCCRE-DC-XM-2020-001,南京江北新区NO.新区2019G15项目建设工程委托设计管理服务合同,CRCCRE-SJ-XM-2020-004,咨询+项目管理,,南京京盛房地产开发有限公司,222805.33 ,咨询管理费：7元/平（咨询5元/平；管理2元/平）,1559637.31 ,0.00 ,0.00 ,0.00 ,0.00 ,0.00 ,0.00 ,,1114026.65 ,0.00 ,0.00 ,,,,445610.66 ,0.00 ,咨询-1,合同签订后15个工作日内,0.20 ,311927.46 ,311927.46 ,开票,44011.00 ,/,/,311927.46 ,44011.00 ,311927.46 ,44035.00 ,0.00 ,,,,,1559637.32 ,1559637.31 ,1559637.31 ,-0.01 ,0.01 ,0.00 ,,,,,,,,222805.33 ,,,,,,89122.13 ,,,,,,,,222805.33 ,,,,,,89122.13 ,,,,,,,,,,,,,,,
,,,,,,,,,,,,,,,,,,,,,,,,,,,,咨询-2,完成施工图阶段的设计咨询工作，向甲方提交优化成果之日起15个工作日内,0.40 ,623854.92 ,623854.92 ,开票,44011.00 ,/,/,623854.92 ,44011.00 ,623854.92 ,44035.00 ,0.00 ,,,,,,,,,,,,,,,,,,445610.66 ,,,,,,178244.26 ,,,,,,,,445610.66 ,,,,,,178244.26 ,,,,,,,,,,,,,,,
,,,,,,,,,,,,,,,,,,,,,,,,,,,,咨询-3,取得施工图审查合格书之日起15个工作日内,0.37 ,577065.81 ,577065.81 ,开票,44011.00 ,/,/,577065.81 ,44011.00 ,577065.81 ,44035.00 ,0.00 ,,,,,,,,,,,,,,,,,,412189.86 ,,,,,,164875.94 ,,,,,,,,412189.86 ,,,,,,164875.95 ,,,,,,,,,,,,,,,
,,,,,,,,,,,,,,,,,,,,,,,,,,,,咨询-4,竣工验收后，设计人按照合同设计内容和责任约定，完成此专项全部设计、配合、现场服务配合工作后,0.03 ,46789.12 ,46789.12 ,产值确认单,45279.00 ,46789.12 ,45279.00 ,46789.12 ,45315.00 ,46789.12 ,45321.00 ,0.00 ,,,,,,,,,,,,,,,,,,33420.80 ,,,,,,13368.32 ,,,,,,,,33420.80 ,,,,,,13368.32 ,,,,,,,,,,,,,,,
,华东,44456.00 ,南京G15地块项目补充协议（精装）,,南京江北新区NO.新区2019G15项目建设工程委托设计管理服务合同补充合同,CRCCRE-SJ-XM-2020-004-B1,精装管理,,南京京盛房地产开发有限公司,/,,76000.00 ,0.00 ,0.00 ,0.00 ,0.00 ,0.00 ,0.00 ,0.00 ,0.00 ,0.00 ,0.00 ,0.00 ,,,76000.00 ,项目管理中心:76000,1.00 ,方案设计、深化，提交概念方案、方案效果图,0.50 ,38000.00 ,38000.00 ,产值确认单,44523.00 ,38000.00 ,44523.00 ,38000.00 ,44568.00 ,38000.00 ,44585.00 ,,,,,,,,,,,,,,,,,,,,,,,,,38000.00 ,,,,,,,,,,,,,,38000.00 ,,,,,,,,,,,,,,,
,,,,,,,,,,,,,,,,,,,,,,,,,,,,2.00 ,施工图完成，提交施工蓝图,0.45 ,34200.00 ,34200.00 ,产值确认单,44734.00 ,34200.00 ,44734.00 ,34200.00 ,44734.00 ,34200.00 ,44802.00 ,,,,,,,,,,,,,,,,,,,,,,,,,34200.00 ,,,,,,,,,,,,,,34200.00 ,,,,,,,,,,,,,,,
,,,,,,,,,,,,,,,,,,,,,,,,,,,,3.00 ,现场服务，竣工验收及结算,0.05 ,3800.00 ,3800.00 ,产值确认单,45279.00 ,3800.00 ,45279.00 ,3800.00 ,45315.00 ,3800.00 ,45321.00 ,0.00 ,,,,,,,,,,,,,,,,,,,,,,,,3800.00 ,,,,,,,,,,,,,,3800.00 ,,,,,,,,,,,,,,,
,华东,44918.00 ,南京G19项目（不审计）,CRCCRE-DC-XM-2022-004,南京市江北新区NO.新区2021G19地块项目 结构优化咨询劳务委外合同,CRCCRE-SJ-ZX-2022-003,咨询,,中铁上海设计院集团有限公司南京设计院,215000.00 ,总价包干,430000.00 ,0.00 ,0.00 ,0.00 ,0.00 ,0.00 ,0.00 ,0.00 ,430000.00 ,0.00 ,0.00 ,0.00 ,0.00 ,,0.00 ,无,1.00 ,合同签订后15个工作日内,0.20 ,86000.00 ,69660.00 ,产值确认单,44921.00 ,69660.00 ,44921.00 ,69660.00 ,45089.00 ,69660.00 ,45366.00 ,,"按面积折算
住宅部分面积占比约16.3%，商业地块建筑面积约64.7%",,,,,,,,,,,,,,,,,69660.00 ,,,,,,,,,,,,,,69660.00 ,,,,,,,,,,,,,,,,,,,,,
,,,,,,,,,,,,,,,,,,,,,,,,,,,,,同上,/,/,16340.00 ,产值确认单,45267.00 ,/,/,16340.00 ,45089.00 ,16340.00 ,45366.00 ,,,,,,,,,,,,,,,,,,,16340.00 ,,,,,,,,,,,,,,16340.00 ,,,,,,,,,,,,,,,,,,,,,
,,,,,,,,,,,,,,,,,,,,,,,,,,,,2.00 ,乙方完成施工图阶段的设计咨询工作，向甲方提交优化成果（包括但不限于优化后的设计文件、设计咨询意见）之日起15个工作日内,0.40 ,172000.00 ,28036.00 ,产值确认单,44921.00 ,28036.00 ,44921.00 ,28036.00 ,45551.00 ,28036.00 ,45590.00 ,,"按面积折算
住宅部分面积占比约16.3%，商业地块建筑面积月64.7%，",,,,,,,,,,,,,,,,,28036.00 ,,,,,,,,,,,,,,28036.00 ,,,,,,,,,28036.00 ,0.00 ,,,,,,,,,,,
,,,,,,,,,,,,,,,,,,,,,,,,,,,,,同上,/,/,143964.00 ,产值确认单,45267.00 ,143964.00 ,45267.00 ,143964.00 ,45551.00 ,143964.00 ,45590.00 ,,银信，25年1月16日到期,,,,,,,,,,,,,,,,,143964.00 ,,,,,,,,,,,,,,143964.00 ,,,,,,,,,143964.00 ,0.00 ,,,,,,,,,,,
,,,,,,,,,,,,,,,,,,,,,,,,,,,,3.00 ,取得施工图审查合格证书之日起15个工作日内,0.37 ,159100.00 ,25933.30 ,产值确认单,44921.00 ,,,,,25933.30 ,,,"按面积折算
住宅部分面积占比约16.3%，商业地块建筑面积月64.7%",,,,,,,,,,,,,,,,,25933.30 ,,,,,,,,,,,,,,25933.30 ,,,,,,,,,,,,,,,,,,,,,
,,,,,,,,,,,,,,,,,,,,,,,,,,,,,同上,/,/,133166.70 ,产值确认单,45267.00 ,,,,,133166.70 ,,,,,,,,,,,,,,,,,,,,133166.70 ,,,,,,,,,,,,,,133166.70 ,,,,,,,,,,,,,,,,,,,,,
,,,,,,,,,,,,,,,,,,,,,,,,,,,,4.00 ,工程通过竣工验收，乙方按照本合同设计内容和乙方责任的约定，完成此专项全部设计、配合、现场服务配合工作后15个工作日内,0.03 ,12900.00 ,0.00 ,,,,,,,0.00 ,,,,,,,,,,,,,,,,,,,,,,,,,,,,,,,,,,,,,,,,,,,,,,,,,,,,,,,
,华东,44210.00 ,可研项目方案设计合同（江苏事业部/南京公司）（完成）,/,可研项目方案设计合同（江苏事业部/南京公司）,CRCCRE-SJ-CZ-2021-001,可研,,中铁房地产集团江苏置业有限公司,/,深度一级：2万/个，深度二级：5万/个,440000.00 ,,,440000.00 ,,,,,,,,,,,,创作一室：140000,1.00 ,本项目服务费用均以以下支付流程进行支付：乙方完成所有可研项目方案设计，并提交的设计成果经甲方确认后，支付已完成工作量的100%。,0.80 ,350000.00 ,350000.00 ,开票,44349.00 ,/,/,350000.00 ,44349.00 ,350000.00 ,44364.00 ,0.00 ,"南京建邺区河西21-1、2地块项目5万元；
南京江北区天浦路项目 5万元；南京栖霞区鲤鱼山路地块5万元；徐州华东机械厂地块D5万元；南京栖霞新港项目5万元；徐州雨润地块项目 2万元；南京江北新区项目2万元；南京G13\G14地块项目2万元；南京南部新城综合体项目2万元；徐州九里山中电子合作项目2万元",完成,,,640000.00 ,640000.00 ,640000.00 ,-200000.00 ,0.00 ,0.00 ,,,350000.00 ,,,,,,,,,,,,,,350000.00 ,,,,,,,,,,,,,,,,,,,,,,,,,,
,,,,,,,,,,,,,,,,,,,,,,,,,,,,2.00 ,同上,,,290000.00 ,开票,44522.00 ,/,/,290000.00 ,44522.00 ,290000.00 ,44547.00 ,0.00 ,南京雨花区圣戈班C4地块项目5万元；南京市石杨路北友谊河西地块项目5万元；南京江心洲梅子洲路以东、文泰街以北地块项目5万元；南京汉侯路以北、玉麟路以西地块项目5万元；南京江宁区锦岸路以西、映红路以北地块项目5万元；南京花雨区人居森林项目2万元；徐州彭祖大道北、徐贾快速路西地块项目2万元,,,,,,,,,,,,290000.00 ,,,,,,,,,,,,,,290000.00 ,,,,,,,,,,,,,,,,,,,,,,,,,,
,华东,44019.00 ,绍兴花语江南项目（完成）,CRCCRE-DC-XM-2020-015,"绍兴越城区曲屯1号地块
BIM设计服务合同",CRCCRE-SJ-BIM-2020-012,BIM,,绍兴京越房地产开发有限公司,371138（地下94858.66，园区小市政107895.30）,地下建模及管综优化7.5元/平；小市政6.0元/平,1358811.75 ,0.00 ,0.00 ,0.00 ,0.00 ,0.00 ,0.00 ,,0.00 ,1358811.75 ,0.00 ,,,,0.00 ,BIM：465941.49,1.00 ,合同签订后30日内,0.20 ,271762.35 ,271762.35 ,开票,44067.00 ,,,271762.35 ,44067.00 ,271762.35 ,44118.00 ,0.00 ,,,,,1358811.75 ,1358811.75 ,1358811.75 ,0.00 ,0.00 ,0.00 ,,,,,,,,,271762.35 ,,,,,,,,,,,,,,271762.35 ,,,,,,招标,OA,,,,,,,,,,,,,
,,,,,,,,,,,,,,,,,,,,,,,,,,,,2.00 ,乙方提交第一版地下室管线BIM模型后，30日内,0.30 ,407643.53 ,407643.53 ,开票,44067.00 ,,,407643.53 ,44067.00 ,407643.53 ,44118.00 ,0.00 ,,,,,,,,,,,,,,,,,,,407643.53 ,,,,,,,,,,,,,,407643.53 ,,,,,,,,,,,,,,,,,,,,
,,,,,,,,,,,,,,,,,,,,,,,,,,,,3.00 ,乙方提交地下室管线优化BIM模型及园区场地和小市政管线BIM管综优化模型及其优化报告后，30日内,0.40 ,543524.70 ,543524.70 ,产值确认单,44370.00 ,543524.70 ,44370.00 ,543524.70 ,44370.00 ,543524.70 ,44400.00 ,0.00 ,,,,,,,,,,,,,,,,,,,543524.70 ,,,,,,,,,,,,,,543524.70 ,,,,,,,,,,,,,,,,,,,,
,,,,,,,,,,,,,,,,,,,,,,,,,,,,4.00 ,乙方配合甲方完成BIM优化工作后，30日内,0.10 ,135881.18 ,135881.17 ,产值确认单,44533.00 ,135881.17 ,44533.00 ,135881.17 ,45029.00 ,135881.17 ,45285.00 ,0.00 ,,,,,,,,,,,,,,,,,,,135881.17 ,,,,,,,,,,,,,,135881.17 ,,,,,,,,,,,,,,,,,,,,
,华东,44113.00 ,苏州中铁建WG-12号地块项目（完成）,CRCCRE-DC-XM-2020-050,相城高铁新城2020-WG-12号地块项目建筑设计咨询服务合同,CRCCRE-SJ-ZX-2020-012,咨询,,苏州京万房地产开发有限公司,176404.00平米,全过程咨询7.0元/平,1234828.00 ,0.00 ,0.00 ,0.00 ,0.00 ,0.00 ,0.00 ,,1234828.00 ,0.00 ,0.00 ,,,,0.00 ,无,1.00 ,合同签订后20日内,0.20 ,246965.60 ,246965.60 ,产值确认单,44166.00 ,246965.60 ,44166.00 ,246965.60 ,44166.00 ,246965.60 ,44231.00 ,0.00 ,,完成,,,1230251.05 ,1230251.05 ,1230251.05 ,4576.95 ,0.00 ,0.00 ,,,,,,,,246965.60 ,,,,,,,,,,,,,,246965.60 ,,,,,,,直接委托,OA,,,,,,,,,,,,,
,,,,,,,,,,,,,,,,,,,,,,,,,,,,2.00 ,乙方完成方案阶段的设计咨询工作，提交电子版《方案阶段设计咨询意见》或甲方取得建设工程规划许可证后，20个工作日内，双方根据建设工程规划许可证面积进行结算。,0.40 ,493931.20 ,493931.20 ,产值确认单,44166.00 ,493931.20 ,,493931.20 ,,493931.20 ,,0.00 ,,,,,,,,,,,,,,,,,,493931.20 ,,,,,,,,,,,,,,493931.20 ,,,,,,,,,,,,,,,,,,,,,
,,,,,,,,,,,,,,,,,,,,,,,,,,,,3.00 ,乙方完成施工图阶段的设计咨询工作且向甲方提交优化成果或全专业施工图通过甲方委托的第三方审核，并取得施工图审查合格通知书后，20个工作日内。,0.40 ,493931.20 ,489354.25 ,产值确认单,44185.00 ,489354.25 ,44185.00 ,489354.25 ,44396.00 ,489354.25 ,44419.00 ,0.00 ,按规证面积结算金额减少4576.95元,,,,,,,,,,,,,,,,,489354.25 ,,,,,,,,,,,,,,489354.25 ,,,,,,,,,,,,,,,,,,,,,
,华东,44407.00 ,沪通事业部可研项目（上海）,/,2021年项目可行性研究设计合作协议（沪通事业部）,CRCCRE-SJ-CZ-2021-006,可研,,上海中铁京贤房地产有限公司,/,5万元/个,500000.00 ,,,485000.00 ,,,,,15000.00 ,,,,,,,无,1.00 ,即第一次付款上报时间为2021年8月底，乙方应向甲方提供设计方案成果的书面确认清单与当期设计费等额的增值税发票等请款资料向甲方申请付款或办理结算,,,200000.00 ,开票,44491.00 ,/,/,200000.00 ,44491.00 ,200000.00 ,44518.00 ,0.00 ,上海松江佘山项目创一5万元、上海青浦区夏阳街道达慧路北侧项目（咨询1.5+创一3.5万）上海奉贤区金汇镇42-02区域地块项目创一5万、南通市胜利路西、观阳路南项目5创一万,,,,500000.00 ,500000.00 ,500000.00 ,0.00 ,0.00 ,0.00 ,,,185000.00 ,,,,,15000.00 ,,,,,,,,,185000.00 ,,,,,15000.00 ,,,,,,,,,,,,,,,,,,,,,
,,,,,,,,,,,,,,,,,,,,,,,,,,,,2.00 ,第二次付款上报时间为2021年12月底，乙方应向甲方提供设计方案成果的书面确认清单与当期设计费等额的增值税发票等请款资料向甲方申请付款或办理结算,,,300000.00 ,产值确认单,44915.00 ,300000.00 ,44914.00 ,300000.00 ,45159.00 ,300000.00 ,45196.00 ,0.00 ,创作一室30万，每个项目按5万元结算：1、上海奉贤新城10 单元13-02地块；2、上海杨浦区定海社区 D2-2 地块项目；3、上海浦东新区高行镇 E01-06 地块项目；4、上海浦东新区川沙镇 D05C-13 地块项目；5、上海崇明陈家镇、金山枫泾、金山新城、青浦新城、徐汇康健、杨浦江浦社区等 7块地项目；6、上海 SJC-10027单元7块商业+8块住宅用地项目,,,,,,,,,,,,300000.00 ,,,,,,,,,,,,,,300000.00 ,,,,,,,,,,,,,,,,,,,,,,,,,,
,华东,44484.00 ,上海青浦赵巷项目（上海花语江南）,CRCCRE-DC-XM-2021-018,上海市青浦区赵巷镇置旺路东侧H4-04地块普通商品房项目健康建筑建设工程委托设计管理服务合同,CRCCRE-SJ-XM-2021-024,方案+BIM+咨询+管理,,上海中铁京鑫房地产有限公司,158811.36 ,方案+管理费20.71；咨询4.2；BIM全过程及精装、管综建模14.5,17680940.89 ,,,2422847.22 ,,,,,787625.65 ,2302764.72 ,,,,,12167703.30 ,项目管理中心,1.00 ,取得方案批复后15个工作日内请款，次月30日前付款,0.10 ,1768094.09 ,1768094.09 ,产值确认单,44490.00 ,1768094.09 ,44490.00 ,1768094.09 ,44491.00 ,1768094.09 ,44524.00 ,0.00 ,,,,,,,,,,,,,1453708.33 ,,,,,78762.56 ,0.00 ,,,,,235623.20 ,,,1453708.33 ,,,,,78762.56 ,0.00 ,,,,,235623.20 ,,,,,,,,,,,,,,,
,,,,,,,,,,,,,,,,,,,,,,,,,,,,2.00 ,取得审图合格证后15个工作日内请款，次月30日前付款,0.40 ,7072376.36 ,7072376.36 ,产值确认单,44490.00 ,7072376.36 ,44490.00 ,7072376.36 ,44491.00 ,7072376.36 ,44524.00 ,0.00 ,,,,,,,,,,,,,726854.17 ,,,,,472575.39 ,460552.94 ,,,,,5412393.86 ,,,726854.17 ,,,,,472575.39 ,460552.94 ,,,,,5412393.86 ,,,,,,,,,,,,,,,
,,,,,,,,,,,,,,,,,,,,,,,,,,,,3.00 ,完成精装、景观示范区方案汇报文本后15个工作日内请款，次月30日前付款,0.15 ,2652141.13 ,5304282.26 ,产值确认单,44508.00 ,5304282.26 ,44508.00 ,5304282.26 ,44526.00 ,5304282.26 ,44582.00 ,0.00 ,合并确认产值、开发票,,,,,,,,,,,,,,,,,78762.56 ,921105.89 ,,,,,4304413.81 ,,,,,,,,78762.56 ,921105.89 ,,,,,4304413.81 ,,,,,,,,,,,,,,,
,,,,,,,,,,,,,,,,,,,,,,,,,,,,4.00 ,完成施工图联合校审（BIM组、咨询组出具修改、优化意见，完成修改）后15个工作日内请款，次月30日前付款,0.15 ,2652141.13 ,,,,,,,,,,,,,,,,,,,,,,,,,,,,,,,,,,,,,,,,,,,,,,,,,,,,,,,,,,,,,,,
,,,,,,,,,,,,,,,,,,,,,,,,,,,,5.00 ,全部结构封顶后15个工作日内请款，次月30日前付款,0.10 ,1768094.09 ,1768094.09 ,产值确认单,44915.00 ,1768094.09 ,44915.00 ,1768094.09 ,45042.00 ,1768094.09 ,45076.00 ,0.00 ,,,,,,,,,,,,,168471.79 ,,,,,81122.48 ,690829.42 ,,,,,827670.40 ,,,168471.79 ,,,,,81122.48 ,690829.42 ,,,,,827670.40 ,,,,,,,,,,,,,,,
,,,,,,,,,,,,,,,,,,,,,,,,,,,,6.00 ,项目竣工验收后15个工作日内请款，次月30日前付款,0.10 ,1757282.73 ,1768094.09 ,产值确认单,45275.00 ,1768094.09 ,45275.00 ,1768094.09 ,45412.00 ,0.00 ,,1757282.73 ,,,,,,,,,,,,,123633.38 ,,,,,79024.78 ,365276.47 ,,,,,1200159.46 ,,,,,,,,,,,,,,,,,,,,,,,,,,,,,
,,,,,,,,,,,,,,,,,,,,,,,,,,,,,,,,,,,,,-1768094.09 ,45860.00 ,0.00 ,,0.00 ,,,,,,,,,,,,,,,,,,,,,,,,,,,,,,,,,,,,,,,,,,,,,,,,,,,,,
,,,,,,,,,,,,,,,,,,,,,,,,,,,,,,,,-10811.36 ,产值确认单,45855.00 ,-10811.36 ,45855.00 ,1757282.73 ,45861.00 ,1757282.73 ,45960.00 ,-1757282.73 ,,,,,,,,,,,,,,,,,,,,,,,,-10811.36 ,,,123633.38 ,,,,,79024.78 ,365276.47 ,,,,,1189348.10 ,,,,,,,,,,,,,,,
,北方,45611.00 ,房山文娱项目,,"房山区长阳镇起步区6号地文化娱乐用地
项目办公及就餐区域精装修设计合同补充协议",CRCCRE-SJ-GC-2021-005-B1,精装,CRCCRE-BF-BJZD-WY-QQ-2021-007-B1,中铁房地产集团北方有限公司,4361.61 ,82.00 ,357652.00 ,,,,,,118026.00 ,,,,,,239626.00 ,,,,1.00 ,合同签署生效之日起自乙方完成方案设计且经甲方审核确认后30日内。,0.20 ,71530.40 ,71530.40 ,产值确认单,45653.00 ,71530.40 ,45653.00 ,71530.40 ,45799.00 ,71530.40 ,46021.00 ,,抵房租,,,,,,,,,,,,,,,23843.47 ,,,,,,47686.93 ,,,,,,,,23843.47 ,,,,,,47686.93 ,,,,,,,,,,,,,,,,,
,,,,,,,,,,,,,,,,,,,,,,,,,,,,2.00 ,乙方完成施工图设计且经甲方审核确认后30日内。,0.70 ,250356.40 ,250356.40 ,产值确认单,45653.00 ,250356.40 ,45653.00 ,250356.40 ,45799.00 ,250356.40 ,46021.00 ,,抵房租,,,,,,,,,,,,,,,83452.13 ,,,,,,166904.27 ,,,,,,,,83452.13 ,,,,,,166904.27 ,,,,,,,,,,,,,,,,,
,,,,,,,,,,,,,,,,,,,,,,,,,,,,3.00 ,自甲方装修工程施工完成并经甲方认可后30日内。,0.10 ,35765.20 ,35765.20 ,产值确认单,45653.00 ,35765.20 ,45653.00 ,35765.20 ,45799.00 ,35765.20 ,46021.00 ,,抵房租,,,,,,,,,,,,,,,11921.73 ,,,,,,23843.47 ,,,,,,,,11921.73 ,,,,,,23843.47 ,,,,,,,,,,,,,,,,,
,物业,45636.00 ,房山文娱物业公司(1F-3F)精装项目,,房山区长阳镇起步区6号地文化娱乐用地 项目南楼1-3层精装修设计合同,CRCCRE-SJ-JZ-2024-012,精装,HT-CG.XZGL-BJZXCS-LHXM-2024014,中铁建物业管理有限公司、中铁建物业管理有限公司北京分公司,设计面积总计 3884.30 ㎡,平面方案+施工图124.47元/平米；机电二次配合30元/平米，结构加固20000元,620000.00 ,,,,,,20000.00 ,,132000.00 ,,,,468000.00 ,,,,1.00 ,"1、乙方完成方案设计之日起且经甲方1及甲方2审核书面确认并在收到乙方提供的合法有效的增值税专用发票后30日内支付合同金额的30%。
",0.30 ,186000.00 ,186000.00 ,产值确认单,45649.00 ,57660.00 ,45649.00 ,57660.00 ,45649.00 ,57660.00 ,45656.00 ,,"甲方为两家公司，甲方1占比69%；甲方2占比31%即物业公司128340；物业北京57660

物业北京：工程1860+咨询12276+精装43524",,,,,,,,,,,,,,,1860.00 ,,12276.00 ,,,,43524.00 ,,,,,,,,1860.00 ,,12276.00 ,,,,43524.00 ,,,,,,,,,,,,,,,,,
,,,,,,,,,,,,,,,,,,,,,,,,,,,,,,,,,,,128340.00 ,,128340.00 ,,128340.00 ,45673.00 ,,物业公司：工程4140+咨询27324+精装96876,,,,,,,,,,,,,,,4140.00 ,,27324.00 ,,,,96876.00 ,,,,,,,,4140.00 ,,27324.00 ,,,,96876.00 ,,,,,,,,,,,,,,,,,
,,,,,,,,,,,,,,,,,,,,,,,,,,,,2.00 ,"2、乙方完成施工图设计且经甲方1及甲方2审核书面确认并在收到乙方提供的合法有效的增值税专用发票后30日内支付合同金额的50%。
",0.50 ,310000.00 ,310000.00 ,产值确认单,45649.00 ,96100.00 ,45649.00 ,96100.00 ,45649.00 ,96100.00 ,45656.00 ,,"甲方为两家公司，甲方1占比69%；甲方2占比31%即物业公司213900；物业北京96100

物业北京：工程3100+咨询20460+精装72540",,,,,,,,,,,,,,,3100.00 ,,20460.00 ,,,,72540.00 ,,,,,,,,3100.00 ,,20460.00 ,,,,72540.00 ,,,,,,,,,,,,,,,,,
,,,,,,,,,,,,,,,,,,,,,,,,,,,,,,,,,,,213900.00 ,,213900.00 ,,213900.00 ,45673.00 ,,物业公司：工程6900+咨询45540+精装161460,,,,,,,,,,,,,,,6900.00 ,,45540.00 ,,,,161460.00 ,,,,,,,,6900.00 ,,45540.00 ,,,,161460.00 ,,,,,,,,,,,,,,,,,
,,,,,,,,,,,,,,,,,,,,,,,,,,,,3.00 ,3、乙方完成精装修施工配合工作，甲方1及甲方2完成内部验收工作并书面确认并在收到乙方提供的合法有效的增值税专用发票后30日内支付剩余尾款。,0.20 ,124000.00 ,124000.00 ,产值确认单,45859.00 ,38440.00 ,45859.00 ,38440.00 ,45945.00 ,38440.00 ,45989.00 ,,物业北京：工程1240+咨询8184+精装29016,,,,,,,,,,,,,,,1240.00 ,,8184.00 ,,,,29016.00 ,,,,,,,,1240.00 ,,8184.00 ,,,,29016.00 ,,,,,,,,,,,,,,,,,
,,,,,,,,,,,,,,,,,,,,,,,,,,,,,,,,,,,85560.00 ,,85560.00 ,45862.00 ,85560.00 ,45974.00 ,,物业公司：工程2760+咨询18216+精装64584,,,,,,,,,,,,,,,2760.00 ,,18216.00 ,,,,64584.00 ,,,,,,,,2760.00 ,,18216.00 ,,,,64584.00 ,,,,,,,,,,,,,,,,,
,投资公司,45839.00 ,北京房山文娱六层投资公司精装设计项目,,"房山区长阳镇起步区6号地文化娱乐用地
项目南楼6层精装修设计合同",CRCCRE-SJ-JZ-2024-010,精装,CRCCRE-TZ-XTXJ-TZ.ZHGL.12-2025-007,北京新铁鑫建投资有限公司,1378.00 ,平面方案+施工图116元/平米；机电二次配合30元/平米,201188.00 ,,,,,,44261.36 ,,,,,,156926.64 ,,,,1.00 ,乙方完成全部设计工作和精装修施工配合工作，乙方完成内部验收工作并确认后30日内，需向乙方支付合同全部费用。,1.00 ,201188.00 ,201188.00 ,产值确认单,45845.00 ,201188.00 ,45845.00 ,201188.00 ,45848.00 ,201188.00 ,45883.00 ,,,,,,,,,,,,,,,,,44261.36 ,,,,,,156926.64 ,,,,,,,,44261.36 ,,,,,,156926.64 ,,,,,,,,,,,,,,,,,
,财务共享,45596.00 ,"北京房山文娱四层南侧财务共享中心精装设计项目
（完成）",,"房山区长阳镇起步区6号地文化娱乐用地
项目南楼4层南侧精装修设计合同",CRCCRE-SJ-JZ-2024-011,精装,CRCCRE-CW-CWGX-GL.GLFW.05-2024-001,中国铁建房地产集团有限公司北京同创共享会计服务中心,786.00 ,平面方案+施工图116元/平米；机电二次配合30元/平米,102000.00 ,,,,,,,,22440.00 ,,,,79560.00 ,,,,1.00 ,乙方完成方案设计之日起且经甲方审核确认后30日内。,0.40 ,40800.00 ,40800.00 ,产值确认单,45652.00 ,40800.00 ,45652.00 ,40800.00 ,45854.00 ,40800.00 ,45910.00 ,,,,,,,,,,,,,,,,,,,8976.00 ,,,,31824.00 ,,,,,,,,,,8976.00 ,,,,31824.00 ,,,直委,OA,,,,,,,,,,,,,
,,,,,,,,,,,,,,,,,,,,,,,,,,,,2.00 ,乙方完成精装修施工配合工作，甲方完成内部验收工作并确认后30日内，需向乙方支付剩余尾款。,0.60 ,61200.00 ,61200.00 ,产值确认单,45652.00 ,61200.00 ,45652.00 ,61200.00 ,45854.00 ,61200.00 ,45910.00 ,,,,,,,,,,,,,,,,,,,13464.00 ,,,,47736.00 ,,,,,,,,,,13464.00 ,,,,47736.00 ,,,,,,,,,,,,,,,,,
25,外部,44317.00 ,温州未来社区BIM项目,CRCCRE-DC-XM-2020-090,温州市核心片区广化单元黄龙商贸城街坊一期地块建设项目BIM建模及管综优化服务合同,CRCCRE-SJ-BIM-2021-006,BIM,CRCCUD-WZJO-QQ-2021-0004,温州京瓯城市开发有限公司,"合同面积：258415.97
结算面积：259601.29","综合单价：8.4元/㎡
",2164845.00 ,0.00 ,0.00 ,0.00 ,0.00 ,0.00 ,0.00 ,0.00 ,0.00 ,2164845.00 ,0.00 ,0.00 ,,,0.00 ,0.00 ,1.00 ,乙方提交第一版BIM模型后，经甲方书面确认后，30个工作日内，支付合同总价的30%,0.30 ,649453.50 ,649453.50 ,产值确认单,44390.00 ,649453.50 ,44390.00 ,649453.50 ,44390.00 ,649453.50 ,44467.00 ,0.00 ,"住宅地下室：
C-04（51878.83）、C-09（31019.17）、C-15（58852.99）、C-13（30448.84）
全地块：C-02-1（87401.46）",,,,2111988.63 ,2124987.11 ,2124987.11 ,52856.37 ,-12998.48 ,0.00 ,,,,,,,,,649453.50 ,,,,,,,,,,,,,,649453.50 ,,,,,,,,,,,,,,,,,,,,
,,,,,,,,,,,,,,,,,,,,,,,,,,,,2.00 ,乙方提交所有成果，经甲方书面确认后，30个工作日内，支付合同总价的30%，即支付至合同总价的60%,0.30 ,649453.50 ,649453.50 ,产值确认单,44628.00 ,649453.50 ,44628.00 ,471262.50 ,45218.00 ,471262.50 ,45258.00 ,178191.00 ,,,,,,,,,,,,,,,,,,,649453.50 ,,,,,,,,,,,,,,471262.50 ,,,,,,,,,,,,,,,,,,,,
,,,,,,,,,,,,,,,,,,,,,,,,,,,,,,,,,,,,,169281.45 ,,169281.45 ,46172.00 ,,,,,,,,,,,,,,,,,,,,,,,,,,,,,,,,,,169281.45 ,,,,,,,,,,,,,,,,,,,,
,,,,,,,,,,,,,,,,,,,,,,,,,,,,3.00 ,乙方配合施工单位完成的地下室BIM深化工作，经甲方书面确认后，30个工作日内，支付合同总价的40%，即支付至合同总价的100%,0.40 ,865938.00 ,865938.00 ,产值确认单,44885.00 ,865938.00 ,44885.00 ,834989.66 ,,834989.66 ,46172.00 ,30948.34 ,,,,,,,,,,,,,,,,,,,865938.00 ,,,,,,,,,,,,,,834989.66 ,,,,,,,,,,,,,,,,,,,,
,,,,,,,,,,,,,,,,,,,,,,,,,,,,,,,,-52856.37 ,预估,46019.00 ,-52856.37 ,46019.00 ,,,0.00 ,,-52856.37 ,,,,,,,,,,,,,,,,,,,-52856.37 ,,,,,,,,,,,,,,,,,,,,,,,,,,,,,,,,,,
25,外部,44384.00 ,"温州未来社区BIM项目
（暂停）",,温州市核心片区广化单元黄龙商贸城街坊一期地块建设项目BIM建模及管综优化服务合同补充协议,CRCCRE-SJ-BIM-2021-006-B1,BIM,,温州京瓯城市开发有限公司,84821.00 ,综合单价：8.4元/㎡,140000.00 ,0.00 ,0.00 ,0.00 ,0.00 ,0.00 ,0.00 ,0.00 ,0.00 ,140000.00 ,0.00 ,0.00 ,,,0.00 ,0.00 ,1.00 ,C-02-01地块BIM模型构件信息添加、配合上传平台,1.00 ,140000.00 ,140000.00 ,,,,,,,140000.00 ,,0.00 ,,,,,140000.00 ,0.00 ,140000.00 ,0.00 ,140000.00 ,-140000.00 ,,,,,,,,,140000.00 ,,,,,,,,,,,,,,140000.00 ,,,,,,,,,,,,,,,,,,,,
25,外部,44875.00 ,温州未来小学项目部,CRCCRE-DC-XM-2022-023,温州市核心片区广化单元黄龙商贸城一期C-14-2地块BIM咨询服务合同,CRCCRE-SJ-BIM-2022-009,BIM,CRCUD-WZJO-QQ-2022-0013,温州京瓯城市开发有限公司,27186.50 ,10元/㎡,271865.00 ,0.00 ,0.00 ,0.00 ,0.00 ,0.00 ,0.00 ,0.00 ,0.00 ,271865.00 ,0.00 ,0.00 ,0.00 ,,0.00 ,0.00 ,1.00 ,乙方提交第一版BIM模型后，经甲方书面确认后，30个工作日内，支付合同总价的30%,0.30 ,81559.50 ,48935.70 ,产值确认单,45056.00 ,48935.70 ,45056.00 ,48935.70 ,45056.00 ,48935.70 ,45253.00 ,0.00 ,,,,,266315.60 ,266315.60 ,266315.60 ,5549.40 ,0.00 ,0.00 ,,,,,,,,,48935.70 ,,,,,,,,,,,,,,48935.70 ,,,,,,,,,,,,,,,,,,,,
,,,,,,,,,,,,,,,,,,,,,,,,,,,,2.00 ,乙方提交所有成果，经甲方书面确认后，30个工作日内，支付合同总价的30%，即支付至合同总价的60%,0.30 ,81559.50 ,114183.30 ,产值确认单,44914.00 ,114183.30 ,44914.00 ,114183.30 ,45042.00 ,114183.30 ,45253.00 ,,,,,,,,,,,,,,,,,,,,114183.30 ,,,,,,,,,,,,,,114183.30 ,,,,,,,,,,,,,,,,,,,,
,,,,,,,,,,,,,,,,,,,,,,,,,,,,3.00 ,乙方配合施工单位完成的地下室BIM深化工作，经甲方书面确认后，30个工作日内，支付合同总价的40%，即支付至合同总价的100%,0.40 ,108746.00 ,108746.00 ,产值确认单,45273.00 ,108746.00 ,45273.00 ,103196.60 ,,103196.60 ,46172.00 ,5549.40 ,,,,,,,,,,,,,,,,,,,108746.00 ,,,,,,,,,,,,,,103196.60 ,,,,,,,,,,,,,,,,,,,,
,,,,,,,,,,,,,,,,,,,,,,,,,,,,,,,,-5549.40 ,预估,46019.00 ,-5549.40 ,46019.00 ,,,0.00 ,,-5549.40 ,,,,,,,,,,,,,,,,,,,-5549.40 ,,,,,,,,,,,,,,,,,,,,,,,,,,,,,,,,,,
25,外部,44672.00 ,石景山游乐园生活区服务设施改造工程设计,CRCCRE-DC-XM-2022-005,石景山游乐园生活区服务设施改造工程设计合同,CRCCRE-SJ-BIM-2022-003,BIM深化,,北京石景山游乐园有限公司,2500.00 ,60元/㎡,150000.00 ,0.00 ,0.00 ,0.00 ,30000.00 ,0.00 ,60000.00 ,0.00 ,0.00 ,0.00 ,60000.00 ,0.00 ,0.00 ,,0.00 ,0.00 ,1.00 ,合同签订后，发包人在提交首批设计资料及文件给设计人后，三十个工作日内支付设计服务费的20%给设计人,0.20 ,30000.00 ,30000.00 ,产值确认单,45180.00 ,30000.00 ,45180.00 ,30000.00 ,45180.00 ,30000.00 ,45219.00 ,0.00 ,,,,,82500.00 ,82500.00 ,82500.00 ,67500.00 ,0.00 ,0.00 ,,,,,,,,,,30000.00 ,,,,,,,,,,,,,,30000.00 ,,,,,,,,,,,,,,,,,,,
,,,,,,,,,,,,,,,,,,,,,,,,,,,,2.00 ,设计人提交第一版全专业改造设计图纸后，经发包人确认后在三十个工作日内发包人支付服务费的35%给设计人,0.35 ,52500.00 ,52500.00 ,产值确认单,45180.00 ,52500.00 ,45180.00 ,52500.00 ,45180.00 ,52500.00 ,45219.00 ,0.00 ,,,,,,,,,,,,,,,,,,,,52500.00 ,,,,,,,,,,,,,,52500.00 ,,,,,,,,,,,,,,,,,,,
,,,,,,,,,,,,,,,,,,,,,,,,,,,,3.00 ,设计人提交最终版全专业改造设计图纸后，经发包人确认后在三十个工作日内发包人支付服务费的35%给设计人,0.35 ,49000.00 ,0.00 ,,,,,,,0.00 ,,0.00 ,,,,,,,,,,,,,,,,,,,,,,,,,,,,,,,,,,,,,,,,,,,,,,,,,,,,,
,,,,,,,,,,,,,,,,,,,,,,,,,,,,4.00 ,设计人完成配合服务阶段，三十个工作日内发包人支付服务费的10%给设计人,0.10 ,15000.00 ,0.00 ,,,,,,,0.00 ,,0.00 ,,,,,,,,,,,,,,,,,,,,,,,,,,,,,,,,,,,,,,,,,,,,,,,,,,,,,
1,公寓,43368.00 ,"合肥青秀城19#楼精装修设计
（完成）",无,合肥青秀城19#楼长租公寓精装修设计合同,CRCCRE-SJ-CZ-2018-032,精装,CRCC-CX-ZL-2018-004,中铁房地产集团创新产业投资有限公司,/,/,640494.70 ,0.00 ,0.00 ,0.00 ,102877.85 ,0.00 ,0.00 ,0.00 ,0.00 ,0.00 ,0.00 ,,,,0.00 ,创作中心：434739,精装-1,合肥青秀城19#楼精装修设计,1.00 ,1075233.70 ,537616.85 ,开票,43525.00 ,537616.85 ,43525.00 ,537616.85 ,43525.00 ,537616.85 ,43556.00 ,0.00 ,已完成,同节点,甲方变更名称,/,,,,,,,,,,537616.85 ,,,,,,,,,,,,,,537616.85 ,,,,,,,,,,,直接委托,OA,,,,,,,,,,,,,
,,43549.00 ,,无,合肥青秀城19#楼长租公寓精装修设计合同 补充协议01,CRCCRE-SJ-CZ-2018-032,,,中铁房地产集团海外地产发展有限公司合肥分公司,/,/,,0.00 ,0.00 ,0.00 ,434739.00 ,0.00 ,0.00 ,0.00 ,0.00 ,0.00 ,0.00 ,,,,0.00 ,,精装-1,补充协议01,0.50 ,537616.85 ,,,,,,,,,,,,,,/,,,,,,,,,,,,,,,,,,,,,,,,,,,,,,,,,,,直接委托,OA,,,,,,,,,,,,,
,,43770.00 ,,无,合肥青秀城19#楼长租公寓精装修设计合同 补充协议02,CRCCRE-SJ-CZ-2018-032,,,中铁房地产集团海外地产发展有限公司合肥分公司,/,/,,0.00 ,0.00 ,0.00 ,430093.48 ,0.00 ,0.00 ,0.00 ,0.00 ,0.00 ,0.00 ,,,,0.00 ,347791.20 ,精装-1,补充协议02尾款,0.40 ,256197.88 ,430093.48 ,开票,43770.00 ,430093.48 ,43770.00 ,430093.48 ,43770.00 ,430093.48 ,43800.00 ,0.00 ,,同节点,,/,,,,,,,,,,430093.48 ,,,,,,,,,,,,,,430093.48 ,,,,,,,,,,,直接委托,OA,,,,,,,,,,,,,
,,43770.00 ,,无,合肥青秀城19#楼长租公寓精装修设计合同 补充协议02,CRCCRE-SJ-CZ-2018-032,,,中铁房地产集团海外地产发展有限公司合肥分公司,/,/,,0.00 ,0.00 ,0.00 ,107523.37 ,0.00 ,0.00 ,0.00 ,0.00 ,0.00 ,0.00 ,,,,0.00 ,86947.80 ,精装-1,补充协议02尾款,0.10 ,64049.47 ,107523.37 ,开票,44214.00 ,107523.37 ,44214.00 ,107523.37 ,44215.00 ,107523.37 ,44250.00 ,0.00 ,,同节点,正在走结算流程，已提交甲方结算资料及发票,/,,,,,,,,,,107523.37 ,,,,,,,,,,,,,,107523.37 ,,,,,,,,,,,直接委托,OA,,,,,,,,,,,,,
,,43831.00 ,,无,合肥青秀城19#楼长租公寓精装修设计合同 补充协议03,CRCCRE-SJ-CZ-2018-032,,,中铁房地产集团城市运营管理有限公司合肥分公司,/,/,43460.00 ,0.00 ,0.00 ,0.00 ,43460.00 ,0.00 ,0.00 ,0.00 ,0.00 ,0.00 ,0.00 ,,,,0.00 ,43460.00 ,精装-1,深化效果图及施工图设计完成，并提交成果后三十个工作日内，乙方收到款后开始执行下一阶段施工配合。,1.00 ,43460.00 ,43460.00 ,产值确认单,44576.00 ,43460.00 ,44576.00 ,43460.00 ,44576.00 ,43460.00 ,44741.00 ,0.00 ,,同节点,"合同变更-
刘园园",/,,,,,,,,,,43460.00 ,,,,,,,,,,,,,,43460.00 ,,,,,,,,,,,直接委托,OA,,,,,,,,,,,,,
2,贵州,43831.00 ,可研框架协议,无,可行性研究报告顾问委托合同,CRCCRE-SJ-CH-2019-011,策划,,中铁房地产集团文旅发展有限公司,/,单项目可研：7万,490000.00 ,490000.00 ,0.00 ,0.00 ,0.00 ,0.00 ,0.00 ,0.00 ,0.00 ,0.00 ,0.00 ,,,,0.00 ,/,策划-1,每季度按实际确认的工作确认单向乙方支付费用，如当季度没有发生工作则不支付费用。,1.00 ,490000.00 ,0.00 ,,,0.00 ,,,,0.00 ,,0.00 ,,没项目,,/,0.00 ,0.00 ,0.00 ,490000.00 ,0.00 ,0.00 ,,,,0.00 ,,,,,,,,,,,0.00 ,,,,,,,,,,,,,,比价,OA,,,,,,,,,,,,,
3,贵州,43831.00 ,可研方案框架协议（完成）,无,规划设计委托合同,CRCCRE-SJ-CH-2019-022,可研,,中铁房地产集团文旅发展有限公,/,前期研究： 规模≤10万㎡ 2.5万；           10万㎡＜规模＜20万㎡ 3.5万              规模≥20万㎡5万              规划设计： 规模≤10万㎡5万10万㎡＜规模＜20万㎡ 7万              规模≥20万㎡10万              ,500000.00 ,0.00 ,0.00 ,166000.00 ,167000.00 ,167000.00 ,0.00 ,,0.00 ,0.00 ,0.00 ,,,,0.00 ,/,方案-1,台账自协议签订起计算，每个季度为一结算周期。乙方应于每季度最后1个月统计本季度完成工作量，并于当月25日前，按甲方要求提交本季度各项目完成情况的相关资料（包括不限于台账、请款函、《工作任务单》、双方签字确认的顾问服务报告等），甲方确认无误后将于次月底向乙方支付相应款项。,1.00 ,500000.00 ,0.00 ,,,0.00 ,,,,0.00 ,,0.00 ,,同节点,,/,0.00 ,0.00 ,0.00 ,500000.00 ,0.00 ,0.00 ,,,0.00 ,0.00 ,0.00 ,,,,,,,,,,,,0.00 ,0.00 ,0.00 ,,,,,,,,,,比选,OA,,,,,,,,,,,,,
10,公寓,43644.00 ,"框架协议
（完成）",无,项目策划咨询顾问服务框架协议,CRCCRE-SJ-CH-2019-004,策划,,中铁房地产集团海外地产发展有限公司,/,单项目可研（6-15）+长租公寓/医养项目6+北京市策划定位15+除北京外其他城市18+其他类型（长租公寓专题研究等）协商确定,1000000.00 ,1000000.00 ,0.00 ,0.00 ,0.00 ,0.00 ,0.00 ,,0.00 ,0.00 ,0.00 ,,,,0.00 ,策划：5万（雄安产租公寓项目）,策划-1,顺义顺鑫汇长租公寓项目6万、上海杨浦地块长租公寓项目6万、大连青秀蓝湾项目6万、广州南沙长租公寓项目6万、合肥青秀城可研报告6万、小红门集体用地租赁项目6万、上海嘉定金汇广场长租公寓项目6万、厦门南山公寓长租公寓项目6万、厦门集美区长租公寓项目6万、杭州余杭区长租公寓项目6万、先秦汉新城项目3万,0.63 ,630000.00 ,630000.00 ,开票,43556.00 ,/,/,630000.00 ,43556.00 ,630000.00 ,43586.00 ,0.00 ,,同节点,,/,1020000.00 ,1020000.00 ,1020000.00 ,-20000.00 ,0.00 ,0.00 ,630000.00 ,,,,,,,,,,,,,,630000.00 ,,,,,,,,,,,,,,直接委托（集团上会）,OA,,,,,,,,,,,,,
,,,,,,,,,,,,,,,,,,,,,,,,,,,,策划-2,上海嘉定市场调研3万、上海宝山区君鼎大厦长租公寓项目6万、广州环球中心长租公寓项目6万、广州坦尾凤凰广场长租公寓项目6万、厦门薛岭长租公寓项目6万,0.27 ,270000.00 ,270000.00 ,产值确认单,43556.00 ,270000.00 ,43824.00 ,270000.00 ,43915.00 ,270000.00 ,43971.00 ,0.00 ,,同节点,,43824.00 ,,,,,,,270000.00 ,,,,,,,,,,,,,,270000.00 ,,,,,,,,,,,,,,,,,,,,,,,,,,,,
,,,,,,,,,,,,,,,,,,,,,,,,,,,,策划-3,成都木综厂项目6万（产值成都分公司）、成都林茂大厦项目6万（产值成都分公司）、雄安长租公寓定位方案6万,0.10 ,120000.00 ,120000.00 ,开票,44044.00 ,120000.00 ,/,120000.00 ,44044.00 ,120000.00 ,44101.00 ,0.00 ,成都木综厂项目6万、成都林茂大厦项目6万产值划分到成都分公司,,甲方先做计价，争取这个月开票下个月付款,,,,,,,,120000.00 ,,,,,,,,,,,,,,120000.00 ,,,,,,,,,,,,,,,,,,,,,,,,,,,,
12,公寓,43733.00 ,"宜宾项目
（完成）",无,项目初步概念策划设计及可行性研究咨询顾问服务合同,CRCCRE-SJ-XM-2019-006,策划,,中铁房地产集团海外地产发展有限公司,/,单项目可研（6-15）+长租公寓/医养项目6+北京市策划定位15+除北京外其他城市18+其他类型（长租公寓专题研究等）协商确定,940000.00 ,220000.00 ,0.00 ,720000.00 ,0.00 ,0.00 ,0.00 ,,0.00 ,0.00 ,0.00 ,,,,0.00 ,/,策划-1     方案-1,乙方完成合同约定的全部工作，按甲方要求提交请款资料（包括不限于请款函、《工作任务单》、双方签字确认的顾问服务报告等），甲方将于次月底向乙方支付相应款项。,1.00 ,940000.00 ,940000.00 ,开票,43770.00 ,940000.00 ,43770.00 ,940000.00 ,43791.00 ,940000.00 ,43800.00 ,0.00 ,,同节点,,/,940000.00 ,940000.00 ,940000.00 ,0.00 ,0.00 ,0.00 ,220000.00 ,,720000.00 ,,,,,,,,,,,,220000.00 ,,720000.00 ,,,,,,,,,,,,招标,OA,,,,,,,,,,,,,
13,公寓,43733.00 ,"张家口83亩地块项目
（完成）",无,张家口市万全区赐儿山隧道西83亩住宅项目咨询服务合同,CRCCRE-SJ-XM-2019-007,策划,,中铁房地产集团海外地产发展有限公司,/,单项目可研（6-15）+长租公寓/医养项目6+北京市策划定位15+除北京外其他城市18+其他类型（长租公寓专题研究等）协商确定,100000.00 ,100000.00 ,0.00 ,0.00 ,0.00 ,0.00 ,0.00 ,,0.00 ,0.00 ,0.00 ,,,,0.00 ,/,策划-1,乙方完成甲方最终认可的顾问服务报告，在甲方验收并作出书面确认后，甲方于下一个月30日之前支付乙方相应的顾问服务费用,1.00 ,100000.00 ,100000.00 ,开票,43770.00 ,100000.00 ,/,100000.00 ,43791.00 ,100000.00 ,43800.00 ,0.00 ,,同节点,,/,100000.00 ,100000.00 ,100000.00 ,0.00 ,0.00 ,0.00 ,100000.00 ,,,,,,,,,,,,,,100000.00 ,,,,,,,,,,,,,,直接委托,OA,,,,,,,,,,,,,
,公寓,44158.00 ,框架协议,无,项目策划咨询顾问服务框架协议,CRCCRE-SJ-CH-2020-006,策划,,中铁房地产集团城市运营管理有限公司,/,意向地块或项目可研顾问服务（6）+长租公寓/医养项目的可研报告技术和信息顾问（6）+策划定位类咨询顾问服务（15）+策划定位类咨询顾问(18)+意向地块或项目可研顾问服务(15),900000.00 ,900000.00 ,0.00 ,0.00 ,0.00 ,0.00 ,0.00 ,0.00 ,0.00 ,0.00 ,0.00 ,,,,0.00 ,策划：5万,策划-1,乙方完成甲方最终认可的顾问服务报告，在甲方验收并作出书面确认后，甲方于下一个月30日之前支付乙方相应的顾问服务费用；,1.00 ,900000.00 ,60000.00 ,开票,44228.00 ,60000.00 ,44228.00 ,60000.00 ,44228.00 ,60000.00 ,44299.00 ,,雄安长租公寓项目,,,,0.00 ,0.00 ,0.00 ,900000.00 ,0.00 ,0.00 ,60000.00 ,,,0.00 ,,,,,,,,,,,60000.00 ,,,,,,,,,,,,,,,OA,,,,,,,,,,,,,
,,,,,,,,,,,,,,,,,,,,,,,,,,,,,,,,60000.00 ,产值确认单,44342.00 ,60000.00 ,44342.00 ,60000.00 ,44350.00 ,60000.00 ,44530.00 ,,上海闵行长租公寓项目,,,,,,,,,,60000.00 ,,,0.00 ,,,,,,,,,,,60000.00 ,,,,,,,,,,,,,,,,,,,,,,,,,,,,
,,,,,,,,,,,,,,,,,,,,,,,,,,,,,,,,0.00 ,,,,,,,0.00 ,,,,,,,,,,,,,,,,,,,,,,,,,,,,,,,,,,,,,,,,,,,,,,,,,,,,,,,
44,公寓,43067.00 ,"框架协议
（完成）",无,项目策划咨询顾问服务框架协议,CRCCRE-SJ-CH-2019-004,策划,,中铁房地产集团海外地产发展有限公司,/,住宅类可研（6-15）+住宅类策略报告（6-10）+其他类型（特色小镇、文旅开发、产业园区等）可研45+住宅类策划定位40,1000000.00 ,1000000.00 ,0.00 ,0.00 ,0.00 ,0.00 ,0.00 ,0.00 ,0.00 ,0.00 ,0.00 ,0.00 ,,,0.00 ,策划：5万,策划-1,北京房山项目8万、大兴庞各庄项目6万、丰台白盆窑项目6万、门头沟岢罗坡项目6万、承德项目6万、香河项目10万、廊坊项目10万、朝阳善各庄项目8万,0.60 ,600000.00 ,600000.00 ,开票,43191.00 ,600000.00 ,/,600000.00 ,43556.00 ,600000.00 ,43617.00 ,0.00 ,,,,/,600000.00 ,600000.00 ,600000.00 ,400000.00 ,0.00 ,0.00 ,600000.00 ,,,,,,,,,,,,,,600000.00 ,,,,,,,,,,,,,,,,,,,,,,,,,,,,
14,公寓,43558.00 ,"长租公寓补充协议
（完成）",无,长租公寓产品线研究咨询服务协议 补充协议01,CRCCRE-SJ-CH-2018-008-B1,策划,,中铁房地产集团海外地产发展有限公司,/,,1000000.00 ,1000000.00 ,0.00 ,0.00 ,0.00 ,0.00 ,0.00 ,,0.00 ,0.00 ,0.00 ,,,,0.00 ,/,策划-1,乙方完成甲方最终认可的顾问服务报告，在甲方验收并作出书面确认后，甲方于下一个月30日之前支付乙方相应的顾问服务费用,1.00 ,1000000.00 ,1000000.00 ,开票,43770.00 ,1000000.00 ,/,1000000.00 ,43774.00 ,1000000.00 ,43814.00 ,0.00 ,,同节点,,/,1000000.00 ,1000000.00 ,1000000.00 ,0.00 ,0.00 ,0.00 ,1000000.00 ,,,,,,,,,,,,,,1000000.00 ,,,,,,,,,,,,,,直接委托,OA,,,,,,,,,,,,,
15,中南,43733.00 ,长沙树木岭项目、长沙火车站项目（完成）,无,地块项目咨询顾问服务委托合同书,CRCCRE-SJ-CH-2019-010,策划,,中铁房地产集团长沙置业岳麓分公司,/,开发报告8万+项目定位8万,160000.00 ,160000.00 ,0.00 ,0.00 ,0.00 ,0.00 ,0.00 ,0.00 ,0.00 ,0.00 ,0.00 ,0.00 ,0.00 ,,0.00 ,/,策划-1,乙方完成甲方最终认可的顾问服务报告，在甲方验收并作出书面确认后，甲方于下一个月30日之前支付乙方相应的顾问服务费用,1.00 ,160000.00 ,160000.00 ,开票,43796.00 ,160000.00 ,/,160000.00 ,43796.00 ,160000.00 ,43809.00 ,0.00 ,,同节点,,43796.00 ,160000.00 ,160000.00 ,160000.00 ,0.00 ,0.00 ,0.00 ,160000.00 ,,,,,,,,,,,,,,160000.00 ,,,,,,,,,,,,,,直接委托,OA,,,,,,,,,,,,,
16,中南,43703.00 ,武汉公司可研（完成）,无,概念规划设计服务框架协议,CRCCRE-SJ-CZ-2019-015,可研,,武汉京铁房地产开发有限公司,/,按照建设用地面积进行取费，10 公顷以下为 10 万元/项；10 公顷以上为 1 万元/公顷。,1000000.00 ,0.00 ,0.00 ,500000.00 ,500000.00 ,0.00 ,0.00 ,0.00 ,0.00 ,0.00 ,0.00 ,0.00 ,0.00 ,,0.00 ,/,可研-1,乙方按照双方确认的设计阶段及相应费用，统一计入台账，并以台账为请款依据，进入付款流程。双方约定，台账自协议签订起计算，每3个月为一结算周期。,1.00 ,1000000.00 ,200000.00 ,开票,43678.00 ,200000.00 ,/,200000.00 ,43678.00 ,200000.00 ,43720.00 ,0.00 ,2019.8.26-2020.8.25   合同已过期,同节点,,2019.00 ,200000.00 ,200000.00 ,200000.00 ,800000.00 ,0.00 ,0.00 ,,,200000.00 ,,,,,,,,,,,,,,200000.00 ,,,,,,,,,,,,直接委托,OA,,,,,,,,,,,,,
17,华南,43617.00 ,广州市增城区项目（完成）,无,中国铁建广州市增城区中新镇集丰村项目设计咨询服务合同,CRCCRE-SJ-ZX-2019-005,咨询,,广州市增城区顺轩房地产有限公司,167844.00 ,全过程咨询：7元/㎡,1174908.00 ,0.00 ,0.00 ,0.00 ,0.00 ,0.00 ,0.00 ,,1174908.00 ,0.00 ,0.00 ,,,,0.00 ,/,咨询-1,合同签订30个日历日内支付,0.20 ,234981.60 ,234981.60 ,开票,43656.00 ,/,/,234981.60 ,43656.00 ,234981.60 ,43689.00 ,0.00 ,,同节点,,43691.00 ,1174908.00 ,1174908.00 ,1174908.00 ,0.00 ,0.00 ,0.00 ,,,,,,,,234981.60 ,,,,,,,,,,,,,,234981.60 ,,,,,,,直接委托,OA,,,,,,,,,,,,,
,,,,,,,,,,,,,,,,,,,,,,,,,,,,咨询-2,完成方案阶段的设计咨询工作并经甲方认可,0.30 ,352472.40 ,352472.40 ,开票,43656.00 ,/,/,352472.40 ,43656.00 ,352472.40 ,43689.00 ,0.00 ,,同节点,,43691.00 ,,,,,,,,,,,,,,352472.40 ,,,,,,,,,,,,,,352472.40 ,,,,,,,,,,,,,,,,,,,,,
,,,,,,,,,,,,,,,,,,,,,,,,,,,,咨询-3,乙方完成施工图阶段的设计咨询工作并经甲方认可,0.50 ,587454.00 ,587454.00 ,产值确认单,43805.00 ,/,/,587454.00 ,43927.00 ,587454.00 ,43949.00 ,0.00 ,配合甲方做后续工作,同节点,已回款,43691.00 ,,,,,,,,,,,,,,587454.00 ,,,,,,,,,,,,,,587454.00 ,,,,,,,,,,,,,,,,,,,,,
18,华南,43617.00 ,广州市番禺安美厂项目（完成）,无,中国铁建广州市番禺安美厂项目设计咨询服务合同,CRCCRE-SJ-ZX-2019-006,咨询,,广州市番禺区顺诚房地产有限公司,105469.00 ,全过程咨询：7元/㎡,738283.00 ,0.00 ,0.00 ,0.00 ,0.00 ,0.00 ,0.00 ,,738283.00 ,0.00 ,0.00 ,,,,0.00 ,/,咨询-1,乙方完成方案阶段的设计咨询工作，提交电子版《方案阶段设计咨询意见》并经甲方书面认可,0.20 ,147656.60 ,147656.60 ,开票,43656.00 ,/,/,147656.60 ,43656.00 ,147656.60 ,43689.00 ,0.00 ,,同节点,,43647.00 ,738283.00 ,738283.00 ,738283.00 ,0.00 ,0.00 ,0.00 ,,,,,,,,147656.60 ,,,,,,,,,,,,,,147656.60 ,,,,,,,直接委托,OA,,,,,,,,,,,,,
,,,,,,,,,,,,,,,,,,,,,,,,,,,,咨询-2,完成方案阶段的设计咨询工作并经甲方认可,0.30 ,221484.90 ,221484.90 ,开票,43656.00 ,/,/,221484.90 ,43656.00 ,221484.90 ,43689.00 ,0.00 ,,同节点,,43647.00 ,,,,,,,,,,,,,,221484.90 ,,,,,,,,,,,,,,221484.90 ,,,,,,,,,,,,,,,,,,,,,
,,,,,,,,,,,,,,,,,,,,,,,,,,,,咨询-3,乙方完成施工图阶段的设计咨询工作并经甲方认可,0.50 ,369141.50 ,369141.50 ,开票,43927.00 ,/,/,369141.50 ,43927.00 ,369141.50 ,43949.00 ,0.00 ,配合甲方做后续工作,同节点,已回款,43691.00 ,,,,,,,,,,,,,,369141.50 ,,,,,,,,,,,,,,369141.50 ,,,,,,,,,,,,,,,,,,,,,
19,中南,43636.00 ,"武汉蔡甸B地块项目
（完成）",无,武汉蔡甸区P（2017）092号地块项目B地块建筑设计咨询服务合同,CRCCRE-SJ-ZX-2019-003,咨询,,中铁房地产武汉蔡甸有限公司,202467.00 ,全过程咨询：7元/㎡,1417269.00 ,0.00 ,0.00 ,0.00 ,0.00 ,0.00 ,0.00 ,0.00 ,1417269.00 ,0.00 ,0.00 ,0.00 ,0.00 ,,0.00 ,/,咨询-1,乙方完成方案阶段的设计咨询工作，提交电子版《方案阶段设计咨询意见》并经甲方书面认可,0.50 ,708634.50 ,708634.50 ,开票,43683.00 ,708634.50 ,/,708634.50 ,43683.00 ,708634.50 ,43722.00 ,0.00 ,已完成,同节点,,,1417269.00 ,1417269.00 ,1417269.00 ,0.00 ,0.00 ,0.00 ,,,,,,,,708634.50 ,,,,,,,,,,,,,,708634.50 ,,,,,,,直接委托,OA,,,,,,,,,,,,,
,,,,,,,,,,,,,,,,,,,,,,,,,,,,咨询-2,乙方完成施工图阶段的设计咨询工作，提交纸质版《施工图设计咨询意见》4份并经甲方书面认可,0.50 ,708634.50 ,708634.50 ,产值确认单,43775.00 ,708634.50 ,43775.00 ,708634.50 ,44028.00 ,708634.50 ,44042.00 ,0.00 ,,同节点,7月已回款,,,,,,,,,,,,,,,708634.50 ,,,,,,,,,,,,,,708634.50 ,,,,,,,,,,,,,,,,,,,,,
20,中南,43824.00 ,"武汉蔡甸A地块项目
（完成）",无,中国铁建·知语城A地块项目建筑设计咨询服务合同,CRCCRE-SJ-ZX-2019-015,咨询,,中铁房地产武汉蔡甸有限公司,421314.40 ,全过程咨询：7元/㎡,2947934.99 ,0.00 ,0.00 ,0.00 ,0.00 ,0.00 ,0.00 ,0.00 ,2947934.99 ,0.00 ,0.00 ,0.00 ,0.00 ,,0.00 ,/,咨询-1,乙方完成方案阶段的设计咨询工作并经甲方认可,0.50 ,1473967.50 ,583554.37 ,产值确认单,44160.00 ,583554.37 ,44160.00 ,583554.37 ,44337.00 ,583554.37 ,44438.00 ,0.00 ,"完成一期方案+施工图咨询116729.82㎡，
完成二期方案254403.75㎡",同节点,,,2947934.99 ,2947934.99 ,2947934.99 ,0.00 ,0.00 ,0.00 ,,,,,,,,583554.37 ,,,,,,,,,,,,,,583554.37 ,,,,,,,直接委托,OA,,,,,,,,,,,,,
,,,,,,,,,,,,,,,,,,,,,,,,,,,,,,,,891046.03 ,产值确认单,44188.00 ,891046.03 ,44188.00 ,891046.03 ,44522.00 ,291046.03 ,44554.00 ,0.00 ,,,,,,,,,,,,,,,,,,891046.03 ,,,,,,,,,,,,,,291046.03 ,,,,,,,,,,,,,,,,,,,,,
,,,,,,,,,,,,,,,,,,,,,,,,,,,,,,,,,,,,,,,600000.00 ,44587.00 ,,,,,,,,,,,,,,,,,,,,,,,,,,,,,,,,,600000.00 ,,,,,,,,,,,,,,,,,,,,,
,,,,,,,,,,,,,,,,,,,,,,,,,,,,咨询-2,乙方完成施工图阶段的设计咨询工作并经甲方认可,0.50 ,1473967.50 ,583554.37 ,产值确认单,44160.00 ,583554.37 ,44160.00 ,583554.37 ,44337.00 ,583554.37 ,44457.00 ,0.00 ,,,,,,,,,,,,,,,,,,583554.37 ,,,,,,,,,,,,,,583554.37 ,,,,,,,,,,,,,,,,,,,,,
,,,,,,,,,,,,,,,,,,,,,,,,,,,,,,,,889780.22 ,产值确认单,44530.00 ,889780.22 ,44530.00 ,889780.22 ,44869.00 ,300000.00 ,44895.00 ,589780.22 ,,,,,,,,,,,,,,,,,,889780.22 ,,,,,,,,,,,,,,300000.00 ,,,,,,,,,,,,,,,,,,,,,
,,,,,,,,,,,,,,,,,,,,,,,,,,,,,,,,,,,,,,,300000.00 ,45050.00 ,,,,商票,,,,,,,,,,,,,,,,,,,,,,,,,,,,,300000.00 ,,,,,,,,,,,,,,,,,,,,,
,,,,,,,,,,,,,,,,,,,,,,,,,,,,,,,,,,,,,,,289780.22 ,45077.00 ,,,同节点,,,,,,,,,,,,,,,,,,,,,,,,,,,,,,289780.22 ,,,,,,,,,,,,,,,,,,,,,
21,中南,43642.00 ,"武汉东西湖项目
（完成）",无,"东西湖区P（2018）136号地块项目
建筑设计咨询服务合同",CRCCRE-SJ-ZX-2019-004,咨询,,武汉京铁房地产开发有限公司,221352.00 ,全过程咨询：7元/㎡,1549464.00 ,0.00 ,0.00 ,0.00 ,0.00 ,0.00 ,0.00 ,0.00 ,1549464.00 ,0.00 ,0.00 ,0.00 ,0.00 ,,0.00 ,/,咨询-1,合同签订甲方在提交全部设计资料给乙方后30个日历日内支付,0.20 ,309892.80 ,309892.80 ,开票,43657.00 ,309892.80 ,/,309892.80 ,43678.00 ,309892.80 ,43709.00 ,0.00 ,已完成,同节点,,43678.00 ,1549464.00 ,1526720.58 ,1526720.58 ,0.00 ,22743.42 ,0.00 ,,,,,,,,309892.80 ,,,,,,,,,,,,,,309892.80 ,,,,,,,直接委托,OA,,,,,,,,,,,,,
,,,,,,,,,,,,,,,,,,,,,,,,,,,,咨询-2,完成方案阶段的设计咨询工作并经甲方认可,0.30 ,464839.20 ,464839.20 ,开票,43657.00 ,464839.20 ,/,464839.20 ,43678.00 ,464839.20 ,43709.00 ,0.00 ,,同节点,,43678.00 ,,,,,,,,,,,,,,464839.20 ,,,,,,,,,,,,,,464839.20 ,,,,,,,,,,,,,,,,,,,,,
,,,,,,,,,,,,,,,,,,,,,,,,,,,,咨询-3,乙方完成施工图阶2段的设计咨询工作并经甲方认可,0.50 ,774732.00 ,413000.00 ,开票,43825.00 ,413000.00 ,43825.00 ,413000.00 ,44019.00 ,413000.00 ,44120.00 ,0.00 ,,,已确认产值，预计11月回款,43825.00 ,,,,,,,,,,,,,,413000.00 ,,,,,,,,,,,,,,413000.00 ,,,,,,,,,,,,,,,,,,,,,
,,,,,,,,,,,,,,,,,,,,,,,,,,,,,,,,361732.00 ,产值确认单,43825.00 ,361732.00 ,43825.00 ,338988.58 ,44708.00 ,338988.58 ,44773.00 ,22743.42 ,,,,,,,,,,,,,,,,,,361732.00 ,,,,,,,,,,,,,,361732.00 ,,,,,,,,,,,,,,,,,,,,,
,,,,,,,,,,,,,,,,,,,,,,,,,,,,,,,,-22743.42 ,,44708.00 ,-22743.42 ,44701.00 ,,,,,,,同节点,9.17施工图二期已完成，不能开票,43825.00 ,,,,,,,,,,,,,,-22743.42 ,,,,,,,,,,,,,,-22743.42 ,,,,,,,,,,,,,,,,,,,,,
22,中南,43649.00 ,"合肥清樾园
（B地块）",无,中国铁建清樾园（B地块）项目建筑设计咨询服务合同,CRCCRE-SJ-ZX-2019-008,咨询,,中铁房地产集团合肥蜀山置业有限公司,119223.67 ,"全过程咨询：
7元/㎡",834565.69 ,0.00 ,0.00 ,0.00 ,0.00 ,0.00 ,0.00 ,0.00 ,834565.69 ,0.00 ,0.00 ,0.00 ,0.00 ,,0.00 ,0.00 ,咨询-1,乙方完成方案阶段的设计咨询工作，提交电子版《方案阶段设计咨询意见》并经甲方书面认可，甲方支付咨询服务费的50%给乙方,0.38 ,320286.68 ,320286.68 ,产值确认单,43805.00 ,320286.68 ,43805.00 ,320286.68 ,43909.00 ,320286.68 ,43921.00 ,0.00 ,方案、施工图咨询（西区100%）已完成,同节点,西区规证面积：45755.24,43805.00 ,520286.68 ,320286.68 ,577981.08 ,314279.01 ,200000.00 ,-257694.40 ,,,,,,,,320286.68 ,,,,,,,,,,,,,,320286.68 ,,,,,,,直接委托,OA,,,,,,,,,,,,,
,,,,,,,,,,,,,,,,,,,,,,,,,,,,咨询-2,乙方完成施工图阶段的设计咨询工作，提交纸质版《施工图设计咨询意 见》4份并经甲方书面认可，甲方支付至实际咨询服务费的100%给乙方,0.62 ,514279.01 ,257694.40 ,产值确认单,44848.00 ,207018.95 ,,,,257694.40 ,,0.00 ,东区面积：59148.27㎡,,,,,,,,,,,,,,,,,257694.40 ,,,,,,,,,,,,,,257694.40 ,,,,,,,,,,,,,,,,,,,,,
,,,,,,,,,,,,,,,,,,,,,,,,,,,,,,,,200000.00 ,产值确认单,45264.00 ,200000.00 ,45264.00 ,,,,,200000.00 ,,同节点,,,,,,,,,,,,,,,,200000.00 ,,,,,,,,,,,,,,257694.40 ,,,,,,,,,,,,,,,,,,,,,
24,北方,43769.00 ,北京亦庄项目（完成）,无,"北京经济技术开发区河西区X89R2地块
R2二类居住用地项目
BIM技术应用咨询服务合同",CRCCRE-SJ-XM-2019-003,BIM,,北京昊远置业有限公司,"地下室63265㎡；
标准单元BIM精装建模317㎡；地上全专业BIM建模管线综合并进行预制装配式拆分BIM建模16897.69㎡；
1#、4#、5#、6#、7#、8#、9#、10#、11#地上建立BIM土建模型91366.91㎡",地下全专业BIM管线综合7.5元/㎡；标准单元BIM精装建模150元/㎡；地上全专业BIM建模管线综合并进行预制装配式拆分BIM建模6元/㎡；      地上建立BIM土建模型，赠送整个项目全景展示和蛮有视频1.7元/㎡；,876408.60 ,0.00 ,0.00 ,0.00 ,0.00 ,0.00 ,85000.00 ,0.00 ,47448.75 ,743959.85 ,0.00 ,0.00 ,,,0.00 ,BIM： 5.2461万元,咨询、BIM-1,合同签订且提供发票后，30个工作日内,0.20 ,175281.72 ,158281.72 ,"产值确认单
",43572.00 ,158281.72 ,43572.00 ,158281.72 ,43938.00 ,158281.72 ,43979.00 ,0.00 ,,,,,876408.60 ,876408.60 ,876408.60 ,0.00 ,0.00 ,0.00 ,,,,,,,,47448.75 ,110832.97 ,,,,,,,,,,,,,47448.75 ,110832.97 ,,,,,,比选,OA,,,,,,,,,,,,,
,,,,,,,,,,,,,,,,,,,,,,,,,,,,BIM-2,乙方提交第一版BIM模型且提供发票后，经甲方书面确认后，30个工作日内日,0.40 ,350563.44 ,316563.44 ,开票,43768.00 ,316563.44 ,43768.00 ,316563.44 ,44231.00 ,316563.44 ,44642.00 ,0.00 ,去年已确认产值金额474845.16。第二笔节点已完成。,,甲方没钱，无法付款,,,,,,,,,,,,,,,,316563.44 ,,,,,,,,,,,,,,316563.44 ,,,,,,,,,,,,,,,,,,,,
,,,,,,,,,,,,,,,,,,,,,,,,,,,,BIM-3,乙方提交所有成果且提供发票，经甲方书面确认后，30个工作日内,0.30 ,262922.58 ,237422.58 ,"产值确认单
",44620.00 ,237422.58 ,44645.00 ,237422.58 ,44935.00 ,237422.58 ,44944.00 ,0.00 ,,,,,,,,,,,,,,,,,,14234.63 ,223187.96 ,,,,,,,,,,,,,14234.63 ,223187.96 ,,,,,,,,,,,,,,,,,,,,
,,,,,,,,,,,,,,,,,,,,,,,,,,,,BIM-4,乙方配合施工图单位完成的地下室BIM深化工作，经甲方书面确认后，且办理结算手续后30个工作日内,0.10 ,87640.86 ,79140.86 ,"产值确认单
",44620.00 ,79140.86 ,44645.00 ,164140.86 ,45029.00 ,164140.86 ,45037.00 ,0.00 ,,,,,,,,,,,,,,,,,,4744.87 ,74395.99 ,,,,,,,,,,,,,4744.87 ,74395.99 ,,,,,,,,,,,,,,,,,,,,
,,,,,,,,,,,,,,,,,,,,,,,,,,,,,,,,85000.00 ,产值确认单,45010.00 ,85000.00 ,45010.00 ,,,,45037.00 ,,报建临建的项目最终结算给工程加：85000元,,,,,,,,,,,,,,,85000.00 ,,,,,,,,,,,,,,85000.00 ,,,,,,,,,,,,,,,,,,,,,,,
25,北方,43769.00 ,"亦庄项目
（完成）",无,"北京经济技术开发区河西区 X89R2地块
R2二类居住用地项目
建筑设计咨询服务合同",CRCCRE-SJ-XM-2019-002,咨询,,北京昊远置业有限公司,175599.00 ,施工图咨询：5元/平米,877995.00 ,0.00 ,0.00 ,0.00 ,0.00 ,0.00 ,0.00 ,0.00 ,877995.00 ,0.00 ,0.00 ,,,,0.00 ,0.00 ,咨询-1,"合同签订后
甲方在提交全部设计资料给乙方后，三十个工作日内",0.20 ,175599.00 ,175599.00 ,开票,43938.00 ,175599.00 ,43938.00 ,175599.00 ,43938.00 ,175599.00 ,43980.00 ,0.00 ,已完成      ,,,,877995.00 ,877995.00 ,877995.00 ,0.00 ,0.00 ,0.00 ,,,,,,,,175599.00 ,,,,,,,,,,,,,,175599.00 ,,,,,,,直接委托,OA,,,,,,,,,,,,,
,,,,,,,,,,,,,,,,,,,,,,,,,,,,咨询-2,乙方完成施工图阶段的设计咨询工作并经甲方书面认可后，三十个工作日内,0.80 ,702396.00 ,702396.00 ,开票,44186.00 ,702396.00 ,44186.00 ,702396.00 ,44231.00 ,702396.00 ,44420.00 ,0.00 ,,,正在走结算流程，已提交甲方结算资料,,,,,,,,,,,,,,,702396.00 ,,,,,,,,,,,,,,702396.00 ,,,,,,,,,,,,,,,,,,,,,
28,公寓,43101.00 ,"大兴黄村镇兴华大街
（完成）",无,大兴黄村镇兴华大街项目建筑设计咨询服务合同,CRCCRE-SJ-ZX-2018-002,咨询,,北京欣达置业有限公司,204062.00 ,全过程咨询：7元/㎡,1428434.00 ,0.00 ,0.00 ,0.00 ,0.00 ,0.00 ,1021184.88 ,0.00 ,407249.12 ,0.00 ,0.00 ,,,,0.00 ,/,工程-1 咨询-1,合同签订30个日历日内支付,0.20 ,285686.80 ,714217.00 ,开票,43173.00 ,285686.80 ,/,285686.80 ,43173.00 ,714217.00 ,43207.00 ,0.00 ,已完成,同节点,,43691.00 ,1428434.00 ,1428434.00 ,1428434.00 ,0.00 ,0.00 ,0.00 ,,,,,,510155.00 ,,204062.00 ,,,,,,,,,,,,510155.00 ,,204062.00 ,,,,,,,直接委托,OA,,,,,,,,,,,,,
,,,,,,,,,,,,,,,,,,,,,,,,,,,,工程-2 咨询-2,完成方案阶段的设计咨询工作并经甲方认可,0.30 ,428530.20 ,,开票,43202.00 ,428530.20 ,/,428530.20 ,43202.00 ,,43260.00 ,,,同节点,,43691.00 ,,,,,,,,,,,,,,,,,,,,,,,,,,,,,,,,,,,,,,,,,,,,,,,,,
,,,,,,,,,,,,,,,,,,,,,,,,,,,,工程-3 咨询-3,乙方完成施工图阶段的设计咨询工作并经甲方认可,0.50 ,714217.00 ,714217.00 ,开票,43595.00 ,714217.00 ,/,714217.00 ,43595.00 ,714217.00 ,43626.00 ,0.00 ,,同节点,,43691.00 ,,,,,,,,,,,,511029.88 ,,203187.12 ,,,,,,,,,,,,511029.88 ,,203187.12 ,,,,,,,,,,,,,,,,,,,,,
30,中南,43313.00 ,"阜阳项目
（完成）",无,安徽省阜阳市颍东区750亩项目概念规划设计咨询合同,CRCCRE-SJ-CZ-2018-027,可研,,中铁房地产集团合肥蜀山置业有限公司,/,20万元/项目,250000.00 ,0.00 ,0.00 ,250000.00 ,0.00 ,0.00 ,0.00 ,0.00 ,0.00 ,0.00 ,0.00 ,0.00 ,0.00 ,,0.00 ,,方案-1,合同签订后，次月25日前,1.00 ,250000.00 ,250000.00 ,开票,43691.00 ,250000.00 ,/,250000.00 ,43691.00 ,250000.00 ,43830.00 ,0.00 ,已完成,同节点,,,250000.00 ,250000.00 ,250000.00 ,0.00 ,0.00 ,0.00 ,,,250000.00 ,,,,,,,,,,,,,,250000.00 ,,,,,,,,,,,,,,,,,,,,,,,,,,
31,公寓,43435.00 ,泰国TOD项目（完成）,无,"泰国连接三机场高速铁路项目
设计管理服务合同",CRCCRE-SJ-CZ-2018-039,管理,,泰国连接三机场高速铁路项目设计管理服务合同,/,,1754200.00 ,0.00 ,1754200.00 ,0.00 ,0.00 ,0.00 ,0.00 ,0.00 ,0.00 ,0.00 ,0.00 ,,,,0.00 ,创作中心：1533300元,方案-1,合同签订后，次月25日前,0.20 ,1118679.25 ,1118680.25 ,开票,43441.00 ,1118680.25 ,/,1118680.25 ,43691.00 ,1118680.25 ,43445.00 ,0.00 ,已完成,同节点,,,5313730.42 ,5313730.42 ,5313730.42 ,-3559530.42 ,0.00 ,0.00 ,,1118680.25 ,,,,,,,,,,,,,,1118680.25 ,,,,,,,,,,,,,,,,,,,,,,,,,,,
,,,,,,,,,,,,,,,,,,,,,,,,,,,,方案-2,总图、典型单体（平、立、剖面图）设计完成并得到发包人书面确认函之日，次月25日前,0.50 ,1678018.87 ,1678019.87 ,开票,43441.00 ,1678019.87 ,/,1678019.87 ,,1678019.87 ,43445.00 ,0.00 ,,同节点,,/,,,,,,,,1678019.87 ,,,,,,,,,,,,,,1678019.87 ,,,,,,,,,,,,,,,,,,,,,,,,,,,
,,,,,,,,,,,,,,,,,,,,,,,,,,,,方案-3,方案调整、修改完成并通过政府审查后（规划复函），次月25日前,0.25 ,1118679.25 ,1118680.25 ,开票,43441.00 ,1118680.25 ,/,1118680.25 ,,1118680.25 ,43445.00 ,0.00 ,,同节点,,/,,,,,,,,1118680.25 ,,,,,,,,,,,,,,1118680.25 ,,,,,,,,,,,,,,,,,,,,,,,,,,,
,,,,,,,,,,,,,,,,,,,,,,,,,,,,方案-4,施工配合、竣工验收完毕，次月25日前,0.05 ,1398349.06 ,1398350.06 ,开票,43441.00 ,1398350.06 ,/,1398350.06 ,,1398350.06 ,43445.00 ,0.00 ,,同节点,,/,,,,,,,,1398350.06 ,,,,,,,,,,,,,,1398350.06 ,,,,,,,,,,,,,,,,,,,,,,,,,,,
35,公寓,43282.00 ,北京大兴黄村项目,无,大兴黄村项目BIM技术全过程咨询服务合同,CRCCRE-SJ-BIM-2018-005,BIM,,北京欣达置业有限公司,203672.87 ,BIM技术全过程咨询：9.5元/㎡（集团未出补贴政策，全部由项目公司承担）       工程施工图2.9元/㎡,1934892.27 , ,0.00 ,0.00 ,0.00 ,0.00 ,600000.00 ,,0.00 ,1334892.27 ,0.00 ,,,,0.00 ,/,工程-1         BIM-1,乙方完成BIM实施准备阶段工作及前期培训后30个工作日内,0.20 ,386978.45 ,386978.45 ,开票,43433.00 ,386978.45 ,/,386978.45 ,43433.00 ,386978.45 ,43467.00 ,0.00 ,工程中心共计切分60万元,同节点,,,1934892.27 ,967446.14 ,967446.14 ,0.00 ,967446.14 ,0.00 ,,,,,,120000.00 ,,,266978.45 ,,,,,,,,,,,120000.00 ,,,266978.45 ,,,,,,,,,,,,,,,,,,,,
,,,,,,,,,,,,,,,,,,,,,,,,,,,,工程-2         BIM-2,乙方完成设计模型交底，将模型转入BIM管理平台后30个工作日内,0.30 ,580467.68 ,580467.68 ,开票,43784.00 ,580467.68 ,/,580467.68 ,43784.00 ,580467.68 ,43789.00 ,0.00 ,发票少开了1元钱，回款金额无误，第三笔应多开1元钱。     ,同节点,,/,,,,,,,,,,,,,,,580467.68 ,,,,,,,,,,,,,,580467.68 ,,,,,,,,,,,,,,,,,,,,
,,,,,,,,,,,,,,,,,,,,,,,,,,,,工程-3         BIM-3,乙方完成施工阶段的BIM设计咨询工作即项目竣工验收后30个工作日内日,0.30 ,580467.68 ,580467.68 ,产值确认单,45273.00 ,580467.68 ,45273.00 ,,,0.00 ,,580467.68 ,工程中心第二笔18万未切分产值，未切分部分应放到工程中心第三笔产值确认上，明年十月竣工验收,配合施工阶段,,,,,,,,,,,,,,360000.00 ,,,220467.68 ,,,,,,,,,,,,,,,,,,,,,,,,,,,,,,,,,,
,,,,,,,,,,,,,,,,,,,,,,,,,,,,工程-4         BIM-4,乙方完成BIM竣工模型处理交付，且结算完成后30个工作日内日,0.20 ,386978.45 ,386978.46 ,,,,,,,0.00 ,,386978.46 ,,,,,,,,,,,,,,,,110651.32 ,,,276327.14 ,,,,,,,,,,,,,,,,,,,,,,,,,,,,,,,,,,
36,华南,43009.00 ,安吉山语城（已更正23.3.14）,无,中国铁建安吉山语城设计咨询合同,CRCCRE-SJ-ZX-2017-002,咨询,,广西领筑置业有限公司,252431.00 ,全过程咨询：7元/㎡,1767020.00 ,0.00 ,0.00 ,0.00 ,0.00 ,0.00 ,0.00 ,0.00 ,1767020.00 ,0.00 ,0.00 ,0.00 ,0.00 ,,0.00 ,/,咨询-1,甲方提交方案设计资料给乙方后，15个工作日内支付,0.20 ,353404.00 ,353404.00 ,开票,42921.00 ,353404.00 ,/,353404.00 ,42921.00 ,353404.00 ,43070.00 ,0.00 ,,同节点,,/,1537869.00 ,1537869.00 ,1537869.00 ,229151.00 ,0.00 ,0.00 ,,,,,,,,353404.00 ,,,,,,,,,,,,,,353404.00 ,,,,,,,直接委托,OA,,,,,,,,,,,,,
,,,,,,,,,,,,,,,,,,,,,,,,,,,,咨询-2,乙方完成各批次设计咨询服务且施工图经审查通过后，15个工作日内支付各批次咨询服务费,0.67 ,1184465.00 ,1184465.00 ,开票,43158.00 ,1184465.00 ,/,1184465.00 ,43158.00 ,1184465.00 ,43160.00 ,0.00 ,,同节点,,/,,,,,,,,,,,,,,1184465.00 ,,,,,,,,,,,,,,1184465.00 ,,,,,,,,,,,,,,,,,,,,,
,,,,,,,,,,,,,,,,,,,,,,,,,,,,咨询-3,竣工结算,0.10 ,170874.47 ,170874.47 ,产值确认单,45005.00 ,170874.47 ,45005.00 ,170874.47 ,45005.00 ,170874.47 ,45029.00 ,0.00 ,,,,,,,,,,,,,,,,,,170874.47 ,,,,,,,,,,,,,,170874.47 ,,,,,,,,,,,,,,,,,,,,,
37,华南,42948.00 ,琅岐山语城（完成）,无,琅岐山语城项目设计咨询合同,CRCCRE-SJ-ZXZX-2017-006,咨询,,中铁房地产集团（福州）有限公司,259700.00 ,全过程咨询：7元/㎡,1817900.00 ,0.00 ,0.00 ,0.00 ,0.00 ,0.00 ,0.00 ,,1817900.00 ,0.00 ,0.00 ,,,,0.00 ,/,咨询-1,甲方提交方案设计资料给乙方后，15个工作日内支付,0.20 ,363580.00 ,321801.00 ,开票,43770.00 ,321801.00 ,/,321801.00 ,43770.00 ,321801.00 ,43800.00 ,0.00 ,,同节点,,/,1739847.84 ,1739847.84 ,1739847.84 ,78052.16 ,0.00 ,0.00 ,,,,,,,,321801.00 ,,,,,,,,,,,,,,321801.00 ,,,,,,,直接委托,OA,,,,,,,,,,,,,
,,,,,,,,,,,,,,,,,,,,,,,,,,,,咨询-2,乙方完成各批次设计咨询服务且施工图经审查通过后，15个工作日内支付各批次咨询服务费,0.30 ,545370.00 ,545370.00 ,开票,43770.00 ,545370.00 ,/,545370.00 ,43770.00 ,545370.00 ,43800.00 ,0.00 ,,同节点,,/,,,,,,,,,,,,,,545370.00 ,,,,,,,,,,,,,,545370.00 ,,,,,,,,,,,,,,,,,,,,,
,,,,,,,,,,,,,,,,,,,,,,,,,,,,咨询-3,乙方完成各批次设计咨询服务且施工图经审查通过后，15个工作日内支付各批次咨询服务费,0.50 ,908950.00 ,872676.84 ,产值确认单,43748.00 ,872676.84 ,/,872676.84 ,43931.00 ,872676.84 ,44012.00 ,0.00 ,按照规划许可证积结算面254518.12㎡，结算金额1781626.84元,同节点,,/,,,,,,,,,,,,,,872676.84 ,,,,,,,,,,,,,,872676.84 ,,,,,,,,,,,,,,,,,,,,,
38,华南,42979.00 ,福州马宗地项目（完成）,无,"马宗地2016-10号地块项目
规划和建筑方案设计招标补偿协议",CRCCRE-SJ-CZZX-2017-009,可研,,中铁房地产集团（福州）有限公司,/,/,8000.00 ,0.00 ,8000.00 ,0.00 ,0.00 ,0.00 ,0.00 ,,0.00 ,0.00 ,0.00 ,,,,0.00 ,/,可研-1,甲方提交方案设计资料给乙方后，15个工作日内支付,0.20 ,1600.00 ,1600.00 ,开票,43040.00 ,1600.00 ,/,1600.00 ,43040.00 ,1600.00 ,43070.00 ,0.00 ,,同节点,,/,8000.00 ,8000.00 ,8000.00 ,0.00 ,0.00 ,0.00 ,,,,,,,,,1600.00 ,,,,,,,,,,,,,,1600.00 ,,,,,,,,,,,,,,,,,,,,
,,,,,,,,,,,,,,,,,,,,,,,,,,,,可研-2,乙方完成各批次设计咨询服务且施工图经审查通过后，15个工作日内支付各批次咨询服务费80%,0.80 ,6400.00 ,6400.00 ,开票,43070.00 ,6400.00 ,/,6400.00 ,43070.00 ,6400.00 ,43101.00 ,0.00 ,,同节点,,/,,,,,,,,,,,,,,,6400.00 ,,,,,,,,,,,,,,6400.00 ,,,,,,,,,,,,,,,,,,,,
35,公寓,43174.00 ,北京大兴黄村项目,无,北京市大兴区黄村镇兴华大街DX00-0202-0305地块住宅批量精装修设计、公共区域精装修设计、展示中心精装修设计合同,CRCCRE-SJ-CZ-2018-004,精装,,北京欣达置业有限公司,"展示中心：480㎡
住宅：129650.7㎡","展示中心单价480元/㎡   
住宅批量精装修13.84元/㎡",2024765.69 , ,0.00 ,0.00 ,2024765.69 ,0.00 ,0.00 ,,0.00 ,0.00 ,0.00 ,,,,0.00 ,1812633.75 ,创作-1,精装修概念设计得到甲方认可后，30个工作日,0.50 ,1012382.85 ,1012382.85 ,开票,43445.00 ,1012382.85 ,43445.00 ,1012382.85 ,43262.00 ,1012382.85 ,43445.00 ,0.00 ,,,,,1822289.13 ,1822289.13 ,1822289.13 ,202476.56 ,0.00 ,0.00 ,,,,1012382.85 ,,,,,,,,,,,,,,1012382.85 ,,,,,,,,,,,,,,,,,,,,,,,,,
,,,,,,,,,,,,,,,,,,,,,,,,,,,,创作-2,提交施工图成果后30个工作日,0.40 ,809906.28 ,809906.28 ,开票,43789.00 ,809906.28 ,43789.00 ,809906.28 ,43792.00 ,809906.28 ,43789.00 ,0.00 ,,,,/,,,,,,,,,,809906.28 ,,,,,,,,,,,,,,809906.28 ,,,,,,,,,,,,,,,,,,,,,,,,,
,,,,,,,,,,,,,,,,,,,,,,,,,,,,创作-3,精装修施工完成后30个工作日（项目完成精装修施工并通过精装验收取得竣工验收备案表）,0.10 ,202476.56 ,0.00 ,,,,,,,,,0.00 ,,,,,,,,,,,,,,,,,,,,,,,,,,,,,,,,,,,,,,,,,,,,,,,,,,,,,
39,中南,42736.00 ,长沙芙蓉项目（完成）,无,长沙市芙蓉区浏阳河东岸11-1地块概念规划方案设计合同,CRCCRE-SJ-CZZX-2016-005,可研,,中铁房地产集团长沙置业有限公司,/,5万元/项目,50000.00 ,0.00 ,0.00 ,50000.00 ,0.00 ,0.00 ,0.00 ,,0.00 ,0.00 ,0.00 ,0.00 ,0.00 ,,0.00 ,/,可研-1,乙方按要求完成规划设计方案并经甲方验收确认后，甲方一次性付清全部服务费用,1.00 ,50000.00 ,50000.00 ,开票,42795.00 ,,/,50000.00 ,42795.00 ,50000.00 ,42826.00 ,0.00 ,已完成,同节点,,/,50000.00 ,50000.00 ,50000.00 ,0.00 ,0.00 ,0.00 ,,,,,,,,,50000.00 ,,,,,,,,,,,,,,50000.00 ,,,,,,,,,,,,,,,,,,,,
40,中南,42736.00 ,武汉蔡甸项目（完成）,无,武汉蔡甸沿江片项目概念规划方案设计合同,CRCCRE-SJ-CZZX-2016-006,可研,,中铁房地产集团武汉有限公司,/,"10万元/项目
",100000.00 ,0.00 ,100000.00 ,0.00 ,0.00 ,0.00 ,0.00 ,,0.00 ,0.00 ,0.00 ,0.00 ,0.00 ,,0.00 ,/,可研-1,设计费用按双方约定金额于乙方提交合格设计成果后一个月内一次性付款,1.00 ,100000.00 ,100000.00 ,开票,42795.00 ,100000.00 ,/,100000.00 ,42795.00 ,100000.00 ,42826.00 ,0.00 ,已完成,同节点,,/,100000.00 ,100000.00 ,100000.00 ,0.00 ,0.00 ,0.00 ,,,,,,,,,100000.00 ,,,,,,,,,,,,,,100000.00 ,,,,,,,,,,,,,,,,,,,,
41,中南,44357.00 ,可研方案设计（完成）,无,可研方案设计合同,CRCCRE-SJ-CZ-2021-005,可研,,武汉京铁房地产开发有限公司,/,"4万元/项目
6万元/项目
8万元/项目",180000.00 ,0.00 ,,120000.00 ,60000.00 ,0.00 ,0.00 ,,0.00 ,0.00 ,0.00 ,,,,0.00 ,/,可研-1,乙方在25日前，按甲方要求提交本月请款资料（包括不限于请款函、《工作任务单》、双方签字确认的土地拿地可研方案等），甲方将于次月30日前向乙方支付本月进度款。,1.00 ,180000.00 ,180000.00 ,产值确认单,44389.00 ,180000.00 ,44389.00 ,180000.00 ,44390.00 ,180000.00 ,44399.00 ,0.00 ,"创一：
武汉青山区52.53项目8万、
武汉花山项目4万
创二：
宜昌欧亚达项目6万元",已完成,,/,180000.00 ,180000.00 ,180000.00 ,0.00 ,0.00 ,0.00 ,,,120000.00 ,60000.00 ,,,,,,,,,,,,,120000.00 ,60000.00 ,,,,,,,,,,,,,,,,,,,,,,,,,
41,中南,44552.00 ,可研方案设计（完成）,无,"可研方案设计合同
(长沙)",CRCCRE-SJ-XM-2021-054,可研,,中铁房地产集团长沙置业有限公司岳麓分公司,/,"4万元/项目
6万元/项目
10万元/项目",200000.00 ,0.00 ,0.00 ,0.00 ,200000.00 ,0.00 ,0.00 ,0.00 ,0.00 ,0.00 ,0.00 ,,,,0.00 ,/,可研-1,乙方在25日前，按甲方要求提交本月请款资料（包括不限于请款函、《工作任务单》、双方签字确认的土地拿地可研方案等），甲方将于次月30日前向乙方支付本月进度款。,1.00 ,200000.00 ,200000.00 ,产值确认单,44718.00 ,200000.00 ,44718.00 ,200000.00 ,44718.00 ,200000.00 ,44726.00 ,0.00 ,"1.长沙杉木村四期项目4万
2.长沙湘龙地块项目6万
3.长沙山鹰潭项目10万",已完成,,/,200000.00 ,200000.00 ,200000.00 ,0.00 ,0.00 ,0.00 ,,,,200000.00 ,,,,,,,,,,,,,,200000.00 ,,,,,,,,,,,,,,,,,,,,,,,,,
41,中南,44139.00 ,合肥事业部固镇路中学地块,无,合肥事业部固镇路中学地块强排设计可研框架协议,CRCCRE-SJ-CZ-2020-016,可研,,中铁房地产集团合肥蜀山置业有限公司,/,5万元/项目,100000.00 ,0.00 ,,0.00 ,50000.00 ,0.00 ,0.00 ,,0.00 ,0.00 ,0.00 ,,,,0.00 ,/,可研-1,乙方在25日前，按甲方要求提交本月请款资料（包括不限于请款函、《工作任务单》、双方签字确认的土地拿地可研方案等），甲方将于次月30日前向乙方支付本月进度款。,1.00 ,100000.00 ,50000.00 ,开票,44146.00 ,50000.00 ,44146.00 ,50000.00 ,44454.00 ,50000.00 ,44517.00 ,0.00 ,已完成,已完成,"
创二：5万",/,50000.00 ,50000.00 ,50000.00 ,50000.00 ,0.00 ,0.00 ,,,,50000.00 ,,,,,,,,,,,,,,50000.00 ,,,,,,,,,,,,,,,,,,,,,,,,,
,,,,,,,,,,,,,,,,50000.00 ,,,,,,,,,,,,,,,,50000.00 ,产值确认单,44146.00 ,50000.00 ,44146.00 ,,,0.00 ,,,,,,,,,,,,,,,,50000.00 ,,,,,,,,,,,,,,,,,,,,,,,,,,,,,,,,,,,,,,,
41,公寓,43003.00 ,海外公司可研（完成）,无,土地经营工作阶段可行性研究概念方案设计合同,CRCCRE-SJ-CZ-2017-014,可研,,中铁房地产集团海外地产发展有限公司,/,按照建设用地面积进行取费，10 公顷以下为 10 万元/项；10 公顷以上为 1 万元/公顷。,900000.00 ,0.00 ,0.00 ,450000.00 ,450000.00 ,0.00 ,0.00 ,,0.00 ,0.00 ,0.00 ,,,,0.00 ,/,可研-1,北京大兴区瀛海镇F2地块项目5万、通州区台湖镇项目5万、通州新城0204街区项目5万、河北承德喇嘛村用地项目0万、海口项目10万、门头沟永定镇苛罗坨、秋坡、石佛村地块0万,0.28 ,250000.00 ,250000.00 ,开票,43040.00 ,/,/,250000.00 ,43040.00 ,250000.00 ,43094.00 ,0.00 ,已完成,同节点,,/,250000.00 ,250000.00 ,250000.00 ,650000.00 ,0.00 ,0.00 ,,,150000.00 ,100000.00 ,,,,,,,,,,,,,150000.00 ,100000.00 ,,,,,,,,,,,,,,,,,,,,,,,,,
42,中南,43040.00 ,长沙梅溪青秀（完成）,无,长沙梅溪青秀项目三期（B31地块）全过程全专业设计咨询合同,CRCCRE-SJ-ZX-2017-008,咨询,,中铁房地产集团长沙置业有限公司,295000.00 ,全过程咨询：7元/㎡,2093180.60 ,0.00 ,0.00 ,0.00 ,0.00 ,0.00 ,0.00 ,0.00 ,2093180.60 ,0.00 ,0.00 ,0.00 ,,,0.00 ,/,咨询-1,建筑方案设计咨询意见提出、乙方配合本工程设计院完成方案报批文本，且甲方将方案报批文本提交给规划局后次月30日前，甲方向乙方支付,0.30 ,627954.18 ,1450943.00 ,开票,43200.00 ,1450943.00 ,/,1450943.00 ,43200.00 ,1450943.00 ,43209.00 ,0.00 ,已完成,,"规证面积299025.80㎡
结算金额
2093180.60",/,2093180.60 ,2093180.60 ,2093180.60 ,0.00 ,0.00 ,0.00 ,,,,,,,,1450943.00 ,,,,,,,,,,,,,,1450943.00 ,,,,,,,直接委托,OA,,,,,,,,,,,,,
,,,,,,,,,,,,,,,,,,,,,,,,,,,,咨询-2,方案报批文本经规划局审核通过且甲方完成报建手续后次月30日前，甲方向乙方支付,0.20 ,418636.12 ,,,,,,,,,,,,,,/,,,,,,,,,,,,,,,,,,,,,,,,,,,,,,,,,,,,,,,,,,,,,,,,,
,,,,,,,,,,,,,,,,,,,,,,,,,,,,咨询-3,建筑施工图设计顾问意见提出、乙方配合本工程设计院完成建筑施工图设计并通过施工图审查后次月30日前，甲方向乙方支付,0.30 ,627954.18 ,,,,,,,,,,,,,,/,,,,,,,,,,,,,,,,,,,,,,,,,,,,,,,,,,,,,,,,,,,,,,,,,
,,,,,,,,,,,,,,,,,,,,,,,,,,,,咨询-4,市政配套施工图设计顾问意见提出、乙方配合本工程设计院完成市政配套施工图设计并通过甲方审查后次月30日前，甲方向乙方支付,0.10 ,209318.06 ,407557.00 ,开票,43922.00 ,407557.00 ,/,407557.00 ,43937.00 ,407557.00 ,43943.00 ,0.00 ,,同节点,,/,,,,,,,,,,,,,,407557.00 ,,,,,,,,,,,,,,407557.00 ,,,,,,,,,,,,,,,,,,,,,
,,,,,,,,,,,,,,,,,,,,,,,,,,,,咨询-5,项目整体验收完成后，甲方向乙方支付,0.10 ,28180.60 ,28180.60 ,产值确认单,44641.00 ,28180.60 ,44641.00 ,234680.60 ,44641.00 ,234680.60 ,44735.00 ,0.00 ,,,,,,,,,,,,,,,,,,28180.60 ,,,,,,,,,,,,,,28180.60 ,,,,,,,,,,,,,,,,,,,,,
,,,,,,,,,,,,,,,,,,,,,,,,,,,,,,,206500.00 ,206500.00 ,产值确认单,44179.00 ,206500.00 ,44179.00 ,,,,,,,,,,,,,,,,,,,,,,,206500.00 ,,,,,,,,,,,,,,206500.00 ,,,,,,,,,,,,,,,,,,,,,
43,中南,43081.00 ,合肥悦湖国际（完成）,无,中国铁建悦湖国际项目规划、建筑方案设计及建筑设计咨询服务合同,CRCCRE-SJ-CZ-2017-017,方案+咨询,,中铁房地产集团合肥京丰置业有限公司,195268.56 ,"方案设计：22元/㎡
施工图咨询：5元/㎡",5272251.12 ,0.00 ,0.00 ,4295908.32 ,0.00 ,0.00 ,0.00 ,0.00 ,976342.80 ,0.00 ,0.00 ,,,,0.00 ,/,方案 咨询-1,合同签订5个工作日内支付,0.20 ,1054450.22 ,1054450.22 ,开票,43086.00 ,1054450.22 ,/,1054450.22 ,43086.00 ,1054450.22 ,43110.00 ,0.00 ,已完成,同节点,,/,5267216.16 ,5267216.16 ,5267216.16 ,5034.96 ,0.00 ,0.00 ,,,859181.66 ,,,,,195268.56 ,,,,,,,,,859181.66 ,,,,,195268.56 ,,,,,,,直接委托,OA,,,,,,,,,,,,,
,,,,,,,,,,,,,,,,,,,,,,,,,,,,方案 咨询-2,总图、典型单体（平、立、剖面图）设计完成并得到业主方书面确认函之日起5个工作日内支付,0.50 ,2636125.56 ,2636125.56 ,开票,43205.00 ,2636125.56 ,/,2636125.56 ,43205.00 ,2636125.56 ,43245.00 ,0.00 ,,同节点,,/,,,,,,,,,2147954.16 ,,,,,488171.40 ,,,,,,,,,2147954.16 ,,,,,488171.40 ,,,,,,,,,,,,,,,,,,,,,
,,,,,,,,,,,,,,,,,,,,,,,,,,,,方案 咨询-3,方案调整、修改完成并通过政府审查后（规划复函）5个工作日内支付,0.25 ,1318062.78 ,1318062.78 ,开票,43444.00 ,1318062.78 ,/,1318062.78 ,43444.00 ,1318062.78 ,43459.00 ,0.00 ,,同节点,,/,,,,,,,,,1073977.08 ,,,,,244085.70 ,,,,,,,,,1073977.08 ,,,,,244085.70 ,,,,,,,,,,,,,,,,,,,,,
,,,,,,,,,,,,,,,,,,,,,,,,,,,,方案 咨询-4,施工配合、竣工验收完成、结算完毕5个工作日内支付,0.05 ,263612.56 ,263612.56 ,产值确认单,44188.00 ,263612.56 ,44188.00 ,258577.60 ,44729.00 ,258577.60 ,44797.00 ,258577.60 ,,,正在走结算流程,,,,,,,,,,214795.42 ,,,,,48817.14 ,,,,,,,,,214795.42 ,,,,,48817.14 ,,,,,,,,,,,,,,,,,,,,,
,,,,,,,,,,,,,,,,,,,,,,,,,,,,,,,,-5034.96 ,产值确认单,44729.00 ,-5034.96 ,44729.00 ,,,,,,,,正在走结算流程,,,,,,,,,,-4102.32 ,,,,,-932.64 ,,,,,,,,,-4102.32 ,,,,,-932.64 ,,,,,,,,,,,,,,,,,,,,,
45,华南,42583.00 ,云景山语城（完成）,无,中铁云景山语城建筑设计咨询服务合同,CRCCRE-SJ-ZX-2016-001,咨询,,中铁房地产集团（广西）有限公司,139890.22 ,施工图咨询：5元/平米,700000.00 ,0.00 ,0.00 ,0.00 ,0.00 ,0.00 ,0.00 ,,700000.00 ,0.00 ,0.00 ,,,,0.00 ,/,咨询-1,合同签订后，甲方在提交全部设计资料给乙方后支付,0.20 ,140000.00 ,140000.00 ,开票,42600.00 ,140000.00 ,/,140000.00 ,42600.00 ,140000.00 ,42623.00 ,0.00 ,,同节点,,/,699451.10 ,699451.10 ,699451.10 ,548.90 ,0.00 ,0.00 ,,,,,,,,140000.00 ,,,,,,,,,,,,,,140000.00 ,,,,,,,直接委托,OA,,,,,,,,,,,,,
,,,,,,,,,,,,,,,,,,,,,,,,,,,,咨询-2,乙方完成全部工作并经甲方认可，甲方支付工程剩余设计优化咨询费给乙方,0.80 ,560000.00 ,559451.10 ,开票,42719.00 ,559451.10 ,/,559451.10 ,42719.00 ,559451.10 ,42791.00 ,0.00 ,,同节点,,/,,,,,,,,,,,,,,559451.10 ,,,,,,,,,,,,,,559451.10 ,,,,,,,,,,,,,,,,,,,,,
46,华南,42679.00 ,中国铁建·西派澜岸（完成）,无,中国铁建·西派澜岸规划及建筑方案设计合同,CRCCRE-SJ-CZZX-2016-002,管理,,中铁房地产集团(广西)有限公司,"
195268.56","/
",783000.00 ,0.00 ,783000.00 ,0.00 ,0.00 ,0.00 ,0.00 ,,0.00 ,0.00 ,0.00 ,,,,0.00 ,创作中心：/,管理-1,"合同签订5个工作日请款, 下月30日前",0.10 ,78300.00 ,78300.00 ,开票,42721.00 ,78300.00 ,/,78300.00 ,42721.00 ,78300.00 ,42750.00 ,0.00 ,,同节点,,/,783000.00 ,783000.00 ,783000.00 ,0.00 ,0.00 ,0.00 ,,78300.00 ,,,,,,,,,,,,,,78300.00 ,,,,,,,,,,,,,,,,,,,,,,,,,,,
,,,,,,,,,,,,,,,,,,,,,,,,,,,,管理-2,项目总规通过政府审批后5个工作日请款下月30日前,0.35 ,274050.00 ,274050.00 ,开票,42840.00 ,274050.00 ,/,274050.00 ,42840.00 ,274050.00 ,42880.00 ,0.00 ,,同节点,,/,,,,,,,,274050.00 ,,,,,,,,,,,,,,274050.00 ,,,,,,,,,,,,,,,,,,,,,,,,,,,
,,,,,,,,,,,,,,,,,,,,,,,,,,,,管理-3,"提交方案设计文本并通过政府审批后5个工作日内请款, 下月30日前支付。按报批方案的建筑面积核算设计费用",0.40 ,313200.00 ,313200.00 ,开票,43079.00 ,313200.00 ,/,313200.00 ,43079.00 ,313200.00 ,43105.00 ,0.00 ,,同节点,,/,,,,,,,,313200.00 ,,,,,,,,,,,,,,313200.00 ,,,,,,,,,,,,,,,,,,,,,,,,,,,
,,,,,,,,,,,,,,,,,,,,,,,,,,,,管理-4,"施工图工作完成后5个工作日内请款, 下月30日前支付",0.15 ,117450.00 ,117450.00 ,开票,43263.00 ,117450.00 ,/,117450.00 ,43263.00 ,117450.00 ,43324.00 ,0.00 ,,同节点,,/,,,,,,,,117450.00 ,,,,,,,,,,,,,,117450.00 ,,,,,,,,,,,,,,,,,,,,,,,,,,,
41,中南,,皖水路南89亩地块,无,皖水路南89亩地块强排设计可研框架协议,,可研,,中铁房地产集团合肥蜀山置业有限公司,/,4万元/项目,40000.00 ,0.00 ,,0.00 ,40000.00 ,0.00 ,0.00 ,,0.00 ,0.00 ,0.00 ,,,,0.00 ,/,可研-1,乙方在25日前，按甲方要求提交本月请款资料（包括不限于请款函、《工作任务单》、双方签字确认的土地拿地可研方案等），甲方将于次月30日前向乙方支付本月进度款。,1.00 ,40000.00 ,40000.00 ,开票,44146.00 ,50000.00 ,44146.00 ,50000.00 ,44454.00 ,40000.00 ,44517.00 ,-10000.00 ,已完成,已完成,"
创二：5万",/,40000.00 ,50000.00 ,40000.00 ,0.00 ,-10000.00 ,10000.00 ,,,,40000.00 ,,,,,,,,,,,,,,40000.00 ,,,,,,,,,,,,,,,,,,,,,,,,,
,中南,44865.00 ,合肥青秀城东区项目,CRCCRE-DC-XM-2022-027,中国铁建清溪国际清樾园东区BIM设计服务合同,CRCCRE-SJ-BIM-2022-007,BIM,,中铁房地产集团合肥蜀山置业有限公司,73459.23 ,一口价,400000.00 ,0.00 ,0.00 ,0.00 ,0.00 ,0.00 ,0.00 ,0.00 ,0.00 ,400000.00 ,0.00 ,0.00 ,0.00 ,,0.00 ,0.00 ,1.00 ,乙方提交第一版BIM模型且经过甲方确认后15个工作日内双方办理计价手续,0.40 ,160000.00 ,160000.00 ,产值确认单,44901.00 ,160000.00 ,44901.00 ,160000.00 ,45040.00 ,160000.00 ,45070.00 ,,,,,,,,,,,,,,,,,,,,160000.00 ,,,,,,,,,,,,,,160000.00 ,,,,,,,,,,,,,,,,,,,,
,,,,,,,,,,,,,,,,,,,,,,,,,,,,2.00 ,乙方根据甲方优化后的施工图纸提交BIM咨询优化报告、完成BIM范围的交底工作且经过甲方确认后15个工作日内双方办理计价手续,0.58 ,232000.00 ,232000.00 ,产值确认单,45268.00 ,232000.00 ,45267.00 ,,,232000.00 ,,,,,,,,,,,,,,,,,,,,,232000.00 ,,,,,,,,,,,,,,232000.00 ,,,,,,,,232000.00 ,0.00 ,,,,,,,,,,,
,,,,,,,,,,,,,,,,,,,,,,,,,,,,3.00 ,乙方跟踪项目进度，完成设计变更的BIM模型更改，至项目取得竣工备案表后15个共工作日内双方办理计价手续，次月支付剩余合同额,0.02 ,8000.00 ,0.00 ,,,,,,,,,,,,,,,,,,,,,,,,,,,,,,,,,,,,,,,,,,,,,,,,,,,,,,,,,,,,,,
,中南,44865.00 ,"清溪国际可研
（13块地）
（完成）",无,中国铁建清溪国际可研方案设计合同（13块地）,CRCCRE-SJ-XM-2022-042,可研,,中铁房地产集团合肥蜀山置业有限公司,/,一口价,390000.00 ,0.00 ,0.00 ,80000.00 ,310000.00 ,0.00 ,0.00 ,0.00 ,0.00 ,0.00 ,0.00 ,0.00 ,0.00 ,,,,可研-1,乙方在25日前，按甲方要求提交本月请款资料（包括不限于请款函、《工作任务单》、双方签字确认的土地拿地可研方案等），甲方将于次月30日前向乙方支付本月进度款,1.00 ,390000.00 ,390000.00 ,产值确认单,44901.00 ,390000.00 ,44901.00 ,390000.00 ,45040.00 ,390000.00 ,45163.00 ,0.00 ,,,,,,,,,,,,,80000.00 ,310000.00 ,,,,,,,,,,,,,80000.00 ,310000.00 ,,,,,,,,,,,,,,,,,,,,,,,,,
47,中南,43945.00 ,"长沙梅溪湖
（完成）",CRCCRE-DC-XM-2020-038,长沙京信梅溪湖098地块设计技术咨询合同,CRCCRE-SJ-ZX-2020-008,咨询,,长沙京信房地产开发有限公司,178500.00 ,全过程咨询：5元/㎡,892141.45 ,0.00 ,0.00 ,0.00 ,0.00 ,0.00 ,0.00 ,0.00 ,892141.45 ,0.00 ,0.00 ,,,,0.00 ,/,咨询-1,建筑方案设计咨询意见提出、本工程设计院完成方案报批文本，且甲方将方案报批文本提交给规划局后次月30日前,0.20 ,178500.00 ,178500.00 ,开票,44010.00 ,178500.00 ,/,178500.00 ,44010.00 ,178500.00 ,44020.00 ,0.00 ,已完成,同节点,7月已付款,,892141.45 ,892141.45 ,892141.45 ,0.00 ,0.00 ,0.00 ,,,,,,,,178500.00 ,,,,,,,,,,,,,,178500.00 ,,,,,,,直接委托,OA,,,,,,,,,,,,,
,,,,,,,,,,,,,,,,,,,,,,,,,,,,咨询-2,方案报批文本经规划局审核通过且甲方完成报建手续后次月30日前,0.20 ,178500.00 ,178500.00 ,开票,44010.00 ,178500.00 ,/,178500.00 ,44010.00 ,178500.00 ,44020.00 ,0.00 ,,同节点,,,,,,,,,,,,,,,,178500.00 ,,,,,,,,,,,,,,178500.00 ,,,,,,,,,,,,,,,,,,,,,
,,,,,,,,,,,,,,,,,,,,,,,,,,,,咨询-3,建筑施工图设计顾问意见提出、本工程设计院完成建筑施工图设计并通过施工图审查后次月30日前,0.30 ,267750.00 ,267750.00 ,开票,44010.00 ,267750.00 ,/,267750.00 ,44010.00 ,267750.00 ,44020.00 ,0.00 ,,同节点,,,,,,,,,,,,,,,,267750.00 ,,,,,,,,,,,,,,267750.00 ,,,,,,,,,,,,,,,,,,,,,
,,,,,,,,,,,,,,,,,,,,,,,,,,,,咨询-4,市政配套施工图设计顾问意见提出、本工程设计院完成市政配套施工图设计并通过甲方审查后，乙方按照甲方要求提供结算资料，在完成本合同结算后次月30日前,0.30 ,267391.45 ,267391.45 ,开票,44130.00 ,267391.45 ,44135.00 ,267391.45 ,44130.00 ,267391.45 ,44174.00 ,0.00 ,,,,,,,,,,,,,,,,,,267391.45 ,,,,,,,,,,,,,,267391.45 ,,,,,,,,,,,,,,,,,,,,,
48,中南,43946.00 ,长沙梅溪湖（完成）,CRCCRE-DC-XM-2020-037,长沙京信梅溪湖098地块规划建筑方案设计合同,CRCCRE-SJ-CZ-2020-009,方案,,长沙京信房地产开发有限公司,178428.29 ,方案：10元/㎡,1784282.90 ,0.00 ,0.00 ,0.00 ,1784282.90 ,0.00 ,0.00 ,0.00 ,0.00 ,0.00 ,0.00 ,0.00 ,,,0.00 ,/,方案-1,完成概念方案后20个工作日内,0.20 ,354000.00 ,354000.00 ,开票,44010.00 ,/,/,354000.00 ,44010.00 ,354000.00 ,44020.00 ,0.00 ,已完成,方案已提交并通过规划局批复,已回款,/,1784282.90 ,1784282.90 ,1784282.90 ,0.00 ,0.00 ,0.00 ,,,,354000.00 ,,,,,,,,,,,,,,354000.00 ,,,,,,,,,,,投标,OA,,,,,,,,,,,,,
,,,,,,,,,,,,,,,,,,,,,,,,,,,,方案-2,完成规划建筑深化方案后，20个工作日内,0.30 ,531000.00 ,531000.00 ,开票,44020.00 ,/,/,531000.00 ,44020.00 ,531000.00 ,44063.00 ,0.00 ,,方案已提交并通过规划局批复,8月已付款,/,,,,,,,,,,531000.00 ,,,,,,,,,,,,,,531000.00 ,,,,,,,,,,,,,,,,,,,,,,,,,
,,,,,,,,,,,,,,,,,,,,,,,,,,,,方案-3,完成甲方所在区域、集团公司审批后20个工作日内,0.30 ,531000.00 ,531000.00 ,开票,44020.00 ,/,/,531000.00 ,44020.00 ,531000.00 ,44063.00 ,0.00 ,,方案已提交并通过规划局批复,,/,,,,,,,,,,531000.00 ,,,,,,,,,,,,,,531000.00 ,,,,,,,,,,,,,,,,,,,,,,,,,
,,,,,,,,,,,,,,,,,,,,,,,,,,,,方案-4,规划总图通过长沙市规划局批复后的20个工作日内,0.20 ,368282.90 ,368282.90 ,开票,44130.00 ,368282.90 ,44135.00 ,368282.90 ,44130.00 ,368282.90 ,44174.00 ,0.00 ,,方案已提交并通过规划局批复,按照规划许可证面积1784282.9㎡进行最终结算,/,,,,,,,,,,368282.90 ,,,,,,,,,,,,,,368282.90 ,,,,,,,,,,,,,,,,,,,,,,,,,
,华南,44923.00 ,广州海珠洛溪桥项目（西派粤府）,CRCCRE-DC-XM-2022-026,广州市海珠区洛溪桥西侧地块项目建设工程委托设计管理服务合同（方案部分）,CRCCRE-SJ-XM-2022-046,方案管理,,中铁房地产集团华南有限公司,60712.20 ,,1795876.30 ,,,,,,,,,,,,,,1795876.30 ,项目管理中心,方案-1,合同签订并提交第一版概念性方案后15个工作日内请款，次月30日前付款,0.20 ,359175.26 ,359175.26 ,产值确认单,44930.00 ,359175.26 ,44930.00 ,359175.26 ,44930.00 ,359175.26 ,44939.00 ,0.00 ,,,,,,,,,,,,,,,,,,,,,,,,359175.26 ,,,,,,,,,,,,,,359175.26 ,,,,,,,,,,,,,,,
,,,,,,,,,,,,,,,,,,,,,,,,,,,,方案-2,方案调整、修改完成经甲方确认后，15个工作日内请款，次月30日前付款,0.30 ,538762.89 ,538762.89 ,产值确认单,44973.00 ,538762.89 ,44973.00 ,538762.89 ,44973.00 ,538762.89 ,44984.00 ,0.00 ,,,,,,,,,,,,,,,,,,,,,,,,538762.89 ,,,,,,,,,,,,,,538762.89 ,,,,,,,,,,,,,,,
,,,,,,,,,,,,,,,,,,,,,,,,,,,,方案-3,方案通过政府相关审批（规划复函）后15个工作日内请款，次月30日前付款,0.20 ,359175.26 ,359175.26 ,产值确认单,44973.00 ,359175.26 ,44973.00 ,359175.26 ,44973.00 ,359175.26 ,44984.00 ,0.00 ,,,,,,,,,,,,,,,,,,,,,,,,359175.26 ,,,,,,,,,,,,,,359175.26 ,,,,,,,,,,,,,,,
,,,,,,,,,,,,,,,,,,,,,,,,,,,,方案-4,项目总图、建筑单专业扩初设计图纸完成，并取得《建设工程规划许可证》后，15个工作日内请款，次月30日前付款,0.15 ,269381.45 ,269381.45 ,产值确认单,45070.00 ,269381.45 ,45070.00 ,269381.45 ,45070.00 ,269381.45 ,45090.00 ,0.00 ,,,,,,,,,,,,,,,,,,,,,,,,269381.45 ,,,,,,,,,,,,,,269381.45 ,,,,,,,,,,,,,,,
,,,,,,,,,,,,,,,,,,,,,,,,,,,,方案-5,配合施工完成，至竣工验收完成后15个工作日内按照《建设工程规划许可证》总建筑面积结算，次月30日内付款,0.05 ,89793.82 ,0.00 ,,,,,,,0.00 ,,0.00 ,,,,,,,,,,,,,,,,,,,,,,,,,,,,,,,,,,,,,,,,,,,,,,,,,,,,,
,,,,,,,,,,,,,,,,,,,,,,,,,,,,方案-6,配合完成产品创新研发工作，并经中国铁建房地产集团组织验收通过后15个工作日内请款，次月30日前付款（此项如未发生则该笔金额不予支付）,0.10 ,179587.63 ,0.00 ,,,,,,,0.00 ,,0.00 ,,,,,,,,,,,,,,,,,,,,,,,,,,,,,,,,,,,,,,,,,,,,,,,,,,,,,
,,44923.00 ,广州海珠洛溪桥项目（西派粤府）,CRCCRE-DC-XM-2022-026,广州市海珠区洛溪桥西侧地块项目建设工程委托设计管理服务合同（景观部分）,CRCCRE-SJ-XM-2022-046,景观管理,,中铁房地产集团华南有限公司,,,780000.00 ,,,,,,,,,,,,,,780000.00 ,项目管理中心,景观-1,合同签订并提交第一版概念性方案后15个工作日内请款，次月30日前付款。,0.10 ,78000.00 ,78000.00 ,产值确认单,44973.00 ,78000.00 ,44973.00 ,78000.00 ,44973.00 ,78000.00 ,44984.00 ,0.00 ,,,,,,,,,,,,,,,,,,,,,,,,78000.00 ,,,,,,,,,,,,,,78000.00 ,,,,,,,,,,,,,,,
,,,,,,,,,,,,,,,,,,,,,,,,,,,,景观-2,展示区方案设计成果完成经甲方确认后15个工作日内请款，次月30日前付款。,展示区40%,122400.00 ,122400.00 ,产值确认单,44973.00 ,122400.00 ,44973.00 ,122400.00 ,44973.00 ,122400.00 ,44984.00 ,0.00 ,,,,,,,,,,,,,,,,,,,,,,,,122400.00 ,,,,,,,,,,,,,,122400.00 ,,,,,,,,,,,,,,,
,,,,,,,,,,,,,,,,,,,,,,,,,,,,景观-3,展示区施工图设计成果完成经甲方确认后15个工作日内请款，次月30日前付款。,展示区30%,91800.00 ,91800.00 ,产值确认单,45001.00 ,91800.00 ,45001.00 ,91800.00 ,45001.00 ,91800.00 ,45013.00 ,0.00 ,,,,,,,,,,,,,,,,,,,,,,,,91800.00 ,,,,,,,,,,,,,,91800.00 ,,,,,,,,,,,,,,,
,,,,,,,,,,,,,,,,,,,,,,,,,,,,景观-4,展示区施工现场配合完成经甲方确认后15个工作日内请款，次月30日前付款。,展示区10%,30600.00 ,30600.00 ,产值确认单,45287.00 ,30600.00 ,45286.00 ,30600.00 ,45371.00 ,30600.00 ,45397.00 ,0.00 ,,,,,,,,,,,,,,,,,,,,,,,,30600.00 ,,,,,,,,,,,,,,30600.00 ,,,,,,,,,,,,,,,
,,,,,,,,,,,,,,,,,,,,,,,,,,,,景观-5,大区概念设计成果完成经甲方确认后15个工作日内请款，次月30日前付款。,大区15%,71100.00 ,71100.00 ,产值确认单,45000.00 ,71100.00 ,45001.00 ,71100.00 ,45001.00 ,71100.00 ,45013.00 ,0.00 ,,,,,,,,,,,,,,,,,,,,,,,,71100.00 ,,,,,,,,,,,,,,71100.00 ,,,,,,,,,,,,,,,
,,,,,,,,,,,,,,,,,,,,,,,,,,,,景观-6,大区方案设计成果完成经确认后15个工作日内请款，次月30日前付款。,大区25%,118500.00 ,118500.00 ,开票,45098.00 ,118500.00 ,45098.00 ,118500.00 ,45098.00 ,118500.00 ,45133.00 ,0.00 ,,,,,,,,,,,,,,,,,,,,,,,,118500.00 ,,,,,,,,,,,,,,118500.00 ,,,,,,,,,,,,,,,
,,,,,,,,,,,,,,,,,,,,,,,,,,,,景观-7,大区扩初设计成果完成经甲方确认后15个工作日内请款，次月30日前付款。,大区10%,47400.00 ,47400.00 ,开票,45098.00 ,47400.00 ,45098.00 ,47400.00 ,45098.00 ,47400.00 ,45133.00 ,0.00 ,,,,,,,,,,,,,,,,,,,,,,,,47400.00 ,,,,,,,,,,,,,,47400.00 ,,,,,,,,,,,,,,,
,,,,,,,,,,,,,,,,,,,,,,,,,,,,景观-8,大区施工图设计成果完成经甲方确认后15个工作日内请款，次月30日前付款。,大区20%,94800.00 ,94800.00 ,产值确认单,45287.00 ,94800.00 ,45286.00 ,94800.00 ,45371.00 ,94800.00 ,45397.00 ,0.00 ,,,,,,,,,,,,,,,,,,,,,,,,94800.00 ,,,,,,,,,,,,,,94800.00 ,,,,,,,,,,,,,,,
,,,,,,,,,,,,,,,,,,,,,,,,,,,,景观-9,大区施工现场配合完成经甲方确认后15个工作日内请款，次月30日前付款。,大区5%,23700.00 ,23700.00 ,产值确认单,45957.00 ,23700.00 ,45957.00 ,23700.00 ,45958.00 ,23700.00 ,46006.00 ,0.00 ,,,,,,,,,,,,,,,,,,,,,,,,23700.00 ,,,,,,,,,,,,,,23700.00 ,,,,,,,,,,,,,,,
,,,,,,,,,,,,,,,,,,,,,,,,,,,,景观-10,景观工程竣工验收合格，本合同办理完成结算后15个工作日内请款，次月30日前付款。,大区5%,23700.00 ,23700.00 ,产值确认单,45957.00 ,23700.00 ,45957.00 ,23700.00 ,45958.00 ,23700.00 ,46006.00 ,0.00 ,,,,,,,,,,,,,,,,,,,,,,,,23700.00 ,,,,,,,,,,,,,,23700.00 ,,,,,,,,,,,,,,,
,,,,,,,,,,,,,,,,,,,,,,,,,,,,景观-11,配合完成产品创新研发工作，并经中国铁建房地产集团组织验收通过后 15 个工作日内请款，次月30日前付款（此项如未发生则该笔金额不予支付）,0.10 ,78000.00 ,0.00 ,,,,,,,0.00 ,,0.00 ,,,,,,,,,,,,,,,,,,,,,,,,,,,,,,,,,,,,,,,,,,,,,,,,,,,,,
,,44923.00 ,广州海珠洛溪桥项目（西派粤府）,CRCCRE-DC-XM-2022-026,广州市海珠区洛溪桥西侧地块项目建设工程委托设计管理服务合同（精装部分）,CRCCRE-SJ-XM-2022-046,精装管理,,中铁房地产集团华南有限公司,,,347112.50 ,,,,,,,,,,,,,,347112.50 ,项目管理中心,精装-1,合同签订并提交第一版概念性方案后15个工作日内请款，次月30日前付款。,0.15 ,52066.88 ,52066.88 ,产值确认单,45191.00 ,52066.88 ,45191.00 ,52066.88 ,45191.00 ,52066.88 ,45230.00 ,0.00 ,,,,,,,,,,,,,,,,,,,,,,,,52066.88 ,,,,,,,,,,,,,,52066.88 ,,,,,,,,,,,,,,,
,,,,,,,,,,,,,,,,,,,,,,,,,,,,精装-2,精装概念设计完成经甲方确认后15个工作日内请款，次月30日前付款。,0.20 ,69422.50 ,69422.50 ,产值确认单,45191.00 ,69422.50 ,45191.00 ,69422.50 ,45191.00 ,69422.50 ,45230.00 ,0.00 ,,,,,,,,,,,,,,,,,,,,,,,,69422.50 ,,,,,,,,,,,,,,69422.50 ,,,,,,,,,,,,,,,
,,,,,,,,,,,,,,,,,,,,,,,,,,,,精装-3,精装方案扩初设计完成经甲方确认后15个工作日内请款，次月30日前付款。,0.15 ,52066.88 ,52066.88 ,产值确认单,45191.00 ,52066.88 ,45191.00 ,52066.88 ,45191.00 ,52066.88 ,45230.00 ,0.00 ,,,,,,,,,,,,,,,,,,,,,,,,52066.88 ,,,,,,,,,,,,,,52066.88 ,,,,,,,,,,,,,,,
,,,,,,,,,,,,,,,,,,,,,,,,,,,,精装-4,精装施工图设计完成经甲方确认后15个工作日内请款，次月30日前付款。,0.30 ,104133.75 ,104133.75 ,产值确认单,45287.00 ,104133.75 ,45286.00 ,104133.75 ,45371.00 ,104133.75 ,45397.00 ,0.00 ,,,,,,,,,,,,,,,,,,,,,,,,104133.75 ,,,,,,,,,,,,,,104133.75 ,,,,,,,,,,,,,,,
,,,,,,,,,,,,,,,,,,,,,,,,,,,,精装-5,精装修竣工验收完成后15个工作日内请款，次月30日前付款。,0.05 ,17355.63 ,0.00 ,,,,,,,0.00 ,,0.00 ,,,,,,,,,,,,,,,,,,,,,,,,,,,,,,,,,,,,,,,,,,,,,,,,,,,,,
,,,,,,,,,,,,,,,,,,,,,,,,,,,,精装-6,结算完成后15个工作日内请款，次月30日前付款。,0.05 ,17355.63 ,0.00 ,,,,,,,0.00 ,,0.00 ,,,,,,,,,,,,,,,,,,,,,,,,,,,,,,,,,,,,,,,,,,,,,,,,,,,,,
,,,,,,,,,,,,,,,,,,,,,,,,,,,,精装-7,配合完成产品创新研发工作，并经中国铁建房地产集团组织验收通过后 15 个工作日内请款，由甲方于审核后次月30日前付款（此项如未发生则该笔金额不予支付）,0.10 ,34711.25 ,0.00 ,,,,,,,0.00 ,,0.00 ,,,,,,,,,,,,,,,,,,,,,,,,,,,,,,,,,,,,,,,,,,,,,,,,,,,,,
,,44923.00 ,广州海珠洛溪桥项目（西派粤府）,CRCCRE-DC-XM-2022-026,广州市海珠区洛溪桥西侧地块项目建设工程委托设计管理服务合同（BIM部分）,CRCCRE-SJ-XM-2022-046,BIM,,中铁房地产集团华南有限公司,16920.00 ,7.50 ,126900.00 ,,,,,,,,,126900.00 ,,,,,,,BIM-1,合同签订并提交第一版地下车库及地下室BIM模型且经过甲方确认后15个工作日内请款，次月30日前付款。,0.40 ,50760.00 ,50765.00 ,开票,45098.00 ,50765.00 ,45098.00 ,50765.00 ,45098.00 ,50765.00 ,45133.00 ,0.00 ,,,,,,,,,,,,,,,,,,,50765.00 ,,,,,,,,,,,,,,50765.00 ,,,,,,,,,,,,,,,,,,,,
,,,,,,,,,,,,,,,,,,,,,,,,,,,,BIM-2,乙方根据甲方优化后的施工图纸提交BIM咨询优化报告、完成BIM咨询范围的交底工作且经过甲方确认后15个工作日内请款，次月30日前付款。,0.55 ,69795.00 ,69795.00 ,开票,45098.00 ,69795.00 ,45098.00 ,69795.00 ,45098.00 ,69795.00 ,45133.00 ,0.00 ,,,,,,,,,,,,,,,,,,,69795.00 ,,,,,,,,,,,,,,69795.00 ,,,,,,,,,,,,,,,,,,,,
,,,,,,,,,,,,,,,,,,,,,,,,,,,,BIM-3,乙方根据施工进度提交设计变更的BIM模型更改至竣工验收完成，按照《建设工程规划许可证》地下建筑面积进行结算后15个工作日内请款，次月30日前付款。,0.05 ,6345.00 ,0.00 ,,,,,,,0.00 ,,0.00 ,,,,,,,,,,,,,,,,,,,,,,,,,,,,,,,,,,,,,,,,,,,,,,,,,,,,,
,,44923.00 ,广州海珠洛溪桥项目（西派粤府）,CRCCRE-DC-XM-2022-026,广州市海珠区洛溪桥西侧地块项目建设工程委托设计管理服务合同（咨询部分）,CRCCRE-SJ-XM-2022-046,咨询,,中铁房地产集团华南有限公司,60712.20 ,,424985.40 ,,,,,,,,424985.40 ,,,,,,,,咨询-1,合同签订且乙方开展设计咨询工作并提供设计咨询优化意见后15个工作日内请款，次月30日前付款。,0.20 ,84997.08 ,84997.08 ,产值确认单,44930.00 ,84997.08 ,44930.00 ,84997.08 ,44930.00 ,84997.08 ,44939.00 ,0.00 ,,,,,,,,,,,,,,,,,,84997.08 ,,,,,,,,,,,,,,84997.08 ,,,,,,,,,,,,,,,,,,,,,
,,,,,,,,,,,,,,,,,,,,,,,,,,,,咨询-2,本项目取得《建设工程规划许可证》后15个工作日内请款，次月30日前付款。,0.60 ,254991.24 ,254991.24 ,开票,45098.00 ,254991.24 ,45098.00 ,254991.24 ,45098.00 ,254991.24 ,45133.00 ,0.00 ,,,,,,,,,,,,,,,,,,254991.24 ,,,,,,,,,,,,,,254991.24 ,,,,,,,,,,,,,,,,,,,,,
,,,,,,,,,,,,,,,,,,,,,,,,,,,,咨询-3,提交最终版设计咨询总结报告后15个工作日内请款，次月30日前付款。,0.20 ,84997.08 ,72365.72 ,产值确认单,45287.00 ,72365.72 ,45286.00 ,72365.72 ,45526.00 ,72365.72 ,45586.00 ,0.00 ,,,,,,,,,,,,,,,,,,72365.72 ,,,,,,,,,,,,,,72365.72 ,,,,,,,,,,,,,,,,,,,,,
,,44923.00 ,广州海珠洛溪桥项目（西派粤府）,CRCCRE-DC-XM-2022-026,广州市海珠区洛溪桥西侧地块项目建设工程委托设计管理服务合同（管理费部分）,CRCCRE-SJ-XM-2022-046,管理费,,中铁房地产集团华南有限公司,60712.20 ,,250000.00 ,,,,250000.00 ,,,,,,,,,,,,管理-1,合同签订且乙方开展设计管理工作后15个工作日内请款，次月30日前付款。,0.50 ,125000.00 ,125000.00 ,产值确认单,44930.00 ,125000.00 ,44930.00 ,125000.00 ,44930.00 ,125000.00 ,44939.00 ,0.00 ,补华南可研（东莞松山湖地块；广东番禺港航局旧厂改造项目；佛山规字第01-05-17、规字第01-05-27、规字第01-05-29、规字第01-06-21、规字第01-06-26地块项目；深圳北站02-01地块项目；东莞南城2022年003地块项目；深圳宝安区A208-0991地块项目）,,,,,,,,,,,,,125000.00 ,,,,,,,,,,,,,,125000.00 ,,,,,,,,,,,,,,,,,,,,,,,,,
,,,,,,,,,,,,,,,,,,,,,,,,,,,,管理-2,本项目取得施工图审查合格通知书后15个工作日内请款，次月30日前付款。,0.45 ,112500.00 ,112500.00 ,开票,45098.00 ,112500.00 ,45098.00 ,112500.00 ,45098.00 ,112500.00 ,45133.00 ,0.00 ,,,,,,,,,,,,,,112500.00 ,,,,,,,,,,,,,,112500.00 ,,,,,,,,,,,,,,,,,,,,,,,,,
,,,,,,,,,,,,,,,,,,,,,,,,,,,,管理-3,工程竣工验收合格，本合同办理完成结算后15个工作日内请款，次月30日前付款。,0.05 ,12500.00 ,0.00 ,,,,,,,0.00 ,,0.00 ,,,,,,,,,,,,,,,,,,,,,,,,,,,,,,,,,,,,,,,,,,,,,,,,,,,,,
,华南,44926.00 ,华南可研（完成）,,可研方案设计合同,CRCCRE-SJ-CZ-2022-025,可研,,广州市龙光骏绅房地产有限公司,,,160000.00 ,,,,160000.00 ,,,,,,,,,,,,可研-1,完成以下项目可研方案设计工作,1.00 ,160000.00 ,160000.00 ,产值确认单,44922.00 ,160000.00 ,44922.00 ,160000.00 ,44980.00 ,160000.00 ,45042.00 ,0.00 ,"广州花都大陵北项目1万；广州白云地块项目1万；
深圳上塘03-02地块项目4万；广州白云区太和站项目4万；广州朱村地块4万；广州夏茅地块1万；广州海珠区广一电商园南侧地块项目1万",,,,,,,,,,,,,160000.00 ,,,,,,,,,,,,,,160000.00 ,,,,,,,,,,,,,,,,,,,,,,,,,
52,华南,44049.00 ,江门总部基地（住宅地块）方案部分,CRCCRE-DC-XM-2020-066,中铁建江门总部基地项目（住宅地块）工程设计委托管理服务合同,CRCCRE-SJ-XM-2020-009,方案部分（外委）,,江门江湾南光投资发展有限公司,总建面352998.7,"（外委）总图方案539549
（元/项）地上14.6/平；地下8/平；
（综合单价：14.67元/平）",5177421.88 ,,,,,,,,,,,,,,5177421.88 ,项目管理中心：5177421.88,方案-1,7.2表中序号1~3项含税单价明确后15个工作日内请款，次月25日内付款,0.20 ,1035484.38 ,621290.63 ,产值确认单,44127.00 ,1035483.38 ,44127.00 ,1035484.38 ,44138.00 ,517742.19 ,44176.00 ,103548.44 ,合并请款,,,,5177421.89 ,4659679.70 ,4659679.70 ,-0.01 ,517742.19 ,0.00 ,,,,,,,,,,,,,,621290.63 ,,,,,,,,,,,,,,517742.19 ,直接委托,呈批OA及合同起草线下,,,,,,,,,,,,,
,,,,,,,,,,,,,,,,,,,,,,,,,,,,,,,,414193.75 ,,,,,,,517742.19 ,44229.00 ,-103548.44 ,,,,,,,,,,,,,,,,,,,,,,,,414193.75 ,,,,,,,,,,,,,,517742.19 ,,,,,,,,,,,,,,,
,,,,,,,,,,,,,,,,,,,,,,,,,,,,方案-2,取得《规划许可证》之日起15个工作日内请款，次月25日内付款,0.70 ,3624195.32 ,2174517.19 ,产值确认单,44182.00 ,2174517.19 ,44182.00 ,2174517.19 ,44182.00 ,2174517.19 ,44279.00 ,0.00 ,一期60%,,,,,,,,,,,,,,,,,,,,,,,2174517.19 ,,,,,,,,,,,,,,2174517.19 ,,,,,,,,,,,,,,,
,,,,,,,,,,,,,,,,,,,,,,,,,,,,,,,,1449678.13 ,产值确认单,44364.00 ,1449678.13 ,44364.00 ,1449678.13 ,44365.00 ,1449678.13 ,44384.00 ,0.00 ,二期40%,,,,,,,,,,,,,,,,,,,,,,,1449678.13 ,,,,,,,,,,,,,,1449678.13 ,,,,,,,,,,,,,,,
,,,,,,,,,,,,,,,,,,,,,,,,,,,,方案-3,竣工验收完成后15个工作日内请款，按照《规划许可证》总建筑面积进行结算，次月25日内付款,0.10 ,517742.19 ,310645.31 ,产值确认单,,,,,,0.00 ,,310645.31 ,,,,,,,,,,,,,,,,,,,,,,,,310645.31 ,,,,,,,,,,,,,,,,,,,,,,,,,,,,,
,,,,,,,,,,,,,,,,,,,,,,,,,,,,,,,,207096.88 ,预估,,,,,,0.00 ,,207096.88 ,,,,,,,,,,,,,,,,,,,,,,,,207096.88 ,,,,,,,,,,,,,,,,,,,,,,,,,,,,,
,,44049.00 ,江门总部基地（住宅地块）施工图部分,CRCCRE-DC-XM-2020-066,中铁建江门总部基地项目（住宅地块）工程设计委托管理服务合同,CRCCRE-SJ-XM-2020-009,施工图部分（外委）,,江门江湾南光投资发展有限公司,352998.70 ,"（外委）住宅地上15/平；幼儿园商业及配套18/平；非人防18/平；人防配合8/平；
（综合单价：15.27元/平）",5391426.80 ,,,,,,,,,,,,,,5391426.80 ,项目管理中心：5391426.80,施工图-1,7.2表中序号4~7项含税单价明确后15个工作日内请款，次月25日内付款,0.20 ,1078285.36 ,646971.22 ,产值确认单,44127.00 ,1078285.36 ,44127.00 ,1078285.36 ,44138.00 ,539142.68 ,44176.00 ,107828.54 ,合并请款,,,,3666170.23 ,3342684.62 ,3342684.62 ,1725256.57 ,323485.61 ,0.00 ,,,,,,,,,,,,,,646971.22 ,,,,,,,,,,,,,,539142.68 ,,,,,,,,,,,,,,,
,,,,,,,,,,,,,,,,,,,,,,,,,,,,,,,,431314.14 ,,,,,,,539142.68 ,44229.00 ,-107828.54 ,,,,,,,,,,,,,,,,,,,,,,,,431314.14 ,,,,,,,,,,,,,,539142.68 ,,,,,,,,,,,,,,,
,,,,,,,,,,,,,,,,,,,,,,,,,,,,施工图-2,全部施工图设计成果完成并通过相关政府部门审批，并获取施工图审查合格证后15个工作日内请款，次月25日内付款,0.60 ,3234856.08 ,1940913.65 ,产值确认单,44182.00 ,1940913.65 ,44182.00 ,1940913.65 ,44182.00 ,1940913.65 ,44279.00 ,0.00 ,一期60%,,,,,,,,,,,,,,,,,,,,,,,1940913.65 ,,,,,,,,,,,,,,1940913.65 ,,,,,,,,,,,,,,,
,,,,,,,,,,,,,,,,,,,,,,,,,,,,,,,,0.00 ,,,,,,,0.00 ,,0.00 ,二期40%,,,,,,,,,,,,,,,,,,,,,,,,,,,,,,,,,,,,,,,,,,,,,,,,,,,,
,,,,,,,,,,,,,,,,,,,,,,,,,,,,施工图-3,结构封顶后15个工作日内请款，次月25日内付款,0.10 ,539142.68 ,323485.61 ,产值确认单,44909.00 ,323485.61 ,44909.00 ,323485.61 ,44909.00 ,323485.61 ,44945.00 ,0.00 ,,,,,,,,,,,,,,,,,,,,,,,,323485.61 ,,,,,,,,,,,,,,323485.61 ,,,,,,,,,,,,,,,
,,,,,,,,,,,,,,,,,,,,,,,,,,,,,,,,0.00 ,,,,,,,0.00 ,,0.00 ,,,,,,,,,,,,,,,,,,,,,,,,,,,,,,,,,,,,,,,,,,,,,,,,,,,,,
,,,,,,,,,,,,,,,,,,,,,,,,,,,,施工图-4,竣工验收完成后15个工作日内请款，按照《规划许可证》总建筑面积进行结算，次月25日内付款,0.10 ,539142.68 ,323485.61 ,产值确认单,,,,,,0.00 ,,323485.61 ,,,,,,,,,,,,,,,,,,,,,,,,323485.61 ,,,,,,,,,,,,,,,,,,,,,,,,,,,,,
,,,,,,,,,,,,,,,,,,,,,,,,,,,,,,,,0.00 ,,,,,,,0.00 ,,0.00 ,,,,,,,,,,,,,,,,,,,,,,,,,,,,,,,,,,,,,,,,,,,,,,,,,,,,,
,,44049.00 ,江门总部基地（住宅地块）咨询部分,CRCCRE-DC-XM-2020-066,中铁建江门总部基地项目（住宅地块）工程设计委托管理服务合同,CRCCRE-SJ-XM-2020-009,咨询,,江门江湾南光投资发展有限公司,352998.70 ,咨询：4.5元/㎡；管理费2元/㎡,2294491.55 ,,,,,,,,1588494.15 ,,,,,,705997.40 ,/,咨询-1,本合同签订后十五个工作日内请款，次月25日内付款,0.20 ,458898.31 ,275338.99 ,产值确认单,44127.00 ,458898.31 ,44127.00 ,458898.31 ,44138.00 ,229449.16 ,44176.00 ,45889.83 ,一期二期合并请款（已全部计入咨询，后续产值须归还项目管理中心）,,,,1927372.90 ,1927372.90 ,1927372.90 ,367118.65 ,0.00 ,0.00 ,,,,,,,,275338.99 ,,,,,,,,,,,,,,229449.16 ,,,,,,,,,,,,,,,,,,,,,
,,,,,,,,,,,,,,,,,,,,,,,,,,,,,,,,183559.32 ,,,,,,,229449.15 ,44229.00 ,-45889.83 ,,,,,,,,,,,,,,,,,,183559.32 ,,,,,,,,,,,,,,229449.15 ,,,,,,,,,,,,,,,,,,,,,
,,,,,,,,,,,,,,,,,,,,,,,,,,,,咨询-2,取得《规划许可证》之日起15个工作日内请款，次月25日内付款,0.40 ,917796.62 ,550677.97 ,产值确认单,44182.00 ,550677.97 ,44182.00 ,550677.97 ,44182.00 ,550677.97 ,44279.00 ,0.00 ,一期60%（已全部计入咨询，后续产值须归还项目管理中心）,,,,,,,,,,,,,,,,,550677.97 ,,,,,,,,,,,,,,550677.97 ,,,,,,,,,,,,,,,,,,,,,
,,,,,,,,,,,,,,,,,,,,,,,,,,,,,,,,367118.65 ,产值确认单,44457.00 ,367118.65 ,44457.00 ,367118.65 ,44457.00 ,367118.65 ,44468.00 ,0.00 ,二期40%（产值归还项目管理中心）,,,,,,,,,,,,,,,,,,,,,,,367118.65 ,,,,,,,,,,,,,,367118.65 ,,,,,,,,,,,,,,,
,,,,,,,,,,,,,,,,,,,,,,,,,,,,咨询-3,全部施工图设计成果完成并通过相关政府部门审批，并获取施工图审查合格证后15个工作日内请款，按照《规划许可证》总建筑面积进行结算，次月25日内付款,0.40 ,917796.62 ,550677.97 ,产值确认单,44182.00 ,550677.97 ,44182.00 ,550677.97 ,44182.00 ,550677.97 ,44279.00 ,0.00 ,一期60%（已全部计入咨询，后续产值须归还项目管理中心）,,,,,,,,,,,,,,,,,550677.97 ,,,,,,,,,,,,,,550677.97 ,,,,,,,,,,,,,,,,,,,,,
,,,,,,,,,,,,,,,,,,,,,,,,,,,,,,,,0.00 ,预估,,,,,,0.00 ,,0.00 ,二期40%（产值归还项目管理中心，咨询工作室余28239.9,,,,,,,,,,,,,,,,,,,,,,,,,,,,,,,,,,,,,,,,,,,,,,,,,,,,
,华南,45275.00 ,江门总部基地（住宅地块）,CRCCRE-DC-XM-2020-066,中铁建江门总部基地项目（住宅地块）工程设计委托管理服务合同补充协议（二）,CRCCRE-SJ-XM-2020-009-B2,BIM,,江门江湾南光投资发展有限公司,352998.70 ,BIM多维汇报8万/项,80000.00 ,,,,,,,,,80000.00 ,,,,,,,1.00 ,乙方提交本项目BIM多维方案汇报成果，配合甲方完成投后方案汇报工作及政府行政部门规划调整审批会通过后一次性支付本补充协议金额的100%,1.00 ,80000.00 ,80000.00 ,产值确认单,45281.00 ,80000.00 ,45281.00 ,,,80000.00 ,,0.00 ,,,,,,,,,,,,,,,,,,,80000.00 ,,,,,,,,,,,,,,80000.00 ,,,,,,,,,,,,,,,,,,,,
53,华南,44049.00 ,江门总部基地（商办地块）方案部分,CRCCRE-DC-XM-2020-084,中铁建江门总部基地项目（商办地块）工程设计委托管理服务合同,CRCCRE-SJ-XM-2020-014,方案部分（外委）,,江门江湾南光投资发展有限公司,349747.70 ,（外委）综合单价：24.56元/平,8590787.00 ,,,,,,,,,,,,,,8590787.00 ,项目管理中心：8590708,方案-1,7.2表中序号1~9项含税单价明确后十五个工作日内请款，次月25日内付款,0.20 ,1718157.40 ,1718157.40 ,产值确认单,44188.00 ,1718157.40 ,44188.00 ,1718157.40 ,44217.00 ,1718157.40 ,44295.00 ,0.00 ,项目管理中心产值部分切分673000归还工程中心贵安国际数字文化产业园二期项目产值,,,,3499066.22 ,3499066.22 ,3499066.22 ,-3499066.22 ,0.00 ,0.00 ,,,,,,673000.00 ,,,,,,,,1045157.40 ,,,,,,673000.00 ,,,,,,,,1045157.40 ,直委,线下,,,,,,,,,,,,,
,,,,,,,,,,,,,,,,,,,,,,,,,,,,,,,,,,,,,,,,,,,,,,,,,,,,,,,,,,,,,,,,,,,,,,,,,,,,,,,,,,,,,,,,,,,,,,
,,,,,,,,,,,,,,,,,,,,,,,,,,,,方案-2,取得《规划许可证》之日起15个工作日内请款，次月25日内付款,0.70 ,6013550.90 ,1780908.82 ,产值确认单,44305.00 ,1780908.82 ,44305.00 ,1780908.82 ,44305.00 ,1780908.82 ,44315.00 ,0.00 ,,,,,,,,,,,,,,,,,,,,,,,,1780908.82 ,,,,,,,,,,,,,,1780908.82 ,,,,,,,,,,,,,,,
,,,,,,,,,,,,,,,,,,,,,,,,,,,,,,,,0.00 ,,,,,,,0.00 ,,0.00 ,,,,,,,,,,,,,,,,,,,,,,,,,,,,,,,,,,,,,,,,,,,,,,,,,,,,,
,,,,,,,,,,,,,,,,,,,,,,,,,,,,方案-3,竣工验收完成后15个工作日内请款，按照《规划许可证》总建筑面积进行结算，次月25日内付款,0.10 ,859078.70 ,0.00 ,,,,,,,0.00 ,,0.00 ,,,,,,,,,,,,,,,,,,,,,,,,,,,,,,,,,,,,,,,,,,,,,,,,,,,,,
,,,,,,,,,,,,,,,,,,,,,,,,,,,,,,,,0.00 ,,,,,,,0.00 ,,0.00 ,,,,,,,,,,,,,,,,,,,,,,,,,,,,,,,,,,,,,,,,,,,,,,,,,,,,,
,,44049.00 ,江门总部基地（商办地块）施工图部分,CRCCRE-DC-XM-2020-084,中铁建江门总部基地项目（商办地块）工程设计委托管理服务合同,CRCCRE-SJ-XM-2020-014,施工图部分（公寓部分自揽，其余外委）,,江门江湾南光投资发展有限公司,349747.70 ,"综合单价：30.14元/平；
其中工程自揽公寓部分施工图29元/平",10540287.90 ,,,,,,4510950.00 ,,,,,,,,6029337.90 ,项目管理中心：6029337.9,施工图-1,7.2表中序号10~19项含税单价明确后十五个工作日内请款，次月25日内付款,0.20 ,2108057.58 ,625522.95 ,产值确认单,44188.00 ,625522.95 ,44188.00 ,625522.95 ,44217.00 ,625522.95 ,44295.00 ,0.00 ,一期,,,,2908908.93 ,2908908.93 ,88610.00 ,7631378.97 ,0.00 ,2820298.93 ,,,,,,293794.30 ,,,,,,,,331728.65 ,,,,,,293794.30 ,,,,,,,,331728.65 ,,,,,,,,,,,,,,,
,,,,,,,,,,,,,,,,,,,,,,,,,,,,,,,,0.00 ,,,,,,,0.00 ,,0.00 ,,,,,,,,,,,,,,,,,,,,,,,,,,,,,,,,,,,,,,,,,,,,,,,,,,,,,
,,,,,,,,,,,,,,,,,,,,,,,,,,,,施工图-2,全部施工图设计成果完成并通过相关政府部门审批，并获取施工图审查合格证后15个工作日内请款，次月25日内付款,0.60 ,6324172.74 ,1871387.31 ,产值确认单,44305.00 ,1871387.31 ,44305.00 ,1871387.31 ,44305.00 ,1871387.31 ,44315.00 ,0.00 ,,,,,,,,,,,,,,,,794536.72 ,,88281.86 ,,,,,,988568.73 ,,,,,,794536.72 ,,88281.86 ,,,,,,988568.73 ,,,,,,,,,,,,,,,
,,,,,,,,,,,,,,,,,,,,,,,,,,,,,,,,0.00 ,,,,,,,0.00 ,,0.00 ,,,,,,,,,,,,,,,,,,,,,,,,,,,,,,,,,,,,,,,,,,,,,,,,,,,,,
,,,,,,,,,,,,,,,,,,,,,,,,,,,,施工图-3,结构封顶后15个工作日内请款，次月25日内付款,0.10 ,1054028.79 ,293947.99 ,产值确认单,45279.00 ,293947.99 ,45279.00 ,293947.99 ,45447.00 ,293947.99 ,,0.00 ,一期B1地块结构封顶+竣工验收,,,,,,,,,,,,,,,293947.99 ,,,,,,,,,,,,,,293947.99 ,,,,,,,,,,,293947.99 ,0.00 ,,,,,,,,,,,
,,,,,,,,,,,,,,,,,,,,,,,,,,,,,,,,0.00 ,,,,,,,0.00 ,,0.00 ,,,,,,,,,,,,,,,,,,,,,,,,,,,,,,,,,,,,,,,,,,,,,,,,,,,,,
,,,,,,,,,,,,,,,,,,,,,,,,,,,,施工图-4,竣工验收完成后15个工作日内请款，按照《规划许可证》总建筑面积进行结算，次月25日内付款,0.10 ,1054028.79 ,118050.68 ,产值确认单,45447.00 ,118050.68 ,45447.00 ,118050.68 ,45447.00 ,118050.68 ,,0.00 ,,,,,,,,,,,,,,,,,,,,,,,,118050.68 ,,,,,,,,,,,,,,118050.68 ,,,,,,,,,,,,,,,
,,,,,,,,,,,,,,,,,,,,,,,,,,,,,,,,0.00 ,,,,,,,0.00 ,,0.00 ,,,,,,,,,,,,,,,,,,,,,,,,,,,,,,,,,,,,,,,,,,,,,,,,,,,,,
,,44049.00 ,江门总部基地（商办地块）咨询部分,CRCCRE-DC-XM-2020-084,中铁建江门总部基地项目（商办地块）工程设计委托管理服务合同,CRCCRE-SJ-XM-2020-014,咨询,,江门江湾南光投资发展有限公司,349747.70 ,公寓部分方案咨询1元/㎡，除公寓部分全过程咨询5.5元/㎡；管理费公寓部分2元/㎡，除公寓部分2.5元/㎡,2020231.60 ,,,,,,,,1223637.35 ,,,,,,796594.25 ,,咨询-1,7.2表中序号1~19项含税单价明确后十五个工作日内请款，次月25日内付款,0.20 ,404046.32 ,404046.32 ,产值确认单,44188.00 ,404046.32 ,44188.00 ,404046.32 ,44217.00 ,404046.32 ,44295.00 ,0.00 ,,,,,730048.96 ,730048.96 ,730048.96 ,1290182.64 ,0.00 ,0.00 ,,,,,,,,244727.47 ,,,,,,159318.85 ,,,,,,,,244727.47 ,,,,,,159318.85 ,,,,,,,,,,,,,,,
,,,,,,,,,,,,,,,,,,,,,,,,,,,,,,,,,,,,,,,,,,,,,,,,,,,,,,,,,,,,,,,,,,,,,,,,,,,,,,,,,,,,,,,,,,,,,,
,,,,,,,,,,,,,,,,,,,,,,,,,,,,咨询-2,取得《规划许可证》之日起15个工作日内请款，次月25日内付款,0.40 ,808092.64 ,163001.32 ,产值确认单,44305.00 ,163001.32 ,44305.00 ,163001.32 ,44305.00 ,163001.32 ,44315.00 ,0.00 ,,,,,,,,,,,,,,,,,,90500.31 ,,,,,,72501.01 ,,,,,,,,90500.31 ,,,,,,72501.01 ,,,,,,,,,,,,,,,
,,,,,,,,,,,,,,,,,,,,,,,,,,,,,,,,0.00 ,,,,,,,0.00 ,,0.00 ,,,,,,,,,,,,,,,,,,,,,,,,,,,,,,,,,,,,,,,,,,,,,,,,,,,,,
,,,,,,,,,,,,,,,,,,,,,,,,,,,,咨询-3,全部施工图设计成果完成并通过相关政府部门审批，并获取施工图审查合格证后15个工作日内请款，按照《规划许可证》总建筑面积进行结算，次月25日内付款,0.40 ,808092.64 ,163001.32 ,产值确认单,44305.00 ,163001.32 ,44305.00 ,163001.32 ,44305.00 ,163001.32 ,44315.00 ,0.00 ,,,,,,,,,,,,,,,,,,90500.31 ,,,,,,72501.01 ,,,,,,,,90500.31 ,,,,,,72501.01 ,,,,,,,,,,,,,,,
,,,,,,,,,,,,,,,,,,,,,,,,,,,,,,,,0.00 ,,,,,,,0.00 ,,0.00 ,,,,,,,,,,,,,,,,,,,,,,,,,,,,,,,,,,,,,,,,,,,,,,,,,,,,,
,,44545.00 ,江门总部基地（商办地块）补充协议二（铝模）,CRCCRE-DC-XM-2020-084,中铁建江门总部基地项目（商办地块）工程设计委托管理服务合同补充协议（二）,CRCCRE-SJ-XM-2020-014-B2,施工图,,江门江湾南光投资发展有限公司,,,224475.26 ,,,,,,224475.26 ,,,,,,,,,,铝模-1,乙方提交本次变更的全部施工图设计成果并经甲方确认后15个工作日内请款，次月25日内付款,0.40 ,89790.10 ,89790.10 ,产值确认单,44636.00 ,89790.10 ,44636.00 ,89790.10 ,44636.00 ,89790.10 ,44648.00 ,0.00 ,,,,,,,,,,,,,,,,89790.10 ,,,,,,,,,,,,,,89790.10 ,,,,,,,,,,,,,,,,,,,,,,,
,,,,,,,,,,,,,,,,,,,,,,,,,,,,铝模-2,本次变更图纸重新通过相关政府部门审批后15个工作日内请款，次月25日内付款,0.40 ,89790.10 ,89790.10 ,产值确认单,44921.00 ,89790.10 ,44921.00 ,,,89790.10 ,,0.00 ,,,,,,,,,,,,,,,,89790.10 ,,,,,,,,,,,,,,89790.10 ,,,,,,,,,,,,,,,,,,,,,,,
,,,,,,,,,,,,,,,,,,,,,,,,,,,,铝模-3,结构封顶后15个工作日内请款，次月25日内付款,0.10 ,22447.53 ,22447.53 ,产值确认单,45279.00 ,22447.53 ,45279.00 ,,,22447.53 ,,0.00 ,,,,,,,,,,,,,,,,22447.53 ,,,,,,,,,,,,,,22447.53 ,,,,,,,,,,,,,,,,,,,,,,,
,,,,,,,,,,,,,,,,,,,,,,,,,,,,铝模-4,竣工验收完成后15个工作日内请款，次月25日内付款,0.10 ,22447.53 ,22447.53 ,产值确认单,45279.00 ,22447.53 ,45279.00 ,,,22447.53 ,,0.00 ,,,,,,,,,,,,,,,,22447.53 ,,,,,,,,,,,,,,22447.53 ,,,,,,,,,,,,,,,,,,,,,,,
,华南,44263.00 ,江门蓬江区代建学校及社区文化中心项目（范罗冈小学华盛校区项目）方案部分（完结）,CRCCRE-DC-XM-2020-070,范罗冈小学华盛校区项目工程设计及委托管理服务合同,CRCCRE-SJ-XM-2021-002,方案,,江门江湾南光投资发展有限公司,26546.33 ,方案：23元/㎡（实际切分：方案17.1、管理费3、咨询2.9）,610565.66 ,,,,,265596.03 ,155694.23 ,,94637.70 ,,,,,,94637.70 ,,方案-1,提交第一版概念性方案（成果经甲方确认）后15个工作日内请款，次月30日内付款,0.20 ,122113.13 ,122113.12 ,产值确认单,/,122113.12 ,44330.00 ,122113.12 ,44330.00 ,122113.12 ,44344.00 ,0.00 ,,,,,,,,,,,,,,,30528.28 ,30528.28 ,,30528.28 ,,,,,,30528.28 ,,,,,30528.28 ,30528.28 ,,30528.28 ,,,,,,30528.28 ,,,,,,,,,,,,,,,
,,,,,,,,,,,,,,,,,,,,,,,,,,,,方案-2,规划方案调整、修改并通过规划公示之日起15个工作日内请款，次月30日内付款,0.30 ,183169.70 ,427395.91 ,产值确认单,44364.00 ,427395.91 ,44364.00 ,427395.91 ,44370.00 ,427395.91 ,44384.00 ,0.00 ,,,,,,,,,,,,,,,235067.75 ,64109.39 ,,64109.39 ,,,,,,64109.38 ,,,,,235067.75 ,64109.39 ,,64109.39 ,,,,,,64109.38 ,,,,,,,,,,,,,,,
,,,,,,,,,,,,,,,,,,,,,,,,,,,,方案-3,取得《规划许可证》之日起15个工作日内请款，次月30日内付款,0.40 ,244226.26 ,,,,,,,,,,0.00 ,,,,,,,,,,,,,,,,,,,,,,,,,,,,,,,,,,,,,,,,,,,,,,,,,,,,,
,,,,,,,,,,,,,,,,,,,,,,,,,,,,方案-4,竣工验收完成后15个工作日内请款，按照《规划许可证》总建筑面积进行结算，次月30日内付款,0.10 ,61056.57 ,57847.37 ,产值确认单,44921.00 ,57847.37 ,44921.00 ,57847.37 ,44979.00 ,57847.37 ,45072.00 ,0.00 ,,,,,,,,,,,,,,,,57847.37 ,,,,,,,,,,,,,,57847.37 ,,,,,,,,,,,,,,,,,,,,,,,
,,44263.00 ,江门蓬江区代建学校及社区文化中心项目（范罗冈小学华盛校区项目）施工图部分（完结）,CRCCRE-DC-XM-2020-070,范罗冈小学华盛校区项目工程设计及委托管理服务合同,CRCCRE-SJ-XM-2021-002,施工图,,江门江湾南光投资发展有限公司,26546.33 ,施工图：37元/㎡（实际切分：工程34.2、咨询2.8）,982214.21 ,,,,,115599.90 ,771768.60 ,,53223.16 ,,,,,,41622.55 ,,施工图-1,提交招标版施工图（成果经甲方确认）后15个工作日内请款，次月30日内付款,0.20 ,196442.84 ,196442.84 ,产值确认单,44330.00 ,196442.84 ,44330.00 ,196442.84 ,44330.00 ,196442.84 ,44344.00 ,0.00 ,,,,,,,,,,,,,,,49110.71 ,49110.71 ,,49110.71 ,,,,,,49110.71 ,,,,,49110.71 ,49110.71 ,,49110.71 ,,,,,,49110.71 ,,,,,,,,,,,,,,,
,,,,,,,,,,,,,,,,,,,,,,,,,,,,施工图-2,全部施工图设计成果完成并通过相关政府部门审批，并获取施工图审查合格证后15个工作日内请款，次月30日内付款,0.60 ,589328.53 ,589328.53 ,产值确认单,44397.00 ,589328.53 ,44397.00 ,589328.53 ,44397.00 ,589328.53 ,44411.00 ,0.00 ,,,,,,,,,,,,,,,66489.18 ,518726.90 ,,4112.45 ,,,,,,,,,,,66489.18 ,518726.90 ,,4112.45 ,,,,,,,,,,,,,,,,,,,,,
,,,,,,,,,,,,,,,,,,,,,,,,,,,,施工图-3,结构封顶后15个工作日内请款，次月30日内付款,0.10 ,98221.42 ,98221.43 ,产值确认单,44699.00 ,98221.43 ,44699.00 ,98221.43 ,44699.00 ,98221.42 ,44775.00 ,0.01 ,产值确认单多一分,,,,,,,,,,,,,,,98221.43 ,,,,,,,,,,,,,,98221.42 ,,,,,,,,,,,,,,,,,,,,,,,
,,,,,,,,,,,,,,,,,,,,,,,,,,,,施工图-4,竣工验收完成后15个工作日内请款，按照《规划许可证》总建筑面积进行结算，次月30日内付款,0.10 ,98221.42 ,93058.81 ,产值确认单,44921.00 ,93058.81 ,44921.00 ,93058.81 ,44979.00 ,93058.81 ,45072.00 ,0.00 ,,,,,,,,,,,,,,,,93058.81 ,,,,,,,,,,,,,,93058.81 ,,,,,,,,,,,,,,,,,,,,,,,
,华南,44263.00 ,江门蓬江区代建学校及社区文化中心项目（范罗冈小学华盛校区项目）专项部分（完结）,CRCCRE-DC-XM-2020-070,范罗冈小学华盛校区项目工程设计及委托管理服务合同,CRCCRE-SJ-XM-2021-002,海绵城市,,江门江湾南光投资发展有限公司,26546.33 ,,23394.66 ,,,,,,,,,,,,,,23394.66 ,项目管理中心,海绵-1,本项价格明确并提交此专项工作方案后15个工作日内请款，次月30日内付款,0.20 ,4678.93 ,4678.93 ,产值确认单,44547.00 ,4678.93 ,44547.00 ,4678.93 ,44547.00 ,4678.93 ,44554.00 ,0.00 ,,,,,,,,,,,,,,,,,,,,,,,,4678.93 ,,,,,,,,,,,,,,4678.93 ,,,,,,,,,,,,,,,
,,,,,,,,,,,,,,,,,,,,,,,,,,,,海绵-2,此专项设计成果完成并通过相关政府部门审批，并获取施工图审查合格证后15个工作日内请款，次月30日内付款,0.60 ,14036.80 ,14036.80 ,产值确认单,44568.00 ,14036.80 ,44568.00 ,14036.80 ,44503.00 ,14036.80 ,44582.00 ,0.00 ,,,,,,,,,,,,,,,,,,,,,,,,14036.80 ,,,,,,,,,,,,,,14036.80 ,,,,,,,,,,,,,,,
,,,,,,,,,,,,,,,,,,,,,,,,,,,,海绵-3,竣工验收完成后15个工作日内请款，按照《规划许可证》本项面积进行结算，次月30日内付款,0.20 ,4678.93 ,4678.92 ,产值确认单,44979.00 ,4678.92 ,44979.00 ,4678.92 ,44979.00 ,4678.92 ,45072.00 ,0.00 ,调账少一分（应从工程扣，实际从项管扣）,,,,,,,,,,,,,,,,,,,,,,,4678.92 ,,,,,,,,,,,,,,4678.92 ,,,,,,,,,,,,,,,
,,44263.00 ,,,,,基坑支护,,,,,35000.00 ,,,,,,,,,,,,,,35000.00 ,项目管理中心,基坑-1,本项价格明确并提交此专项工作方案后15个工作日内请款，次月30日内付款,0.20 ,7000.00 ,7000.00 ,产值确认单,44397.00 ,7000.00 ,44397.00 ,7000.00 ,44397.00 ,7000.00 ,44411.00 ,0.00 ,,,,,,,,,,,,,,,,,,,,,,,,7000.00 ,,,,,,,,,,,,,,7000.00 ,,,,,,,,,,,,,,,
,,,,,,,,,,,,,,,,,,,,,,,,,,,,基坑-2,此专项设计成果完成并通过相关政府部门审批，并获取施工图审查合格证后15个工作日内请款，次月30日内付款,0.60 ,21000.00 ,21000.00 ,产值确认单,44397.00 ,21000.00 ,44397.00 ,21000.00 ,44397.00 ,21000.00 ,44411.00 ,0.00 ,,,,,,,,,,,,,,,,,,,,,,,,21000.00 ,,,,,,,,,,,,,,21000.00 ,,,,,,,,,,,,,,,
,,,,,,,,,,,,,,,,,,,,,,,,,,,,基坑-3,竣工验收完成后15个工作日内请款，按照《规划许可证》本项面积进行结算，次月30日内付款,0.20 ,7000.00 ,7000.00 ,产值确认单,44979.00 ,7000.00 ,44979.00 ,7000.00 ,44979.00 ,7000.00 ,45072.00 ,0.00 ,,,,,,,,,,,,,,,,,,,,,,,,7000.00 ,,,,,,,,,,,,,,7000.00 ,,,,,,,,,,,,,,,
,,44263.00 ,,,,,人防,,,,,35283.57 ,,,,,,,,,,,,,,35283.57 ,项目管理中心,人防-1,本项价格明确并提交此专项工作方案后15个工作日内请款，次月30日内付款,0.20 ,7056.71 ,7056.71 ,产值确认单,44397.00 ,7056.71 ,44397.00 ,7056.71 ,44397.00 ,7056.71 ,44411.00 ,0.00 ,,,,,,,,,,,,,,,,,,,,,,,,7056.71 ,,,,,,,,,,,,,,7056.71 ,,,,,,,,,,,,,,,
,,,,,,,,,,,,,,,,,,,,,,,,,,,,人防-2,此专项设计成果完成并通过相关政府部门审批，并获取施工图审查合格证后15个工作日内请款，次月30日内付款,0.60 ,21170.14 ,21170.15 ,产值确认单,44397.00 ,21170.15 ,44397.00 ,21170.15 ,44397.00 ,21170.15 ,44411.00 ,0.00 ,,,,,,,,,,,,,,,,,,,,,,,,21170.15 ,,,,,,,,,,,,,,21170.15 ,,,,,,,,,,,,,,,
,,,,,,,,,,,,,,,,,,,,,,,,,,,,人防-3,竣工验收完成后15个工作日内请款，按照《规划许可证》本项面积进行结算，次月30日内付款,0.20 ,7056.71 ,6955.28 ,产值确认单,44979.00 ,6955.28 ,44979.00 ,6955.28 ,44979.00 ,6955.28 ,45072.00 ,0.00 ,,,,,,,,,,,,,,,,,,,,,,,,6955.28 ,,,,,,,,,,,,,,6955.28 ,,,,,,,,,,,,,,,
,,44263.00 ,,,,,智能化,,,,,79638.99 ,,,,,,,,,,,,,,79638.99 ,项目管理中心,智能化-1,本项价格明确并提交此专项工作方案后15个工作日内请款，次月30日内付款,0.20 ,15927.80 ,15927.80 ,产值确认单,44547.00 ,15927.79 ,44547.00 ,15927.79 ,44547.00 ,15927.80 ,44554.00 ,0.00 ,,,,,,,,,,,,,,,,,,,,,,,,15927.80 ,,,,,,,,,,,,,,15927.80 ,,,,,,,,,,,,,,,
,,,,,,,,,,,,,,,,,,,,,,,,,,,,智能化-2,此专项设计成果完成并通过相关政府部门审批，并获取施工图审查合格证后15个工作日内请款，次月30日内付款,0.60 ,47783.39 ,47783.39 ,产值确认单,44547.00 ,47783.39 ,44547.00 ,47783.39 ,44547.00 ,47783.39 ,44554.00 ,0.00 ,,,,,,,,,,,,,,,,,,,,,,,,47783.39 ,,,,,,,,,,,,,,47783.39 ,,,,,,,,,,,,,,,
,,,,,,,,,,,,,,,,,,,,,,,,,,,,智能化-3,竣工验收完成后15个工作日内请款，按照《规划许可证》本项面积进行结算，次月30日内付款,0.20 ,15927.80 ,15509.21 ,产值确认单,44979.00 ,15509.21 ,44979.00 ,15509.21 ,44979.00 ,15509.21 ,45072.00 ,0.00 ,,,,,,,,,,,,,,,,,,,,,,,,15509.21 ,,,,,,,,,,,,,,15509.21 ,,,,,,,,,,,,,,,
,,44263.00 ,,,,,夜景亮化,,,,,58000.00 ,,,,,,,,,,,,,,58000.00 ,项目管理中心,亮化-1,本项价格明确并提交此专项工作方案后15个工作日内请款，次月30日内付款,0.20 ,11600.00 ,11600.00 ,产值确认单,44425.00 ,11600.00 ,44425.00 ,11600.00 ,44426.00 ,11600.00 ,44439.00 ,0.00 ,,,,,,,,,,,,,,,,,,,,,,,,11600.00 ,,,,,,,,,,,,,,11600.00 ,,,,,,,,,,,,,,,
,,,,,,,,,,,,,,,,,,,,,,,,,,,,亮化-2,此专项设计成果完成并通过相关政府部门审批，并获取施工图审查合格证后15个工作日内请款，次月30日内付款,0.60 ,34800.00 ,34800.00 ,产值确认单,44457.00 ,34800.00 ,44457.00 ,34800.00 ,44457.00 ,34800.00 ,44468.00 ,0.00 ,,,,,,,,,,,,,,,,,,,,,,,,34800.00 ,,,,,,,,,,,,,,34800.00 ,,,,,,,,,,,,,,,
,,,,,,,,,,,,,,,,,,,,,,,,,,,,亮化-3,竣工验收完成后15个工作日内请款，按照《规划许可证》本项面积进行结算，次月30日内付款,0.20 ,11600.00 ,11600.00 ,产值确认单,44979.00 ,11600.00 ,44979.00 ,11600.00 ,44979.00 ,11600.00 ,45072.00 ,0.00 ,,,,,,,,,,,,,,,,,,,,,,,,11600.00 ,,,,,,,,,,,,,,11600.00 ,,,,,,,,,,,,,,,
,,44263.00 ,,,,,市政道路,,,,,50000.00 ,,,,,,,,,,,,,,50000.00 ,项目管理中心,道路-1,本项价格明确并提交此专项工作方案后15个工作日内请款，次月30日内付款,0.20 ,10000.00 ,10000.00 ,产值确认单,44547.00 ,10000.00 ,44547.00 ,10000.00 ,44547.00 ,10000.00 ,44554.00 ,0.00 ,,,,,,,,,,,,,,,,,,,,,,,,10000.00 ,,,,,,,,,,,,,,10000.00 ,,,,,,,,,,,,,,,
,,,,,,,,,,,,,,,,,,,,,,,,,,,,道路-2,此专项设计工作完成并经过甲方确认后15个工作日内请款，次月30日内付款,0.60 ,30000.00 ,30000.00 ,产值确认单,44979.00 ,30000.00 ,44979.00 ,30000.00 ,44979.00 ,30000.00 ,45072.00 ,0.00 ,,,,,,,,,,,,,,,,,,,,,,,,30000.00 ,,,,,,,,,,,,,,30000.00 ,,,,,,,,,,,,,,,
,,,,,,,,,,,,,,,,,,,,,,,,,,,,道路-3,竣工验收完成后15个工作日内请款，按照《规划许可证》本项面积进行结算，次月30日内付款,0.20 ,10000.00 ,10000.00 ,产值确认单,44979.00 ,10000.00 ,44979.00 ,10000.00 ,44979.00 ,10000.00 ,45072.00 ,0.00 ,,,,,,,,,,,,,,,,,,,,,,,,10000.00 ,,,,,,,,,,,,,,10000.00 ,,,,,,,,,,,,,,,
,,44263.00 ,,,,,标识,,,,,79000.00 ,,,,,,,,,,,,,,79000.00 ,项目管理中心,标识-1,本项价格明确并提交此专项工作方案后15个工作日内请款，次月30日内付款,0.20 ,15800.00 ,15800.00 ,产值确认单,44568.00 ,15800.00 ,44568.00 ,15800.00 ,44568.00 ,15800.00 ,44582.00 ,0.00 ,,,,,,,,,,,,,,,,,,,,,,,,15800.00 ,,,,,,,,,,,,,,15800.00 ,,,,,,,,,,,,,,,
,,,,,,,,,,,,,,,,,,,,,,,,,,,,标识-2,此专项设计工作完成并经过甲方确认后15个工作日内请款，次月30日内付款,0.60 ,47400.00 ,47400.00 ,产值确认单,44670.00 ,47400.00 ,44670.00 ,47400.00 ,44670.00 ,47400.00 ,45013.00 ,0.00 ,,,,,,,,,,,,,,,,,,,,,,,,47400.00 ,,,,,,,,,,,,,,47400.00 ,,,,,,,,,,,,,,,
,,,,,,,,,,,,,,,,,,,,,,,,,,,,标识-3,竣工验收完成后15个工作日内请款，按照《规划许可证》本项面积进行结算，次月30日内付款,0.20 ,15800.00 ,15800.00 ,产值确认单,44979.00 ,15800.00 ,44979.00 ,15800.00 ,44979.00 ,15800.00 ,45072.00 ,0.00 ,,,,,,,,,,,,,,,,,,,,,,,,15800.00 ,,,,,,,,,,,,,,15800.00 ,,,,,,,,,,,,,,,
,,44263.00 ,,,,,门窗幕墙,,,,,40000.00 ,,,,,,,,,,,,,,40000.00 ,项目管理中心,门窗幕墙-1,本项价格明确并提交此专项工作方案后15个工作日内请款，次月30日内付款,0.20 ,8000.00 ,8000.00 ,产值确认单,44547.00 ,8000.00 ,44547.00 ,8000.00 ,44547.00 ,8000.00 ,44554.00 ,0.00 ,,,,,,,,,,,,,,,,,,,,,,,,8000.00 ,,,,,,,,,,,,,,8000.00 ,,,,,,,,,,,,,,,
,,,,,,,,,,,,,,,,,,,,,,,,,,,,门窗幕墙-2,此专项设计工作完成并经过甲方确认后15个工作日内请款，次月30日内付款,0.60 ,24000.00 ,24000.00 ,产值确认单,44547.00 ,24000.00 ,44547.00 ,24000.00 ,44547.00 ,24000.00 ,44554.00 ,0.00 ,,,,,,,,,,,,,,,,,,,,,,,,24000.00 ,,,,,,,,,,,,,,24000.00 ,,,,,,,,,,,,,,,
,,,,,,,,,,,,,,,,,,,,,,,,,,,,门窗幕墙-3,竣工验收完成后15个工作日内请款，次月30日内付款,0.20 ,8000.00 ,8000.00 ,产值确认单,44979.00 ,8000.00 ,44979.00 ,8000.00 ,44979.00 ,8000.00 ,45072.00 ,0.00 ,,,,,,,,,,,,,,,,,,,,,,,,8000.00 ,,,,,,,,,,,,,,8000.00 ,,,,,,,,,,,,,,,
,,44263.00 ,,,,,机电二次配合,,,,,53092.66 ,,,,,,53092.66 ,,,,,,,,,,机电-1,本项价格明确并提交此专项工作方案后15个工作日内请款，次月30日内付款,0.20 ,10618.53 ,10618.53 ,产值确认单,44547.00 ,10618.53 ,44547.00 ,10618.53 ,44568.00 ,10618.53 ,44582.00 ,0.00 ,,,,,,,,,,,,,,,,10618.53 ,,,,,,,,,,,,,,10618.53 ,,,,,,,,,,,,,,,,,,,,,,,
,,,,,,,,,,,,,,,,,,,,,,,,,,,,机电-2,此专项设计工作完成并经过甲方确认后15个工作日内请款，次月30日内付款,0.60 ,31855.60 ,31855.60 ,产值确认单,44547.00 ,31855.60 ,44547.00 ,31855.60 ,44568.00 ,31855.60 ,44582.00 ,0.00 ,,,,,,,,,,,,,,,,31855.60 ,,,,,,,,,,,,,,31855.60 ,,,,,,,,,,,,,,,,,,,,,,,
,,,,,,,,,,,,,,,,,,,,,,,,,,,,机电-3,竣工验收完成后15个工作日内请款，按照《规划许可证》本项面积进行结算，次月30日内付款,0.20 ,10618.53 ,10339.47 ,产值确认单,44921.00 ,10339.47 ,44921.00 ,10339.47 ,44979.00 ,10339.47 ,45072.00 ,0.00 ,,,,,,,,,,,,,,,,10339.47 ,,,,,,,,,,,,,,10339.47 ,,,,,,,,,,,,,,,,,,,,,,,
,华南,44263.00 ,江门蓬江区代建学校及社区文化中心项目（滨江学校项目）方案部分,CRCCRE-DC-XM-2020-070,滨江学校项目工程设计及委托管理服务合同,CRCCRE-SJ-XM-2021-001,方案,,江门江湾南光投资发展有限公司,105995.01 ,方案：23元/㎡（实际切分：方案17.1、管理费3、咨询2.9）,2437885.23 ,,,,,1415613.79 ,,,531344.98 ,,,,,,490926.46 ,,方案-1,提交第一版概念性方案（成果经甲方确认）后15个工作日内请款，次月30日内付款,0.20 ,487577.05 ,487577.05 ,产值确认单,44330.00 ,487577.05 ,44330.00 ,487577.05 ,44330.00 ,487577.05 ,44344.00 ,0.00 ,,,,,,,,,,,,,,,121894.26 ,121894.26 ,,121894.26 ,,,,,,121894.27 ,,,,,121894.26 ,121894.26 ,,121894.26 ,,,,,,121894.27 ,,,,,,,,,,,,,,,
,,,,,,,,,,,,,,,,,,,,,,,,,,,,方案-2,规划方案调整、修改并通过规划公示之日起15个工作日内请款，次月30日内付款,0.30 ,731365.57 ,731365.57 ,产值确认单,44364.00 ,731365.57 ,44364.00 ,731365.57 ,44370.00 ,731365.57 ,44377.00 ,0.00 ,,,,,,,,,,,,,,,658229.01 ,,,36568.28 ,,,,,,36568.28 ,,,,,658229.01 ,,,36568.28 ,,,,,,36568.28 ,,,,,,,,,,,,,,,
,,,,,,,,,,,,,,,,,,,,,,,,,,,,方案-3,取得《规划许可证》之日起15个工作日内请款，次月30日内付款,0.40 ,975154.09 ,975154.09 ,产值确认单,44402.00 ,975154.09 ,44397.00 ,975154.09 ,44397.00 ,975154.09 ,44411.00 ,0.00 ,,,,,,,,,,,,,200000.00 ,145000.00 ,48631.78 ,474263.40 ,,107258.91 ,,,,,,,,,200000.00 ,145000.00 ,48631.78 ,474263.40 ,,107258.91 ,,,,,,,,,,,,,,,,,,,,,
,,,,,,,,,,,,,,,,,,,,,,,,,,,,方案-4,竣工验收完成后15个工作日内请款，按照《规划许可证》总建筑面积进行结算，次月30日内付款,0.10 ,243788.52 ,180879.84 ,产值确认单,44921.00 ,180879.84 ,44921.00 ,180879.84 ,45512.00 ,180879.84 ,,0.00 ,,,,,,,,,,,,,,,,131777.42 ,,40893.14 ,,,,,,8209.28 ,,,,,,131777.42 ,,40893.14 ,,,,,,8209.28 ,,,,,,,,,,,,,,,
,,44263.00 ,江门蓬江区代建学校及社区文化中心项目（滨江学校项目）施工图部分,CRCCRE-DC-XM-2020-070,滨江学校项目工程设计及委托管理服务合同,CRCCRE-SJ-XM-2021-001,施工图,,江门江湾南光投资发展有限公司,105995.01 ,施工图：37元/㎡（实际切分：工程34.2、咨询2.8）,3921815.37 ,,,,,,3809639.30 ,,59038.33 ,,,,,,53137.74 ,,施工图-1,提交招标版施工图（成果经甲方确认）后15个工作日内请款，次月30日内付款,0.20 ,784363.07 ,784363.07 ,产值确认单,44330.00 ,784363.07 ,44330.00 ,784363.07 ,44330.00 ,784363.07 ,44344.00 ,0.00 ,,,,,,,,,,,,,,,196090.77 ,196090.77 ,,196090.77 ,,,,,,196090.76 ,,,,,196090.77 ,196090.77 ,,196090.77 ,,,,,,196090.76 ,,,,,,,,,,,,,,,
,,,,,,,,,,,,,,,,,,,,,,,,,,,,施工图-2,全部施工图设计成果完成并通过相关政府部门审批，并获取施工图审查合格证后15个工作日内请款，次月30日内付款,0.60 ,2353089.22 ,2353089.22 ,产值确认单,44489.00 ,2353089.22 ,44489.00 ,2353089.22 ,44489.00 ,2353089.22 ,44554.00 ,0.00 ,其中12月1日回款130万，剩余12月24日回款,,,,,,,,,,,,,,,2162482.43 ,,19648.43 ,,,,,,170958.36 ,,,,,,2162482.43 ,,19648.43 ,,,,,,170958.36 ,,,,,,,,,,,,,,,
,,,,,,,,,,,,,,,,,,,,,,,,,,,,施工图-3,结构封顶后15个工作日内请款，次月30日内付款,0.10 ,392181.54 ,392181.53 ,产值确认单,44889.00 ,392181.53 ,44889.00 ,392181.53 ,44889.00 ,392181.53 ,45013.00 ,0.00 ,,,,,,,,,,,,,,,,337066.06 ,,55115.47 ,,,,,,,,,,,,337066.06 ,,55115.47 ,,,,,,,,,,,,,,,,,,,,,
,,,,,,,,,,,,,,,,,,,,,,,,,,,,施工图-4,竣工验收完成后15个工作日内请款，按照《规划许可证》总建筑面积进行结算，次月30日内付款,0.10 ,392181.54 ,290980.63 ,产值确认单,44921.00 ,290980.63 ,44921.00 ,290980.63 ,45512.00 ,290980.63 ,,0.00 ,,,,,,,,,,,,,,,,290980.63 ,,,,,,,,,,,,,,290980.63 ,,,,,,,,,,,,,,,,,,,,,,,
,华南,44263.00 ,江门蓬江区代建学校及社区文化中心项目（滨江学校项目）专项部分,CRCCRE-DC-XM-2020-070,滨江学校项目工程设计及委托管理服务合同,CRCCRE-SJ-XM-2021-001,海绵城市,,江门江湾南光投资发展有限公司,105995.01 ,,51638.40 ,,,,,,,,,,,,,,51638.40 ,项目管理中心,海绵-1,本项价格明确并提交此专项工作方案后15个工作日内请款，次月30日内付款,0.20 ,10327.68 ,10327.68 ,产值确认单,44547.00 ,10327.68 ,44547.00 ,10327.68 ,44547.00 ,10327.68 ,44554.00 ,0.00 ,,,,,,,,,,,,,,,,,,,,,,,,10327.68 ,,,,,,,,,,,,,,10327.68 ,,,,,,,,,,,,,,,
,,,,,,,,,,,,,,,,,,,,,,,,,,,,海绵-2,此专项设计成果完成并通过相关政府部门审批，并获取施工图审查合格证后15个工作日内请款，次月30日内付款,0.60 ,30983.04 ,30983.04 ,产值确认单,44568.00 ,30983.04 ,44568.00 ,30983.04 ,44568.00 ,30983.04 ,44582.00 ,0.00 ,,,,,,,,,,,,,,,,,,,,,,,,30983.04 ,,,,,,,,,,,,,,30983.04 ,,,,,,,,,,,,,,,
,,,,,,,,,,,,,,,,,,,,,,,,,,,,海绵-3,竣工验收完成后15个工作日内请款，按照《规划许可证》本项面积进行结算，次月30日内付款,0.20 ,10327.68 ,10327.68 ,产值确认单,45287.00 ,10327.68 ,45286.00 ,10327.68 ,45512.00 ,10327.68 ,,0.00 ,,,,,,,,,,,,,,,,,,,,,,,,10327.68 ,,,,,,,,,,,,,,10327.68 ,,,,,,,,,,,,,,,
,,44263.00 ,,,,,基坑支护,,,,,85000.00 ,,,,,,,,,,,,,,85000.00 ,项目管理中心,基坑-1,本项价格明确并提交此专项工作方案后15个工作日内请款，次月30日内付款,0.20 ,17000.00 ,17000.00 ,产值确认单,44425.00 ,17000.00 ,44426.00 ,17000.00 ,44426.00 ,17000.00 ,44439.00 ,0.00 ,,,,,,,,,,,,,,,,,,,,,,,,17000.00 ,,,,,,,,,,,,,,17000.00 ,,,,,,,,,,,,,,,
,,,,,,,,,,,,,,,,,,,,,,,,,,,,基坑-2,此专项设计成果完成并通过相关政府部门审批，并获取施工图审查合格证后15个工作日内请款，次月30日内付款,0.60 ,51000.00 ,51000.00 ,产值确认单,44425.00 ,51000.00 ,44426.00 ,51000.00 ,44426.00 ,51000.00 ,44439.00 ,0.00 ,,,,,,,,,,,,,,,,,,,,,,,,51000.00 ,,,,,,,,,,,,,,51000.00 ,,,,,,,,,,,,,,,
,,,,,,,,,,,,,,,,,,,,,,,,,,,,基坑-3,竣工验收完成后15个工作日内请款，按照《规划许可证》本项面积进行结算，次月30日内付款,0.20 ,17000.00 ,17000.00 ,产值确认单,45287.00 ,17000.00 ,45286.00 ,17000.00 ,45512.00 ,17000.00 ,,0.00 ,,,,,,,,,,,,,,,,,,,,,,,,17000.00 ,,,,,,,,,,,,,,17000.00 ,,,,,,,,,,,,,,,
,,44666.00 ,,,,,"基坑支护
（补充协议）",,,,,30000.00 ,,,,,,,,,,,,,,30000.00 ,项目管理中心,基坑补-1,乙方提交本补充协议约定的专项工作方案后,0.20 ,4000.00 ,4000.00 ,产值确认单,44699.00 ,4000.00 ,44699.00 ,4000.00 ,44699.00 ,4000.00 ,44757.00 ,0.00 ,,,,,,,,,,,,,,,,,,,,,,,,4000.00 ,,,,,,,,,,,,,,4000.00 ,,,,,,,,,,,,,,,
,,,,,,,,,,,,,,,,,,,,,,,,,,,,基坑补-2,乙方完成本补充协议约定的专项工作的施工图设计工作，且经施工图审查机构审查通过后,0.60 ,12000.00 ,12000.00 ,产值确认单,44699.00 ,12000.00 ,44699.00 ,12000.00 ,44699.00 ,12000.00 ,44757.00 ,0.00 ,,,,,,,,,,,,,,,,,,,,,,,,12000.00 ,,,,,,,,,,,,,,12000.00 ,,,,,,,,,,,,,,,
,,,,,,,,,,,,,,,,,,,,,,,,,,,,基坑补-2,专家论证费如发生则随节点2一并支付,/,10000.00 ,0.00 ,,,,,,,0.00 ,,,,,,,,,,,,,,,,,,,,,,,,,,,,,,,,,,,,,,,,,,,,,,,,,,,,,,,
,,,,,,,,,,,,,,,,,,,,,,,,,,,,基坑补-3,整体竣工验收完成,0.20 ,4000.00 ,4000.00 ,产值确认单,45287.00 ,4000.00 ,45286.00 ,4000.00 ,45512.00 ,4000.00 ,,,,,,,,,,,,,,,,,,,,,,,,,,4000.00 ,,,,,,,,,,,,,,4000.00 ,,,,,,,,,,,,,,,
,,44263.00 ,,,,,人防,,,,,61914.93 ,,,,,,,,,,,,,,61914.93 ,项目管理中心,人防-1,本项价格明确并提交此专项工作方案后15个工作日内请款，次月30日内付款,0.20 ,12382.99 ,49531.94 ,产值确认单,44457.00 ,49531.94 ,44457.00 ,49531.94 ,44457.00 ,49531.94 ,44468.00 ,0.00 ,,,,,,,,,,,,,,,,,,,,,,,,49531.94 ,,,,,,,,,,,,,,49531.94 ,,,,,,,,,,,,,,,
,,,,,,,,,,,,,,,,,,,,,,,,,,,,人防-2,此专项设计成果完成并通过相关政府部门审批，并获取施工图审查合格证后15个工作日内请款，次月30日内付款,0.60 ,37148.96 ,,,,,,,,,,,,,,,,,,,,,,,,,,,,,,,,,,,,,,,,,,,,,,,,,,,,,,,,,,,,,,,
,,,,,,,,,,,,,,,,,,,,,,,,,,,,人防-3,竣工验收完成后15个工作日内请款，按照《规划许可证》本项面积进行结算，次月30日内付款,0.20 ,12382.99 ,14146.15 ,产值确认单,45287.00 ,14146.15 ,45286.00 ,14146.15 ,45512.00 ,14146.15 ,,0.00 ,,,,,,,,,,,,,,,,,,,,,,,,14146.15 ,,,,,,,,,,,,,,14146.15 ,,,,,,,,,,,,,,,
,,44263.00 ,,,,,智能化,,,,,264987.53 ,,,,,,,,,,,,,,264987.53 ,项目管理中心,智能化-1,本项价格明确并提交此专项工作方案后15个工作日内请款，次月30日内付款,0.20 ,52997.51 ,52997.51 ,产值确认单,44547.00 ,52997.51 ,44547.00 ,52997.51 ,44547.00 ,52997.51 ,44554.00 ,0.00 ,,,,,,,,,,,,,,,,,,,,,,,,52997.51 ,,,,,,,,,,,,,,52997.51 ,,,,,,,,,,,,,,,
,,,,,,,,,,,,,,,,,,,,,,,,,,,,智能化-2,此专项设计成果完成并通过相关政府部门审批，并获取施工图审查合格证后15个工作日内请款，次月30日内付款,0.60 ,158992.52 ,158992.52 ,产值确认单,44568.00 ,158992.52 ,44568.00 ,158992.52 ,44568.00 ,158992.52 ,44582.00 ,0.00 ,,,,,,,,,,,,,,,,,,,,,,,,158992.52 ,,,,,,,,,,,,,,158992.52 ,,,,,,,,,,,,,,,
,,,,,,,,,,,,,,,,,,,,,,,,,,,,智能化-3,竣工验收完成后15个工作日内请款，按照《规划许可证》本项面积进行结算，次月30日内付款,0.20 ,52997.51 ,46159.60 ,产值确认单,45287.00 ,46159.60 ,45286.00 ,46159.60 ,45512.00 ,46159.60 ,,0.00 ,,,,,,,,,,,,,,,,,,,,,,,,46159.60 ,,,,,,,,,,,,,,46159.60 ,,,,,,,,,,,,,,,
,,44263.00 ,,,,,夜景亮化,,,,,128000.00 ,,,,,,,,,,,,,,128000.00 ,项目管理中心,亮化-1,本项价格明确并提交此专项工作方案后15个工作日内请款，次月30日内付款,0.20 ,25600.00 ,25600.00 ,产值确认单,44547.00 ,25600.00 ,44547.00 ,25600.00 ,44547.00 ,25600.00 ,44554.00 ,0.00 ,,,,,,,,,,,,,,,,,,,,,,,,25600.00 ,,,,,,,,,,,,,,25600.00 ,,,,,,,,,,,,,,,
,,,,,,,,,,,,,,,,,,,,,,,,,,,,亮化-2,此专项设计成果完成并通过相关政府部门审批，并获取施工图审查合格证后15个工作日内请款，次月30日内付款,0.60 ,76800.00 ,0.00 ,,,,,,,0.00 ,,0.00 ,合同终止,,,,,,,,,,,,,,,,,,,,,,,,,,,,,,,,,,,,,,,,,,,,,,,,,,,,
,,,,,,,,,,,,,,,,,,,,,,,,,,,,亮化-3,竣工验收完成后15个工作日内请款，按照《规划许可证》本项面积进行结算，次月30日内付款,0.20 ,25600.00 ,0.00 ,,,,,,,0.00 ,,0.00 ,,,,,,,,,,,,,,,,,,,,,,,,,,,,,,,,,,,,,,,,,,,,,,,,,,,,,
,,44263.00 ,,,,,标识,,,,,170000.00 ,,,,,,,,,,,,,,170000.00 ,项目管理中心,标识-1,本项价格明确并提交此专项工作方案后15个工作日内请款，次月30日内付款,0.20 ,34000.00 ,34000.00 ,产值确认单,44568.00 ,34000.00 ,44568.00 ,34000.00 ,44568.00 ,34000.00 ,44582.00 ,0.00 ,,,,,,,,,,,,,,,,,,,,,,,,34000.00 ,,,,,,,,,,,,,,34000.00 ,,,,,,,,,,,,,,,
,,,,,,,,,,,,,,,,,,,,,,,,,,,,标识-2,此专项设计工作完成并经过甲方确认后15个工作日内请款，次月30日内付款,0.60 ,102000.00 ,102000.00 ,产值确认单,44568.00 ,102000.00 ,44568.00 ,102000.00 ,44568.00 ,102000.00 ,44582.00 ,0.00 ,,,,,,,,,,,,,,,,,,,,,,,,102000.00 ,,,,,,,,,,,,,,102000.00 ,,,,,,,,,,,,,,,
,,,,,,,,,,,,,,,,,,,,,,,,,,,,标识-3,竣工验收完成后15个工作日内请款，按照《规划许可证》本项面积进行结算，次月30日内付款,0.20 ,34000.00 ,34000.00 ,产值确认单,45287.00 ,34000.00 ,45286.00 ,34000.00 ,45512.00 ,34000.00 ,,0.00 ,,,,,,,,,,,,,,,,,,,,,,,,34000.00 ,,,,,,,,,,,,,,34000.00 ,,,,,,,,,,,,,,,
,,44263.00 ,,,,,门窗幕墙,,,,,110000.00 ,,,,,,,,,,,,,,110000.00 ,项目管理中心,门窗幕墙-1,本项价格明确并提交此专项工作方案后15个工作日内请款，次月30日内付款,0.20 ,22000.00 ,22000.00 ,产值确认单,44547.00 ,22000.00 ,44547.00 ,22000.00 ,44547.00 ,22000.00 ,44554.00 ,0.00 ,,,,,,,,,,,,,,,,,,,,,,,,22000.00 ,,,,,,,,,,,,,,22000.00 ,,,,,,,,,,,,,,,
,,,,,,,,,,,,,,,,,,,,,,,,,,,,门窗幕墙-2,此专项设计工作完成并经过甲方确认后15个工作日内请款，次月30日内付款,0.60 ,66000.00 ,66000.00 ,产值确认单,44568.00 ,66000.00 ,44568.00 ,66000.00 ,44568.00 ,66000.00 ,44582.00 ,0.00 ,,,,,,,,,,,,,,,,,,,,,,,,66000.00 ,,,,,,,,,,,,,,66000.00 ,,,,,,,,,,,,,,,
,,,,,,,,,,,,,,,,,,,,,,,,,,,,门窗幕墙-3,竣工验收完成后15个工作日内请款，次月30日内付款,0.20 ,22000.00 ,22000.00 ,产值确认单,45287.00 ,22000.00 ,45286.00 ,22000.00 ,45512.00 ,22000.00 ,,0.00 ,,,,,,,,,,,,,,,,,,,,,,,,22000.00 ,,,,,,,,,,,,,,22000.00 ,,,,,,,,,,,,,,,
,,44263.00 ,,,,,机电二次配合,,,,,211990.02 ,,,,,,211990.02 ,,,,,,,,,,机电-1,本项价格明确并提交此专项工作方案后15个工作日内请款，次月30日内付款,0.20 ,42398.00 ,42398.01 ,产值确认单,44547.00 ,42398.01 ,44547.00 ,42398.01 ,44568.00 ,42398.01 ,44582.00 ,0.00 ,,,,,,,,,,,,,,,,42398.01 ,,,,,,,,,,,,,,42398.01 ,,,,,,,,,,,,,,,,,,,,,,,
,,,,,,,,,,,,,,,,,,,,,,,,,,,,机电-2,此专项设计工作完成并经过甲方确认后15个工作日内请款，次月30日内付款,0.60 ,127194.01 ,127194.01 ,产值确认单,44547.00 ,127194.01 ,44547.00 ,127194.01 ,44568.00 ,127194.01 ,44582.00 ,0.00 ,,,,,,,,,,,,,,,,127194.01 ,,,,,,,,,,,,,,127194.01 ,,,,,,,,,,,,,,,,,,,,,,,
,,,,,,,,,,,,,,,,,,,,,,,,,,,,机电-3,竣工验收完成后15个工作日内请款，按照《规划许可证》本项面积进行结算，次月30日内付款,0.20 ,42398.00 ,36927.68 ,产值确认单,44921.00 ,36927.68 ,44921.00 ,36927.68 ,45512.00 ,36927.68 ,,0.00 ,,,,,,,,,,,,,,,,36927.68 ,,,,,,,,,,,,,,36927.68 ,,,,,,,,,,,,,,,,,,,,,,,
,华南,44889.00 ,江门蓬江区代建学校及社区文化中心项目（滨江学校项目）补充协议,CRCCRE-DC-XM-2020-070,滨江学校项目工程设计及委托管理服务合同补充协议（二）,CRCCRE-SJ-XM-2021-001-B2,方案、施工图（补充协议）,,江门江湾南光投资发展有限公司,105995.01 ,,900000.00 ,,,,235980.00 ,,566640.00 ,,27000.00 ,,,,,,70380.00 ,,1.00 ,签订本补充协议后并提交招标版施工图（成果经甲方确认）后15个工作日内请款，次月25日内付款,0.40 ,360000.00 ,360000.00 ,产值确认单,44889.00 ,360000.00 ,44889.00 ,360000.00 ,44889.00 ,360000.00 ,44945.00 ,0.00 ,,,,,,,,,,,,,94392.00 ,,,226656.00 ,,10800.00 ,,,,,,28152.00 ,,,94392.00 ,,,226656.00 ,,10800.00 ,,,,,,28152.00 ,直委,OA,,,,,,,,,,,,,
,,,,,,,,,,,,,,,,,,,,,,,,,,,,2.00 ,所有楼栋结构封顶后15个工作日内请款，次月25日内付款,0.40 ,360000.00 ,360000.00 ,产值确认单,44889.00 ,360000.00 ,44889.00 ,360000.00 ,44889.00 ,360000.00 ,44945.00 ,0.00 ,,,,,,,,,,,,,94392.00 ,,,226656.00 ,,10800.00 ,,,,,,28152.00 ,,,94392.00 ,,,226656.00 ,,10800.00 ,,,,,,28152.00 ,,,,,,,,,,,,,,,
,,,,,,,,,,,,,,,,,,,,,,,,,,,,3.00 ,项目竣工验收后15个工作日内请款，次月25日内付款,0.20 ,180000.00 ,60000.00 ,产值确认单,44921.00 ,60000.00 ,44921.00 ,60000.00 ,45512.00 ,60000.00 ,,,,,,,,,,,,,,,49000.00 ,,,,,11000.00 ,,,,,,,,,49000.00 ,,,,,11000.00 ,,,,,,,,,,,,,,,,,,,,,
,,,,,,,,,,,,,,,,,,,,,,,,,,,,3.00 ,项目竣工验收后15个工作日内请款，次月25日内付款,,,120000.00 ,产值确认单,45287.00 ,120000.00 ,45286.00 ,120000.00 ,45512.00 ,120000.00 ,,0.00 ,,,,,,,,,,,,,,,,120000.00 ,,,,,,,,,,,,,,120000.00 ,,,,,,,,,,,,,,,,,,,,,,,
,华南,44316.00 ,"江门蓬江区代建文化中心项目
方案部分",CRCCRE-DC-XM-2020-070,中铁建代建社区文化中心项目工程设计及委托管理服务合同,CRCCRE-SJ-XM-2021-008,方案,,江门江湾南光投资发展有限公司,48825（地上33825，地下15000）,方案：地上40元/㎡；地下20元/㎡,1653000.00 ,,,,,1496973.35 ,25683.99 ,,64222.66 ,,,,,,66120.00 ,,方案-1,提交第一版概念性方案（成果经甲方确认）后15个工作日内请款，次月30日内付款,0.20 ,330600.00 ,330600.00 ,产值确认单,44364.00 ,330600.00 ,44364.00 ,330600.00 ,44370.00 ,330600.00 ,44377.00 ,0.00 ,,,,,,,,,,,,,,,231420.00 ,,,33060.00 ,,,,,,66120.00 ,,,,,231420.00 ,,,33060.00 ,,,,,,66120.00 ,,,,,,,,,,,,,,,
,,,,,,,,,,,,,,,,,,,,,,,,,,,,方案-2,规划方案调整、修改并通过规划公示之日起15个工作日内请款，次月30日内付款,0.30 ,495900.00 ,300000.00 ,,,,,,,0.00 ,,300000.00 ,,,,,,,,,,,,,,300000.00 ,,,,,,,,,,,,,,,,,,,,,,,,,,,,,,,,,,,,,,,
,,,,,,,,,,,,,,,,,,,,,,,,,,,,方案-3,取得《规划许可证》之日起15个工作日内请款，次月30日内付款,0.40 ,661200.00 ,0.00 ,,,,,,,0.00 ,,0.00 ,,,,,,,,,,,,,,,,,,,,,,,,,,,,,,,,,,,,,,,,,,,,,,,,,,,,,
,,,,,,,,,,,,,,,,,,,,,,,,,,,,方案-4,竣工验收完成后15个工作日内请款，按照《规划许可证》总建筑面积进行结算，次月30日内付款,0.10 ,165300.00 ,0.00 ,,,,,,,0.00 ,,0.00 ,,,,,,,,,,,,,,,,,,,,,,,,,,,,,,,,,,,,,,,,,,,,,,,,,,,,,
,,44316.00 ,"江门蓬江区代建文化中心项目
施工图部分",CRCCRE-DC-XM-2020-070,中铁建代建社区文化中心项目工程设计及委托管理服务合同,CRCCRE-SJ-XM-2021-008,施工图,,江门江湾南光投资发展有限公司,48825（地上33825，地下15000,施工图：地上80元/㎡；地下35元/㎡,3231000.00 ,,,,,,2582867.03 ,,406457.09 ,,,,,,241675.88 ,,施工图-1,提交招标版施工图（成果经甲方确认）后15个工作日内请款，次月30日内付款,0.20 ,646200.00 ,646200.00 ,产值确认单,44889.00 ,646200.00 ,44889.00 ,646200.00 ,44889.00 ,646200.00 ,44945.00 ,0.00 ,,,,,,,,,,,,,,,,576281.16 ,,50532.84 ,,,,,,19386.00 ,,,,,,576281.16 ,,50532.84 ,,,,,,19386.00 ,,,,,,,,,,,,,,,
,,,,,,,,,,,,,,,,,,,,,,,,,,,,施工图-2,全部施工图设计成果完成并通过相关政府部门审批，并获取施工图审查合格证后15个工作日内请款，次月30日内付款,0.60 ,1938600.00 ,1938600.00 ,产值确认单,44921.00 ,1938600.00 ,44921.00 ,1938600.00 ,44965.00 ,969300.00 ,45072.00 ,0.00 ,,,,,,,,,,,,,,,,1745373.48 ,,151598.52 ,,,,,,41628.00 ,,,,,,872686.74 ,,75799.26 ,,,,,,20814.00 ,,,,,,,,,,,,,,,
,,,,,,,,,,,,,,,,,,,,,,,,,,,,,,,,,,,,,,,969300.00 ,45117.00 ,,,,,,,,,,,,,,,,,,,,,,,,,,,,,,,872686.74 ,,75799.26 ,,,,,,20814.00 ,,,,,,,,,,,,,,,
,,,,,,,,,,,,,,,,,,,,,,,,,,,,施工图-3,结构封顶后15个工作日内请款，次月30日内付款,0.10 ,323100.00 ,323100.00 ,预估,,,,,,323100.00 ,,0.00 ,,,,,,,,,,,,,,,,230140.58 ,,83266.42 ,,,,,,9693.00 ,,,,,,230140.58 ,,83266.42 ,,,,,,9693.00 ,,,,,,,,,,,,,,,
,,,,,,,,,,,,,,,,,,,,,,,,,,,,施工图-4,竣工验收完成后15个工作日内请款，按照《规划许可证》总建筑面积进行结算，次月30日内付款,0.10 ,323100.00 ,323100.00 ,预估,,,,,,323100.00 ,,0.00 ,,,,,,,,,,,,,,,,288140.58 ,,25266.42 ,,,,,,9693.00 ,,,,,,288140.58 ,,25266.42 ,,,,,,9693.00 ,,,,,,,,,,,,,,,
,,44302.00 ,"江门蓬江区代建文化中心项目
专项部分",CRCCRE-DC-XM-2020-070,中铁建代建社区文化中心项目工程设计及委托管理服务合同,CRCCRE-SJ-XM-2021-008,基坑支护,,江门江湾南光投资发展有限公司,,总价包干,160000.00 ,,,,,,,,,,,,,,160000.00 ,"项目管理中心
(另有1万专家费，若发生则在尾款支付）",基坑-1,本项价格明确并提交此专项工作方案后15个工作日内请款，次月30日内付款,0.20 ,32000.00 ,32000.00 ,产值确认单,44799.00 ,32000.00 ,44799.00 ,32000.00 ,44083.00 ,32000.00 ,44883.00 ,0.00 ,,,,,,,,,,,,,,,,,,,,,,,,32000.00 ,,,,,,,,,,,,,,32000.00 ,,,,,,,,,,,,,,,
,,,,,,,,,,,,,,,,,,,,,,,,,,,,基坑-2,此专项设计成果完成并通过相关政府部门审批，并获取施工图审查合格证后15个工作日内请款，次月30日内付款,0.60 ,96000.00 ,96000.00 ,产值确认单,44889.00 ,96000.00 ,44889.00 ,96000.00 ,44889.00 ,96000.00 ,44945.00 ,0.00 ,,,,,,,,,,,,,,,,,,,,,,,,96000.00 ,,,,,,,,,,,,,,96000.00 ,,,,,,,,,,,,,,,
,,,,,,,,,,,,,,,,,,,,,,,,,,,,基坑-3,竣工验收完成后15个工作日内请款，按照《规划许可证》本项面积进行结算，次月30日内付款,0.20 ,32000.00 ,32000.00 ,预估,,,,,,32000.00 ,,0.00 ,,,,,,,,,,,,,,,,,,,,,,,,32000.00 ,,,,,,,,,,,,,,32000.00 ,,,,,,,,,,,,,,,
,,,,,,,人防,,,,21/平,287280.00 ,,,,,,,,,,,,,,287280.00 ,项目管理中心,人防-1,本项价格明确并提交此专项工作方案后15个工作日内请款，次月30日内付款,0.20 ,57456.00 ,57546.00 ,产值确认单,44799.00 ,57546.00 ,44799.00 ,57456.00 ,44083.00 ,57456.00 ,44883.00 ,90.00 ,产值确认单多确认90元，下笔请款少确认90,,,,,,,,,,,,,,,,,,,,,,,57546.00 ,,,,,,,,,,,,,,57456.00 ,,,,,,,,,,,,,,,
,,,,,,,,,,,,,,,,,,,,,,,,,,,,人防-2,此专项设计成果完成并通过相关政府部门审批，并获取施工图审查合格证后15个工作日内请款，次月30日内付款,0.60 ,172368.00 ,172368.00 ,产值确认单,45103.00 ,172368.00 ,45103.00 ,172368.00 ,45103.00 ,86184.00 ,45196.00 ,86184.00 ,2023.9.27回一半,,,,,,,,,,,,,,,,,,,,,,,172368.00 ,,,,,,,,,,,,,,86184.00 ,,,,,,,,,,,,,,,
,,,,,,,,,,,,,,,,,,,,,,,,,,,,,,,,,,,,,,,86184.00 ,45379.00 ,-86184.00 ,,,,,,,,,,,,,,,,,,,,,,,,,,,,,,,,,,,,,,86184.00 ,,,,,,,,,,,,,,,
,,,,,,,,,,,,,,,,,,,,,,,,,,,,人防-3,竣工验收完成后15个工作日内请款，按照《规划许可证》本项面积进行结算，次月30日内付款,0.20 ,57456.00 ,57456.00 ,预估,,,,,,57456.00 ,,0.00 ,,,,,,,,,,,,,,,,,,,,,,,,57456.00 ,,,,,,,,,,,,,,57456.00 ,,,,,,,,,,,,,,,
,,,,,,,海绵城市,,,,,27414.00 ,,,,,,,,,,,,,,27414.00 ,项目管理中心,海绵-1,本项价格明确并提交此专项工作方案后15个工作日内请款，次月30日内付款,0.20 ,5482.80 ,5392.80 ,产值确认单,44889.00 ,5392.80 ,44889.00 ,5482.80 ,44889.00 ,5482.80 ,44945.00 ,-90.00 ,产值确认单少确认90，补人防,,,,,,,,,,,,,,,,,,,,,,,5392.80 ,,,,,,,,,,,,,,5482.80 ,,,,,,,,,,,,,,,
,,,,,,,,,,,,,,,,,,,,,,,,,,,,海绵-2,此专项设计成果完成并通过相关政府部门审批，并获取施工图审查合格证后15个工作日内请款，次月30日内付款,0.60 ,16448.40 ,16448.40 ,产值确认单,45287.00 ,16448.40 ,45286.00 ,16448.40 ,45447.00 ,16448.40 ,,0.00 ,,,,,,,,,,,,,,,,,,,,,,,,16448.40 ,,,,,,,,,,,,,,16448.40 ,,,,,,,,,,,,,,,
,,,,,,,,,,,,,,,,,,,,,,,,,,,,海绵-3,竣工验收完成后15个工作日内请款，按照《规划许可证》本项面积进行结算，次月30日内付款,0.20 ,5482.80 ,5482.00 ,预估,,,,,,5482.00 ,,0.00 ,,,,,,,,,,,,,,,,,,,,,,,,5482.00 ,,,,,,,,,,,,,,5482.00 ,,,,,,,,,,,,,,,
,,,,,,,夜景亮化,,,,总价包干,200000.00 ,,,,,,,,,,,,,,200000.00 ,项目管理中心,亮化-1,本项价格明确并提交此专项工作方案后15个工作日内请款，次月30日内付款,0.20 ,40000.00 ,40000.00 ,产值确认单,44889.00 ,40000.00 ,44889.00 ,40000.00 ,44889.00 ,40000.00 ,44945.00 ,0.00 ,,,,,,,,,,,,,,,,,,,,,,,,40000.00 ,,,,,,,,,,,,,,40000.00 ,,,,,,,,,,,,,,,
,,,,,,,,,,,,,,,,,,,,,,,,,,,,亮化-2,此专项设计成果完成并通过相关政府部门审批，并获取施工图审查合格证后15个工作日内请款，次月30日内付款,0.60 ,120000.00 ,120000.00 ,产值确认单,45287.00 ,120000.00 ,45286.00 ,120000.00 ,45447.00 ,120000.00 ,,0.00 ,,,,,,,,,,,,,,,,,,,,,,,,120000.00 ,,,,,,,,,,,,,,120000.00 ,,,,,,,,,,,,,,,
,,,,,,,,,,,,,,,,,,,,,,,,,,,,亮化-3,竣工验收完成后15个工作日内请款，按照《规划许可证》本项面积进行结算，次月30日内付款,0.20 ,40000.00 ,40000.00 ,预估,,,,,,40000.00 ,,0.00 ,,,,,,,,,,,,,,,,,,,,,,,,40000.00 ,,,,,,,,,,,,,,40000.00 ,,,,,,,,,,,,,,,
,,,,,,,智能化,,,,,180000.00 ,,,,,,,,,,,,,,180000.00 ,项目管理中心,智能化-1,本项价格明确并提交此专项工作方案后15个工作日内请款，次月30日内付款,0.20 ,36000.00 ,36000.00 ,产值确认单,44889.00 ,36000.00 ,44889.00 ,36000.00 ,44889.00 ,36000.00 ,44945.00 ,0.00 ,,,,,,,,,,,,,,,,,,,,,,,,36000.00 ,,,,,,,,,,,,,,36000.00 ,,,,,,,,,,,,,,,
,,,,,,,,,,,,,,,,,,,,,,,,,,,,智能化-2,此专项设计成果完成并通过相关政府部门审批，并获取施工图审查合格证后15个工作日内请款，次月30日内付款,0.60 ,108000.00 ,108000.00 ,产值确认单,45287.00 ,108000.00 ,45286.00 ,108000.00 ,45447.00 ,108000.00 ,,0.00 ,,,,,,,,,,,,,,,,,,,,,,,,108000.00 ,,,,,,,,,,,,,,108000.00 ,,,,,,,,,,,,,,,
,,,,,,,,,,,,,,,,,,,,,,,,,,,,智能化-3,竣工验收完成后15个工作日内请款，按照《规划许可证》本项面积进行结算，次月30日内付款,0.20 ,36000.00 ,360000.00 ,预估,,,,,,360000.00 ,,0.00 ,,,,,,,,,,,,,,,,,,,,,,,,360000.00 ,,,,,,,,,,,,,,360000.00 ,,,,,,,,,,,,,,,
,,,,,,,标识,,,,总价包干,100000.00 ,,,,,,,,,,,,,,100000.00 ,项目管理中心,标识-1,本项价格明确并提交此专项工作方案后15个工作日内请款，次月30日内付款,0.20 ,20000.00 ,20000.00 ,产值确认单,45103.00 ,20000.00 ,45103.00 ,20000.00 ,45103.00 ,10000.00 ,45196.00 ,10000.00 ,2023.9.27回一半,,,,,,,,,,,,,,,,,,,,,,,20000.00 ,,,,,,,,,,,,,,10000.00 ,,,,,,,,,,,,,,,
,,,,,,,,,,,,,,,,,,,,,,,,,,,,,,,,,,,,,,,10000.00 ,45379.00 ,-10000.00 ,,,,,,,,,,,,,,,,,,,,,,,,,,,,,,,,,,,,,,10000.00 ,,,,,,,,,,,,,,,
,,,,,,,,,,,,,,,,,,,,,,,,,,,,标识-2,此专项设计成果完成并通过相关政府部门审批，并获取施工图审查合格证后15个工作日内请款，次月30日内付款,0.60 ,60000.00 ,60000.00 ,产值确认单,45287.00 ,60000.00 ,45286.00 ,60000.00 ,45447.00 ,60000.00 ,,0.00 ,,,,,,,,,,,,,,,,,,,,,,,,60000.00 ,,,,,,,,,,,,,,60000.00 ,,,,,,,,,,,,,,,
,,,,,,,,,,,,,,,,,,,,,,,,,,,,标识-3,竣工验收完成后15个工作日内请款，按照《规划许可证》本项面积进行结算，次月30日内付款,0.20 ,20000.00 ,20000.00 ,预估,,,,,,20000.00 ,,0.00 ,,,,,,,,,,,,,,,,,,,,,,,,20000.00 ,,,,,,,,,,,,,,20000.00 ,,,,,,,,,,,,,,,
,,,,,,,舞台,,,,总价包干,600000.00 ,,,,,,,,,,,,,,600000.00 ,项目管理中心,舞台-1,本项价格明确并提交此专项工作方案后15个工作日内请款，次月30日内付款,0.20 ,120000.00 ,120000.00 ,产值确认单,45103.00 ,120000.00 ,45103.00 ,120000.00 ,45103.00 ,60000.00 ,45196.00 ,60000.00 ,2023.9.27回一半,,,,,,,,,,,,,,,,,,,,,,,120000.00 ,,,,,,,,,,,,,,60000.00 ,,,,,,,,,,,,,,,
,,,,,,,,,,,,,,,,,,,,,,,,,,,,,,,,,,,,,,,60000.00 ,45379.00 ,-60000.00 ,,,,,,,,,,,,,,,,,,,,,,,,,,,,,,,,,,,,,,60000.00 ,,,,,,,,,,,,,,,
,,,,,,,,,,,,,,,,,,,,,,,,,,,,舞台-2,此专项设计成果完成并通过相关政府部门审批，并获取施工图审查合格证后15个工作日内请款，次月30日内付款,0.60 ,360000.00 ,360000.00 ,产值确认单,45287.00 ,360000.00 ,45286.00 ,360000.00 ,45447.00 ,360000.00 ,,0.00 ,,,,,,,,,,,,,,,,,,,,,,,,360000.00 ,,,,,,,,,,,,,,360000.00 ,,,,,,,,,,,,,,,
,,,,,,,,,,,,,,,,,,,,,,,,,,,,舞台-3,竣工验收完成后15个工作日内请款，按照《规划许可证》本项面积进行结算，次月30日内付款,0.20 ,120000.00 ,120000.00 ,预估,,,,,,120000.00 ,,0.00 ,,,,,,,,,,,,,,,,,,,,,,,,120000.00 ,,,,,,,,,,,,,,120000.00 ,,,,,,,,,,,,,,,
,,,,,,,幕墙,,,,总价包干,580000.00 ,,,,,,,,,,,,,,580000.00 ,项目管理中心,幕墙-1,本项价格明确并提交此专项工作方案后15个工作日内请款，次月25日内付款,0.20 ,116000.00 ,116000.00 ,产值确认单,44799.00 ,116000.00 ,44799.00 ,116000.00 ,44083.00 ,116000.00 ,44883.00 ,0.00 ,,,,,,,,,,,,,,,,,,,,,,,,116000.00 ,,,,,,,,,,,,,,116000.00 ,,,,,,,,,,,,,,,
,,,,,,,,,,,,,,,,,,,,,,,,,,,,幕墙-2,此专项设计工作完成并经过甲方确认后15个工作日内请款，次月25日内付款,0.60 ,348000.00 ,348000.00 ,产值确认单,45103.00 ,348000.00 ,45103.00 ,348000.00 ,45103.00 ,174000.00 ,45196.00 ,174000.00 ,2023.9.27回一半,,,,,,,,,,,,,,,,,,,,,,,348000.00 ,,,,,,,,,,,,,,174000.00 ,,,,,,,,,,,,,,,
,,,,,,,,,,,,,,,,,,,,,,,,,,,,,,,,,,,,,,,174000.00 ,45379.00 ,-174000.00 ,,,,,,,,,,,,,,,,,,,,,,,,,,,,,,,,,,,,,,174000.00 ,,,,,,,,,,,,,,,
,,,,,,,,,,,,,,,,,,,,,,,,,,,,幕墙-3,竣工验收完成后15个工作日内请款，按照《规划许可证》本项面积进行结算，次月25日内付款,0.20 ,116000.00 ,116000.00 ,预估,,,,,,116000.00 ,,0.00 ,,,,,,,,,,,,,,,,,,,,,,,,116000.00 ,,,,,,,,,,,,,,116000.00 ,,,,,,,,,,,,,,,
,广分,43425.00 ,中国铁建凤岭国际城,,中国铁建·凤岭国际城规划、建筑方案设计及设计管理服务合同,CRCCRE-SJ-GZF-2018-025,方案+咨询,,中铁房地产集团（广西）有限公司,129000㎡,方案20元/㎡，咨询5元/㎡,3225000.00 ,,,,,,,,,,,,,,,,结算,施工配合、竣工验收完成、结算完毕5个工作日内支付,0.05 ,161250.00 ,119887.00 ,产值确认单,45464.00 ,119887.00 ,45464.00 ,119887.00 ,45464.00 ,119887.00 ,45527.00 ,0.00 ,,,,,,,,,,,,,,,,,,23977.40 ,,,,,,95909.60 ,,,,,,,,23977.40 ,,,,,,95909.60 ,,,,,,,,,,,,,,,
,广分,43424.00 ,珠海湖心路项目,,珠海湖心路项目工程设计委托管理服务合同,CRCCRE-SJ-GZF-2018-022,设计总包,,中铁建投珠海城市开发有限公司,,,5521485.46 ,,,,,,,,,,,,,,,,结算,施工配合、项目完成竣工备案后十五个工作日,0.05 ,276074.27 ,276074.27 ,开票,45587.00 ,/,/,276074.27 ,45587.00 ,276074.27 ,45607.00 ,0.00 ,,,,,,,,,,,,,,,,,,,,,,,,276074.27 ,,,,,,,,,,,,,,276074.27 ,,,,,,,,,,,,,,,
54,华南,43661.00 ,南宁那丹小镇,无,中国铁建·广西领筑置业2019年项目拿地规划概念方案设计合同（广州分公司战略协议）,CRCCRE-SJ-GZF-2019-025,可研,,中铁房地产集团（广西）有限公司,预计30个项目,"16万元/项目,折合4个可研（4万元/个）",160000.00 ,80000.00 ,,,80000.00 ,,,,,,,,,,,/,,完成9个地块项目拿地规划概念方案，并得到甲方书面确认函之日起，次月25日内支付,0.30 ,36.00 ,,,,,,,,,,,,,,,,,,,,,,,,,,,,,,,,,,,,,,,,,,,,,,,,,,,,,,,,,,,,,,,
,,,,,,,,,,,,,,,,,,,,,,,,,,,,,完成11个地块项目拿地规划概念方案，并得到甲方书面确认函之日起，次月25日内支付,0.37 ,44.00 ,,,,,,,,,,,,,,,,,,,,,,,,,,,,,,,,,,,,,,,,,,,,,,,,,,,,,,,,,,,,,,,
,,,,,,,,,,,,,,,,,,,,,,,,,,,,策划-1        方案-1,服务期限届满，且完成最后10个地块项目拿地规划概念方案，并得到甲方书面确认函，办理完结算手续后，次月25日内支付,0.33 ,40.00 ,160000.00 ,广州分切分,,160000.00 ,,160000.00 ,,160000.00 ,,,该项目产值已计入广分，年底应统一调账,协议19年12月份已到期，需要续签,,/,160000.00 ,160000.00 ,160000.00 ,0.00 ,0.00 ,0.00 ,80000.00 ,,,80000.00 ,,,,,,,,,,,80000.00 ,,,80000.00 ,,,,,,,,,,,直接委托,OA,,,,,,,,,,,,,
,华南,45239.00 ,广州天河区梅花铝厂项目（西派天河序）,,广州市天河区梅花铝厂地块项目建设工程委托设计管理服务合同,CRCCRE-SJ-XM-2023-060,建筑方案,CRCCRE-HN-GZMH-KF.QQ.02.01-2023-001,广州市天河区顺信房地产有限公司,200203.39 ,"高层32元/㎡安置房25元/㎡
配套45元/㎡
售楼处30万元/项目",4990000.00 ,,,,,,,,,,,,,,4990000.00 ,项目管理中心,1.00 ,合同签订并提交第一版概念性方案后，经甲方审核确认后2个月内（付款审批流程完成后）,支付至建筑方案设计费的20%,998000.00 ,499000.00 ,产值确认单,45268.00 ,499000.00 ,45268.00 ,499000.00 ,45268.00 ,499000.00 ,45279.00 ,,2024年2月合同额调节为4940100元，节点1、2按原合同节点请款,,,,,,,,,,,,,,,,,,,,,,,499000.00 ,,,,,,,,,,,,,,499000.00 ,,,,,,,,,,,,,,,
,,,,,,,,,,,,,,,,,,,,,,,,,,,,,,,,499000.00 ,产值确认单,45287.00 ,499000.00 ,45287.00 ,499000.00 ,45310.00 ,499000.00 ,45317.00 ,,,,,,,,,,,,,,,,,,,,,,,,,499000.00 ,,,,,,,,,,,,,,499000.00 ,,,,,,,,,,,,,,,
,,,,,,,,,,,,,,,,,,,,,,,,,,,,2.00 ,方案调整、修改完成经甲方确认后，经甲方审核确认后2个月内（付款审批流程完成后）,支付至建筑方案设计费的50%,1497000.00 ,1497000.00 ,产值确认单,45287.00 ,1497000.00 ,45287.00 ,1497000.00 ,45310.00 ,1497000.00 ,45317.00 ,,,,,,,,,,,,,,,,,,,,,,,,,1497000.00 ,,,,,,,,,,,,,,1497000.00 ,,,,,,,,,,,,,,,
,,,,,,,,,,,,,,,,,,,,,,,,,,,,3.00 ,方案通过政府相关审批（规划复函）后，经甲方审核确认后2个月内（付款审批流程完成后）,支付至建筑方案设计费的70%,963070.00 ,963070.00 ,产值确认单,45377.00 ,963070.00 ,45377.00 ,963070.00 ,45378.00 ,963070.00 ,45408.00 ,,,,,,,,,,,,,,,,,,,,,,,,,963070.00 ,,,,,,,,,,,,,,963070.00 ,,,,,,,,,,,,,,,
,,,,,,,,,,,,,,,,,,,,,,,,,,,,4.00 ,项目立面二次深化设计图纸完成，并取得《施工图审查合格书》后，经甲方审核确认后2个月内（付款审批流程完成后）,支付至建筑方案设计费的95%,1235025.00 ,1235025.00 ,产值确认单,45720.00 ,1235025.00 ,45720.00 ,1235025.00 ,45726.00 ,1235025.00 ,46021.00 ,,,,,,,,,,,,,,,,,,,,,,,,,1235025.00 ,,,,,,,,,,,,,,1235025.00 ,,,,,,,,,,,,,,,
,,,,,,,,,,,,,,,,,,,,,,,,,,,,5.00 ,项目竣工验收合格，本合同办理完成结算后2个月内（付款审批流程完成后）,支付至建筑方案设计费结算金额的100%,247005.00 ,0.00 ,,,,,,,,,,,,,,,,,,,,,,,,,,,,,,,,,,,,,,,,,,,,,,,,,,,,,,,,,,,,,,
,,45239.00 ,,,,,景观设计,,广州市天河区顺信房地产有限公司,200203.39 ,"展示区45元/㎡
展示区架空层34元/㎡
大区34元/㎡",2169080.84 ,,,,,,,,,,,,,,2169080.84 ,项管,1.00 ,合同签订并提交第一版概念性方案经甲方审核确认后2个月内（付款审批流程完成后）,支付至暂估景观整体设计费的10%,167350.40 ,167350.40 ,产值确认单,45369.00 ,167350.40 ,45369.00 ,167350.40 ,45369.00 ,167350.40 ,45379.00 ,,"2024年2月合同额调减至1673504.00元，其中展示区893260元，大区
780244元",,,,,,,,,,,,,,,,,,,,,,,167350.40 ,,,,,,,,,,,,,,167350.40 ,,,,,,,,,,,,,,,
,,,,,,,,,,,,,,,,,,,,,,,,,,,,2.00 ,展示区方案设计成果完成经甲方确认后2个月内（付款审批流程完成后）,支付至暂估景观展示区设计费的50%,357304.00 ,357304.00 ,产值确认单,45369.00 ,357304.00 ,45369.00 ,357304.00 ,45369.00 ,357304.00 ,45379.00 ,,,,,,,,,,,,,,,,,,,,,,,,,357304.00 ,,,,,,,,,,,,,,357304.00 ,,,,,,,,,,,,,,,
,,,,,,,,,,,,,,,,,,,,,,,,,,,,3.00 ,展示区施工图设计成果完成经甲方确认后2个月内（付款审批流程完成后）,支付至暂估景观展示区设计费的80%,267978.00 ,267978.00 ,产值确认单,45602.00 ,267978.00 ,45602.00 ,267978.00 ,45604.00 ,267978.00 ,45623.00 ,,,,,,,,,,,,,,,,,,,,,,,,,267978.00 ,,,,,,,,,,,,,,267978.00 ,,,267978.00 ,0.00 ,,,,,,,,,,,
,,,,,,,,,,,,,,,,,,,,,,,,,,,,4.00 ,展示区施工现场配合完成经甲方确认后2个月内（付款审批流程完成后）,支付至暂估景观展示区设计费的95%,133989.00 ,105765.45 ,产值确认单,45789.00 ,105765.45 ,45789.00 ,105765.45 ,45791.00 ,105765.45 ,45805.00 ,,,,,,,,,,,,,,,,,,,,,,,,,105765.45 ,,,,,,,,,,,,,,105765.45 ,,,105765.45 ,0.00 ,,,,,,,,,,,
,,,,,,,,,,,,,,,,,,,,,,,,,,,,,,,,28223.55 ,产值确认单,45995.00 ,28223.55 ,45995.00 ,,,28223.55 ,46021.00 ,,,,,,,,,,,,,,,,,,,,,,,,,28223.55 ,,,,,,,,,,,,,,28223.55 ,,,,,,,,,,,,,,,
,,,,,,,,,,,,,,,,,,,,,,,,,,,,5.00 ,大区概念设计成果经甲方确认后2个月内（付款审批流程完成后）,支付至暂估景观大区设计费的25%,117036.60 ,117036.60 ,产值确认单,45407.00 ,117036.60 ,45407.00 ,117036.60 ,45408.00 ,117036.60 ,45433.00 ,,,,,,,,,,,,,,,,,,,,,,,,,117036.60 ,,,,,,,,,,,,,,117036.60 ,,,,,,,,,,,,,,,
,,,,,,,,,,,,,,,,,,,,,,,,,,,,6.00 ,大区方案设计成果完成经甲方确认后2个月内（付款审批流程完成后）,支付至暂估景观大区设计费的45%,156048.80 ,156048.80 ,产值确认单,45602.00 ,156048.80 ,45602.00 ,156048.80 ,45604.00 ,156048.80 ,45623.00 ,,,,,,,,,,,,,,,,,,,,,,,,,156048.80 ,,,,,,,,,,,,,,156048.80 ,,,,,,,,,,,,,,,
,,,,,,,,,,,,,,,,,,,,,,,,,,,,7.00 ,大区扩初设计成果完成经甲方确认后2个月内（付款审批流程完成后）,支付至暂估景观大区设计费的60%,117036.60 ,117036.60 ,产值确认单,45995.00 ,117036.60 ,45995.00 ,117036.60 ,45999.00 ,117036.60 ,46021.00 ,,,,,,,,,,,,,,,,,,,,,,,,,117036.60 ,,,,,,,,,,,,,,117036.60 ,,,,,,,,,,,,,,,
,,,,,,,,,,,,,,,,,,,,,,,,,,,,8.00 ,大区施工图设计成果完成经甲方确认后2个月内（付款审批流程完成后）,支付至暂估景观大区设计费的80%,156048.80 ,156048.80 ,产值确认单,45995.00 ,156048.80 ,45995.00 ,156048.80 ,45999.00 ,156048.80 ,46021.00 ,,,,,,,,,,,,,,,,,,,,,,,,,156048.80 ,,,,,,,,,,,,,,156048.80 ,,,,,,,,,,,,,,,
,,,,,,,,,,,,,,,,,,,,,,,,,,,,9.00 ,大区施工现场配合完成经甲方确认后2个月内（付款审批流程完成后）,支付至暂估景观大区设计费的95%,117036.60 ,117036.60 ,预估,46203.00 ,,,,,117036.60 ,46386.00 ,,,,,,,,,,,,,,,,,,,,,,,,,117036.60 ,,,,,,,,,,,,,,117036.60 ,,,,,,,,,,,,,,,
,,,,,,,,,,,,,,,,,,,,,,,,,,,,10.00 ,景观工程竣工验收合格，本合同办理完成结算后2个月内（付款审批流程完成后）,支付至景观整体设计费结算金额的100%,83675.20 ,44663.00 ,产值确认单,45995.00 ,44663.00 ,45995.00 ,44663.00 ,45999.00 ,44663.00 ,46021.00 ,,,,,,,,,,,,,,,,,,,,,,,,,44663.00 ,,,,,,,,,,,,,,44663.00 ,,,,,,,,,,,,,,,
,,,,,,,,,,,,,,,,,,,,,,,,,,,,,,,,0.00 ,,,,,,,,,,,,,,,,,,,,,,,,,,,,,,,,,,,,,,,,,,,,,,,,,,,,,,,,,,,,,,
,,45239.00 ,,,,,创意精装,,广州市天河区顺信房地产有限公司,200203.39 ,,4561320.00 ,,,,,,,,,,,,,,4561320.00 ,项管,1.00 ,合同签订并提交第一版概念性方案后15个工作日内请款，次月30日前付款。（创意精装修①-180户型样板间）,支付至暂估精装设计费的15%,44880.00 ,44880.00 ,产值确认单,45369.00 ,,,44880.00 ,45369.00 ,44880.00 ,45379.00 ,,创意精装修①合同额变更为3488950.00（其中（180户型299200+会所销售中心、140、125户型样板间3189750）,,,,,,,,,,,,,,,,,,,,,,,44880.00 ,,,,,,,,,,,,,,44880.00 ,,,,,,,,,,,,,,,
,,,,,,,,,,,,,,,,,,,,,,,,,,,,,合同签订并提交第一版概念性方案后15个工作日内请款，次月30日前付款。（创意精装修①-会所销售中心、140、125户型样板间）,,478462.50 ,478462.50 ,产值确认单,45369.00 ,,,478462.50 ,45369.00 ,478462.50 ,45379.00 ,,,,,,,,,,,,,,,,,,,,,,,,,478462.50 ,,,,,,,,,,,,,,478462.50 ,,,,,,,,,,,,,,,
,,,,,,,,,,,,,,,,,,,,,,,,,,,,,合同签订并提交第一版概念性方案后15个工作日内请款，次月30日前付款。（创意精装修②230户型）,,58650.00 ,58650.00 ,产值确认单,45268.00 ,,,58650.00 ,45268.00 ,58650.00 ,45279.00 ,,,,,,,,,,,,,,,,,,,,,,,,,58650.00 ,,,,,,,,,,,,,,58650.00 ,,,,,,,,,,,,,,,
,,,,,,,,,,,,,,,,,,,,,,,,,,,,2.00 ,精装概念设计完成经甲方确认后15个工作日内请款，次月30日前付款。（创意精装修①-180户型样板间）,支付至暂估精装设计费的35%,59840.00 ,59840.00 ,产值确认单,45377.00 ,59840.00 ,45377.00 ,59840.00 ,45378.00 ,59840.00 ,45408.00 ,,,,,,,,,,,,,,,,,,,,,,,,,59840.00 ,,,,,,,,,,,,,,59840.00 ,,,,,,,,,,,,,,,
,,,,,,,,,,,,,,,,,,,,,,,,,,,,,精装概念设计完成经甲方确认后15个工作日内请款，次月30日前付款。（创意精装修①-会所销售中心、140、125户型样板间）,,637950.00 ,637950.00 ,产值确认单,45369.00 ,,,637950.00 ,45369.00 ,637950.00 ,45379.00 ,,,,,,,,,,,,,,,,,,,,,,,,,637950.00 ,,,,,,,,,,,,,,637950.00 ,,,,,,,,,,,,,,,
,,,,,,,,,,,,,,,,,,,,,,,,,,,,,精装概念设计完成经甲方确认后15个工作日内请款，次月30日前付款。（创意精装修②230户型）,,78200.00 ,78200.00 ,产值确认单,45268.00 ,,,78200.00 ,45268.00 ,78200.00 ,45279.00 ,,,,,,,,,,,,,,,,,,,,,,,,,78200.00 ,,,,,,,,,,,,,,78200.00 ,,,,,,,,,,,,,,,
,,,,,,,,,,,,,,,,,,,,,,,,,,,,3.00 ,精装方案扩初设计完成经甲方确认后15个工作日内请款，次月30日前付款。（创意精装修①-180户型样板间）,支付至暂估精装设计费的50%,44880.00 ,44880.00 ,产值确认单,45446.00 ,,,44880.00 ,45447.00 ,44880.00 ,45497.00 ,,,,,,,,,,,,,,,,,,,,,,,,,44880.00 ,,,,,,,,,,,,,,44880.00 ,,,44880.00 ,0.00 ,,,,,,,,,,,
,,,,,,,,,,,,,,,,,,,,,,,,,,,,,精装方案扩初设计完成经甲方确认后15个工作日内请款，次月30日前付款。（创意精装修①-会所销售中心、140、125户型样板间）,,478462.50 ,478462.50 ,产值确认单,45369.00 ,,,478462.50 ,45369.00 ,478462.50 ,45379.00 ,,,,,,,,,,,,,,,,,,,,,,,,,478462.50 ,,,,,,,,,,,,,,478462.50 ,,,,,,,,,,,,,,,
,,,,,,,,,,,,,,,,,,,,,,,,,,,,,精装方案扩初设计完成经甲方确认后15个工作日内请款，次月30日前付款。（创意精装修②230户型）,,58650.00 ,58650.00 ,产值确认单,45268.00 ,,,58650.00 ,45268.00 ,58650.00 ,45279.00 ,,,,,,,,,,,,,,,,,,,,,,,,,58650.00 ,,,,,,,,,,,,,,58650.00 ,,,,,,,,,,,,,,,
,,,,,,,,,,,,,,,,,,,,,,,,,,,,4.00 ,精装施工图设计完成经甲方确认后15个工作日内请款，次月30日前付款。（创意精装修①-180户型样板间）,支付至暂估精装设计费的80%,89760.00 ,89760.00 ,产值确认单,45446.00 ,,,89760.00 ,45447.00 ,89760.00 ,45497.00 ,,,,,,,,,,,,,,,,,,,,,,,,,89760.00 ,,,,,,,,,,,,,,89760.00 ,,,89760.00 ,0.00 ,,,,,,,,,,,
,,,,,,,,,,,,,,,,,,,,,,,,,,,,,精装施工图设计完成经甲方确认后15个工作日内请款，次月30日前付款。（创意精装修①-会所销售中心、140、125户型样板间）,,956925.00 ,956925.00 ,产值确认单,45377.00 ,956925.00 ,45377.00 ,956925.00 ,45378.00 ,956925.00 ,45408.00 ,,,,,,,,,,,,,,,,,,,,,,,,,956925.00 ,,,,,,,,,,,,,,956925.00 ,,,,,,,,,,,,,,,
,,,,,,,,,,,,,,,,,,,,,,,,,,,,,精装施工图设计完成经甲方确认后15个工作日内请款，次月30日前付款。（创意精装修②230户型）,,117300.00 ,117300.00 ,产值确认单,45287.00 ,,,117300.00 ,45310.00 ,117300.00 ,45317.00 ,,,,,已完成到80%,,,,,,,,,,,,,,,,,,,,117300.00 ,,,,,,,,,,,,,,117300.00 ,,,,,,,,,,,,,,,
,,,,,,,,,,,,,,,,,,,,,,,,,,,,5.00 ,精装修竣工验收完成后15个工作日内请款，次月30日前付款。（创意精装修①-180户型样板间）,支付至暂估精装设计费的95%,44880.00 ,44880.00 ,产值确认单,45602.00 ,44880.00 ,45602.00 ,44880.00 ,45604.00 ,44880.00 ,45623.00 ,,,,,,,,,,,,,,,,,,,,,,,,,44880.00 ,,,,,,,,,,,,,,44880.00 ,,,,,,,,,,,,,,,
,,,,,,,,,,,,,,,,,,,,,,,,,,,,,精装修竣工验收完成后15个工作日内请款，次月30日前付款。。（创意精装修①-会所销售中心、140、125户型样板间）,,478462.50 ,478462.50 ,产值确认单,45602.00 ,478462.50 ,45602.00 ,478462.50 ,45604.00 ,478462.50 ,45623.00 ,,,,,,,,,,,,,,,,,,,,,,,,,478462.50 ,,,,,,,,,,,,,,478462.50 ,,,,,,,,,,,,,,,
,,,,,,,,,,,,,,,,,,,,,,,,,,,,,精装修竣工验收完成后15个工作日内请款，次月30日前付款。（创意精装修②230户型）,,58650.00 ,58650.00 ,预估,46203.00 ,,,,,58650.00 ,46233.00 ,,,,,,,,,,,,,,,,,,,,,,,,,58650.00 ,,,,,,,,,,,,,,58650.00 ,,,,,,,,,,,,,,,
,,,,,,,,,,,,,,,,,,,,,,,,,,,,6.00 ,结算完成后15个工作日内请款，次月30日前付款。（创意精装修①-180户型样板间）,支付至精装设计费结算金额的100%,14960.00 ,14960.00 ,预估,46203.00 ,,,,,14960.00 ,46233.00 ,,,,,,,,,,,,,,,,,,,,,,,,,14960.00 ,,,,,,,,,,,,,,14960.00 ,,,,,,,,,,,,,,,
,,,,,,,,,,,,,,,,,,,,,,,,,,,,,结算完成后15个工作日内请款，次月30日前付款。（创意精装修①-会所销售中心、140、125户型样板间）,,159487.50 ,0.00 ,,,,,,,,,,,,,,,,,,,,,,,,,,,,,,,,,,,,,,,,,,,,,,,,,,,,,,,,,,,,,,
,,,,,,,,,,,,,,,,,,,,,,,,,,,,,结算完成后15个工作日内请款，次月30日前付款。（创意精装修②230户型）,,19550.00 ,0.00 ,,,,,,,,,,,,,,,,,,,,,,,,,,,,,,,,,,,,,,,,,,,,,,,,,,,,,,,,,,,,,,
,,45239.00 ,,,,,批量精装,,广州市天河区顺信房地产有限公司,200203.39 ,,1909618.10 ,,,,,,,,,,,,1909618.10 ,,0.00 ,精装中心,1.00 ,合同签订订并提交第一版概念性方案后 15 个工作日内请款，乙方按照甲方审核后的金额，开具相应金额的增值税专用发票，由甲方于审核后次月30日前进行进度款支付。,支付至合同暂定金额的 15%,278913.86 ,53701.15 ,产值确认单,45287.00 ,产值确认单,45287.00 ,53701.15 ,45369.00 ,53701.15 ,45379.00 ,,2024年2月合同额调减至1859425.74元，至节点三50%比例时调整节点产值确认金额，计算方法：1859425.74*50%-已确认658327.87=271385.00,,,以1909618.1为基数确认产值,,,,,,,,,,,,,,,,,,53701.15 ,,,,,,,,,,,,,,53701.15 ,,,,,,,,,,,,,,,,,
,,,,,,,,,,,,,,,,,,,,,,,,,,,,,,,,225212.71 ,产值确认单,45287.00 ,232741.57 ,45287.00 ,225212.71 ,45369.00 ,225212.71 ,45379.00 ,,,,,,,,,,,,,,,,,,,,,,,225212.71 ,,,,,,,,,,,,,,225212.71 ,,,,,,,,,,,,,,,,,
,,,,,,,,,,,,,,,,,,,,,,,,,,,,,,,,7528.86 ,产值确认单,45287.00 ,7528.86 ,45287.00 ,7528.86 ,45502.00 ,7528.86 ,45524.00 ,,,,,,,,,,,,,,,,,,,,,,,7528.86 ,,,,,,,,,,,,,,7528.86 ,,,,,7528.86 ,0.00 ,,,,,,,,,,,
,,,,,,,,,,,,,,,,,,,,,,,,,,,,2.00 ,"完成大区精装概念设计,提交成果并得到甲方认可后15个工作日内请款，乙方按照甲方审核后的金额，开具相应金额的增值税专用发票，由甲方于审核后次月30日前进行进度款支付。",支付至合同暂定金额的35%,371885.15 ,371885.15 ,产值确认单,45377.00 ,371885.15 ,45377.00 ,371885.15 ,45378.00 ,371885.00 ,45408.00 ,0.15 ,,,,,,,,,,,,,,,,,,,,,,371885.15 ,,,,,,,,,,,,,,371885.00 ,,,,,,,,,,,,,,,,,
,,,,,,,,,,,,,,,,,,,,,,,,,,,,,,,,,,,,,,,0.15 ,45433.00 ,,,,,,,,,,,,,,,,,,,,,,,,,,,,,,,,,,,,,0.15 ,,,,,,,,,,,,,,,,,
,,,,,,,,,,,,,,,,,,,,,,,,,,,,3.00 ,完成大区方案扩初设计阶段最终成果，经甲方书面确认后15个工作日内请款，乙方按照甲方审核后的金额，开具相应金额的增值税专用发票，由甲方于审核后次月30日前进行进度款支付。,支付至合同暂定金额的50%,278913.86 ,271385.00 ,产值确认单,45499.00 ,271385.00 ,45499.00 ,271385.00 ,45502.00 ,271385.00 ,45524.00 ,本次请款时修正节点1差值,,,,,,,,,,,,,,,,,,,,,,271385.00 ,,,,,,,,,,,,,,271385.00 ,,,,,271385.00 ,0.00 ,,,,,,,,,,,
,,,,,,,,,,,,,,,,,,,,,,,,,,,,4.00 ,"完成大区精装施工图设计,提交成果并得到甲方认可后15个工作日内请款，乙方按照甲方审核后的金额，开具相应金额的增值税专用发票，由甲方于审核后次月30日前进行进度款支付。",支付至合同暂定金额的80%,557827.72 ,557827.72 ,产值确认单,45531.00 ,557827.72 ,45531.00 ,557827.72 ,45532.00 ,557827.72 ,45562.00 ,,,,,,,,,,,,,,,,,,,,,,,557827.72 ,,,,,,,,,,,,,,557827.72 ,,,,,,,,,,,,,,,,,
,,,,,,,,,,,,,,,,,,,,,,,,,,,,5.00 ,大区精装修竣工验收完成，竣工后15个工作日内请款，乙方按照甲方审核后的金额，开具相应金额的增值税专用发票，由甲方于审核后次月30日前进行进度款支付。,支付至合同暂定金额的95%,278913.86 ,278913.86 ,预估,46203.00 ,,,,,278913.86 ,46233.00 ,,,,,,,,,,,,,,,,,,,,,,,278913.86 ,,,,,,,,,,,,,,278913.86 ,,,,,,,,,,,,,,,,,
,,,,,,,,,,,,,,,,,,,,,,,,,,,,6.00 ,结算完成，后15个工作日内请款，乙方按照甲方审核后的金额，开具相应金额的增值税专用发票，由甲方于审核后次月30日前进行结算款支付。,支付至合同结算 金额的100%,92971.29 ,0.00 ,,,,,,,,,,,,,,,,,,,,,,,,,,,,,,,,,,,,,,,,,,,,,,,,,,,,,,,,,,,,,,
,,45239.00 ,,,,,"BIM地下管综建模
（自揽）",,广州市天河区顺信房地产有限公司,地下室44455.61,7元/㎡,311189.27 ,,,,,,,,,311189.27 ,,,,,,/,1.00 ,合同签订并提交第一版地下车库及地下室BIM模型且经过甲方确认后15个工作日内请款，次月30日前付款。,支付至暂估BIM优化费的40%,124475.71 ,124475.71 ,产值确认单,45407.00 ,124475.71 ,45407.00 ,124475.71 ,45408.00 ,124475.71 ,45433.00 ,,,,,,,,,,,,,,,,,,,,124475.71 ,,,,,,,,,,,,,,124475.71 ,,,,,,,,,,,,,,,,,,,,
,,,,,,,,,,,,,,,,,,,,,,,,,,,,2.00 ,乙方根据甲方优化后的施工图纸提交BIM咨询优化报告、完成BIM咨询范围的交底工作且经过甲方确认后15个工作日内请款，次月30日前付款。,支付至暂估BIM优化费的95%,171154.10 ,171154.10 ,产值确认单,45639.00 ,171154.10 ,45639.00 ,171154.10 ,45671.00 ,171154.10 ,45679.00 ,,,,,,,,,,,,,,,,,,,,171154.10 ,,,,,,,,,,,,,,171154.10 ,,,,,,,,,,,,,,,,,,,,
,,,,,,,,,,,,,,,,,,,,,,,,,,,,3.00 ,乙方根据施工进度提交设计变更的BIM模型更改至竣工验收完成，按照《建设工程规划许可证》地下建筑面积进行结算后15个工作日内请款，次月30日前付款。,支付至BIM优化费结算金额的100%,15559.46 ,15559.46 ,,,,,,,,,,,,,,,,,,,,,,,,,,,,15559.46 ,,,,,,,,,,,,,,,,,,,,,,,,,,,,,,,,,,
,,45239.00 ,,,,,BIM多维（自揽）,,广州市天河区顺信房地产有限公司,/,8万元/项目,80000.00 ,,,,,,,,,80000.00 ,,,,,,/,1.00 ,方案通过政府相关审批（规划复函）后，经甲方审核确认后2个月内（付款审批流程完成后）付款。,一次性支付多维方案汇报费的100%,80000.00 ,80000.00 ,产值确认单,45369.00 ,,,80000.00 ,45369.00 ,80000.00 ,45379.00 ,,,,,,,,,,,,,,,,,,,,80000.00 ,,,,,,,,,,,,,,80000.00 ,,,,,,,,,,,,,,,,,,,,
,,45239.00 ,,,,,"咨询
（自揽）",,广州市天河区顺信房地产有限公司,200203.39 ,5元/㎡,1001016.95 ,,,,,,,,1001016.95 ,,,,,,,/,1.00 ,合同签订且乙方开展设计咨询工作并提供设计咨询优化意见后15个工作日内请款，次月30日前付款。,支付至暂估设计咨询优化费的20%,200203.39 ,200203.39 ,产值确认单,45287.00 ,,,200203.39 ,45369.00 ,200203.39 ,45379.00 ,,,,,,,,,,,,,,,,,,,200203.39 ,,,,,,,,,,,,,,200203.39 ,,,,,,,,,,,,,,,,,,,,,
,,,,,,,,,,,,,,,,,,,,,,,,,,,,2.00 ,本项目取得《建设工程规划许可证》后15个工作日内请款，次月30日前付款。,支付至暂估设计咨询优化费的70%,500508.48 ,500508.48 ,产值确认单,45639.00 ,500508.48 ,45639.00 ,500508.48 ,45671.00 ,500508.48 ,45679.00 ,,,,,,,,,,,,,,,,,,,500508.48 ,,,,,,,,,,,,,,500508.48 ,,,,,,,,,500508.48 ,0.00 ,,,,,,,,,,,
,,,,,,,,,,,,,,,,,,,,,,,,,,,,3.00 ,取得施工图审查合格书后15个工作日内请款，次月30日前付款,支付至暂估设计咨询优化费的95%,250254.24 ,250254.24 ,产值确认单,45842.00 ,250254.24 ,45842.00 ,250254.24 ,45847.00 ,250254.24 ,45867.00 ,,,,,,,,,,,,,,,,,,,250254.24 ,,,,,,,,,,,,,,250254.24 ,,,,,,,,,,,,,,,,,,,,,
,,,,,,,,,,,,,,,,,,,,,,,,,,,,4.00 ,提交最终版设计咨询总结报告后15个工作日内请款，次月30日前付款。,支付至设计咨询优化费结算金额的100%,50050.85 ,50050.85 ,预估,46295.00 ,,,,,50050.85 ,46295.00 ,,,,,,,,,,,,,,,,,,,50050.85 ,,,,,,,,,,,,,,50050.85 ,,,,,,,,,,,,,,,,,,,,,
,,45239.00 ,,,,,施工图精审,,广州市天河区顺信房地产有限公司,/,45万元/项目+7%管理费,472480.00 ,,,,,,,,,,,,,,472480.00 ,/,1.00 ,合同签订且乙方开展设计咨询工作并提供初步施工图精细化审查意见后15个工作日内请款，次月30日前付款。,支付至暂估施工图精审费的20%,94496.00 ,94496.00 ,产值确认单,45377.00 ,94496.00 ,45377.00 ,94496.00 ,45378.00 ,94496.00 ,45408.00 ,,,,,,,,,,,,,,,,,,,,,,,,,94496.00 ,,,,,,,,,,,,,,94496.00 ,,,,,,,,,,,,,,,
,,,,,,,,,,,,,,,,,,,,,,,,,,,,2.00 ,本项目取得《建设工程规划许可证》后15个工作日内请款，次月30日前付款。,支付至暂估施工图精审费的50%,141744.00 ,141744.00 ,产值确认单,45842.00 ,141744.00 ,45842.00 ,141744.00 ,45847.00 ,141744.00 ,45867.00 ,,,,,,,,,,,,,,,,,,,,,,,,,141744.00 ,,,,,,,,,,,,,,141744.00 ,,,141744.00 ,0.00 ,,,,,,,,,,,
,,,,,,,,,,,,,,,,,,,,,,,,,,,,3.00 ,取得施工图审查合格书后15个工作日内请款，次月30日前付款。,支付至暂估施工图精审费的70%,94496.00 ,94496.00 ,产值确认单,45842.00 ,94496.00 ,45842.00 ,94496.00 ,45847.00 ,94496.00 ,45867.00 ,,,,,,,,,,,,,,,,,,,,,,,,,94496.00 ,,,,,,,,,,,,,,94496.00 ,,,,,,,,,,,,,,,
,,,,,,,,,,,,,,,,,,,,,,,,,,,,4.00 ,正式施工图下发工地后15个工作日内请款，次月30日前付款。,支付至暂估施工图精审费的95%,118120.00 ,118120.00 ,产值确认单,45842.00 ,118120.00 ,45842.00 ,118120.00 ,45847.00 ,118120.00 ,45867.00 ,,,,,,,,,,,,,,,,,,,,,,,,,118120.00 ,,,,,,,,,,,,,,118120.00 ,,,,,,,,,,,,,,,
,,,,,,,,,,,,,,,,,,,,,,,,,,,,5.00 ,提交最终版总结报告后15个工作日内请款，次月30日前付款。,支付至施工图精审费结算金额的100%,23624.00 ,0.00 ,,,,,,,,,,,,,,,,,,,,,,,,,,,,,,,,,,,,,,,,,,,,,,,,,,,,,,,,,,,,,,
,,45239.00 ,,,,,泛光设计,,广州市天河区顺信房地产有限公司,/,25万元/项目+7%管理费,267500.00 ,,,,,,,,,,,,,,267500.00 ,/,1.00 ,乙方提交本项目展示区泛光施工图后，取得甲方认可后15个工作日内请款，次月30日前付款,支付至暂估泛光设计费的20%,53500.00 ,53500.00 ,产值确认单,45287.00 ,53500.00 ,45287.00 ,53500.00 ,45310.00 ,53500.00 ,45317.00 ,,,,,,,,,,,,,,,,,,,,,,,,,53500.00 ,,,,,,,,,,,,,,53500.00 ,,,,,,,,,,,,,,,
,,,,,,,,,,,,,,,,,,,,,,,,,,,,2.00 ,提供大区泛光方案取得甲方认可后15个工作日内请款，次月30日前付款,支付至暂估泛光设计费的 50%,80250.00 ,80250.00 ,产值确认单,45407.00 ,80250.00 ,45407.00 ,80250.00 ,45408.00 ,80250.00 ,45433.00 ,,,,,,,,,,,,,,,,,,,,,,,,,80250.00 ,,,,,,,,,,,,,,80250.00 ,,,,,,,,,,,,,,,
,,,,,,,,,,,,,,,,,,,,,,,,,,,,3.00 ,乙方完成泛光照明施工图设计工作，经甲方认可通过后15个工作日内请款，次月30日前付款,支付至暂估泛光设计费的90%,107000.00 ,107000.00 ,产值确认单,45842.00 ,107000.00 ,45842.00 ,107000.00 ,45847.00 ,53500.00 ,45867.00 ,,,,,,,,,,,,,,,,,,,,,,,,,107000.00 ,,,,,,,,,,,,,,53500.00 ,,,,,,,,,,,,,,,
,,,,,,,,,,,,,,,,,,,,,,,,,,,,,,,,,,,,,,45847.00 ,53500.00 ,45867.00 ,,,,,,,,,,,,,,,,,,,,,,,,,,,,,,,,,,,,,,,53500.00 ,,,,,,,,,,,,,,,
,,,,,,,,,,,,,,,,,,,,,,,,,,,,4.00 ,整体项目竣工验收完成后15个工作日内请款，次月30日前付款,支付至泛光设计费结算金额的100%,26750.00 ,0.00 ,,,,,,,0.00 ,,,,,,,,,,,,,,,,,,,,,,,,,,,,,,,,,,,,,,,,,,,,,,,,,,,,,,,
,,45239.00 ,,,,,标识设计,,广州市天河区顺信房地产有限公司,/,30万元/项目+7%管理费,321000.00 ,,,,,,,,,,,,,,321000.00 ,/,1.00 ,本合同签订，乙方提交本项目展示区工作方案经甲方确认后15个工作日内请款，次月30日前付款,支付至标识设计费的20%,64200.00 ,64200.00 ,产值确认单,45268.00 ,,,64200.00 ,45268.00 ,64200.00 ,45279.00 ,,,,,,,,,,,,,,,,,,,,,,,,,64200.00 ,,,,,,,,,,,,,,64200.00 ,,,,,,,,,,,,,,,
,,,,,,,,,,,,,,,,,,,,,,,,,,,,2.00 ,提供大区标识方案图，经甲方确认后15个工作日内请款，次月30日前付款,支付至标识设计费的50%,96300.00 ,96300.00 ,产值确认单,45446.00 ,,,96300.00 ,45447.00 ,96300.00 ,45497.00 ,,,,,,,,,,,,,,,,,,,,,,,,,96300.00 ,,,,,,,,,,,,,,96300.00 ,,,96300.00 ,0.00 ,,,,,,,,,,,
,,,,,,,,,,,,,,,,,,,,,,,,,,,,3.00 ,乙方完成导视施工图设计工作，经相关机构审查通过后15个工作日内请款，次月30日前付款,支付至标识设计费的90%,128400.00 ,64200.00 ,产值确认单,45839.00 ,64200.00 ,45839.00 ,64200.00 ,45847.00 ,64200.00 ,45862.00 ,,,,,,,,,,,,,,,,,,,,,,,,,64200.00 ,,,,,,,,,,,,,,64200.00 ,,,,,,,,,,,,,,,
,,,,,,,,,,,,,,,,,,,,,,,,,,,,,,,,64200.00 ,产值确认单,45839.00 ,64200.00 ,45839.00 ,64200.00 ,45847.00 ,64200.00 ,45862.00 ,,,,,,,,,,,,,,,,,,,,,,,,,64200.00 ,,,,,,,,,,,,,,64200.00 ,,,,,,,,,,,,,,,
,,,,,,,,,,,,,,,,,,,,,,,,,,,,4.00 ,整体项目竣工验收完成后15个工作日内请款，次月30日前付款,支付至标识设计费结算金额的100%,32100.00 ,0.00 ,,,,,,,,,,,,,,,,,,,,,,,,,,,,,,,,,,,,,,,,,,,,,,,,,,,,,,,,,,,,,,
,,45239.00 ,,,,,品质车库,,广州市天河区顺信房地产有限公司,/,67.5万元/项目+7%管理费,722250.00 ,,,,,,,,,,,,,,722250.00 ,/,1.00 ,乙方提交本项目工作方案经甲方确认后15个工作日内请款，次月30日前付款,支付至品质车库设计费的20%,144450.00 ,144450.00 ,产值确认单,45499.00 ,,,144450.00 ,45502.00 ,144450.00 ,45524.00 ,,,,,,,,,,,,,,,,,,,,,,,,,144450.00 ,,,,,,,,,,,,,,144450.00 ,,,144450.00 ,0.00 ,,,,,,,,,,,
,,,,,,,,,,,,,,,,,,,,,,,,,,,,2.00 ,本项目取得施工图审查合格书后15个工作日内请款，次月30日前付款,支付至品质车库设计费的50%,216675.00 ,216675.00 ,产值确认单,45720.00 ,216675.00 ,45720.00 ,216675.00 ,45726.00 ,216675.00 ,45774.00 ,,银信，到期日25年10月10日,,,,,,,,,,,,,,,,,,,,,,,216675.00 ,,,,,,,,,,,,,,216675.00 ,,,216675.00 ,0.00 ,,,,,,,,,,,
,,,,,,,,,,,,,,,,,,,,,,,,,,,,3.00 ,提供施工图经甲方确认后15个工作日内请款，次月30日前付款,支付至品质车库设计费的90%,288900.00 ,144450.00 ,产值确认单,45842.00 ,144450.00 ,45842.00 ,144450.00 ,45847.00 ,144450.00 ,45867.00 ,,,,,,,,,,,,,,,,,,,,,,,,,144450.00 ,,,,,,,,,,,,,,144450.00 ,,,,,,,,,,,,,,,
,,,,,,,,,,,,,,,,,,,,,,,,,,,,,,,,144450.00 ,产值确认单,45842.00 ,144450.00 ,45842.00 ,144450.00 ,45847.00 ,144450.00 ,45867.00 ,,,,,,,,,,,,,,,,,,,,,,,,,144450.00 ,,,,,,,,,,,,,,144450.00 ,,,,,,,,,,,,,,,
,,,,,,,,,,,,,,,,,,,,,,,,,,,,4.00 ,整体项目竣工验收完成后15个工作日内请款，次月30日前付款,支付至标识设计费结算金额的100%,72225.00 ,0.00 ,,,,,,,,,,,,,,,,,,,,,,,,,,,,,,,,,,,,,,,,,,,,,,,,,,,,,,,,,,,,,,
,,45239.00 ,,,,,智能化,,广州市天河区顺信房地产有限公司,200203.39 ,1元/平米+7%管理费,214217.63 ,,,,,,,,,,,,,,214217.63 ,/,1.00 ,完成项目智能化施工招标图设计，经甲方确认后15个工作日内请款，次月30日前付款。,支付至暂估智能化设计设计费的20%,42843.53 ,42843.53 ,产值确认单,45407.00 ,42843.53 ,45407.00 ,42843.53 ,45408.00 ,42843.53 ,45433.00 ,,,,,,,,,,,,,,,,,,,,,,,,,42843.53 ,,,,,,,,,,,,,,42843.53 ,,,,,,,,,,,,,,,
,,,,,,,,,,,,,,,,,,,,,,,,,,,,2.00 ,提交经甲方确认后的全套智能化施工图并完成技术交底，经甲方确认后15个工作日内请款，次月30日前付款,支付至暂估智能化设计设计费的90%,149952.34 ,149952.34 ,产值确认单,45720.00 ,149952.34 ,45720.00 ,149952.34 ,45726.00 ,107108.82 ,46021.00 ,,,,,,,,,,,,,,,,,,,,,,,,,107108.82 ,,,,,,,,,,,,,,107108.82 ,,,,,,,,,,,,,,,
,,,,,,,,,,,,,,,,,,,,,,,,,,,,,,,,,,,,,,,42843.53 ,46021.00 ,,,,,,,,,,,,,,,,,,,,,,,,,42843.53 ,,,,,,,,,,,,,,42843.53 ,,,,,,,,,,,,,,,
,,,,,,,,,,,,,,,,,,,,,,,,,,,,3.00 ,智能化工程完成竣工验收，经甲方确认后后15个工作日内请款，次月30日前付款。,支付至智能化设计费结算金额的100%,21421.76 ,0.00 ,,,,,,,,,,,,,,,,,,,,,,,,,,,,,,,,,,,,,,,,,,,,,,,,,,,,,,,,,,,,,,
,南沙,45699.00 ,广州天河区梅花铝厂项目（西派天河序）,,广州市天河区梅花铝厂地块项目建设工程委托设计管理服务合同补充协议2,CRCCRE-SJ-XM-2023-060-B2,设计总包（精装补充）,CRCCRE-HN-GZMH-KF.QQ.02.01-2023-001-B2,广州市天河区顺信房地产有限公司,/,/,215365.48 ,,,,,,,,,,,,215365.48 ,,,精装中心,1.00 ,本协议签订且提交概念性方案并经甲方确认后 15 个工作日内请款，乙方按照甲方审核后的金额，开具相应金额的增值税专用发票，由甲方于审核后次月30日前进行进度款支付。,支付至合同暂定金额的 15%,32304.82 ,32304.82 ,产值确认单,45819.00 ,32304.82 ,45819.00 ,32304.82 ,45820.00 ,32304.82 ,45835.00 ,,,,,,,,,,,,,,,,,,,,,,,32304.82 ,,,,,,,,,,,,,,32304.82 ,,,,,,,,,,,,,,,,,
,,,,,,,,,,,,,,,,,,,,,,,,,,,,2.00 ,乙方完成方案阶段设计并经甲方确认通过后，乙方按照甲方审核后的金额，开具相应金额的增值税专用发票，由甲方于审核后次月30日前进行进度款支付。,支付至合同暂定金额的 35%,43073.10 ,43073.10 ,产值确认单,45819.00 ,43073.10 ,45819.00 ,43073.10 ,45820.00 ,43073.10 ,45835.00 ,,,,,,,,,,,,,,,,,,,,,,,43073.10 ,,,,,,,,,,,,,,43073.10 ,,,,,,,,,,,,,,,,,
,,,,,,,,,,,,,,,,,,,,,,,,,,,,3.00 ,乙方提交第一版施工图（招标图）及主材样板，并经甲方确认后，乙方按照甲方审核后的金额，开具相应金额的增值税专用发票，由甲方于审核后次月30日前进行进度款支付。,支付至合同暂定金额的 40%,10768.27 ,10768.27 ,产值确认单,45819.00 ,10768.27 ,45819.00 ,10768.27 ,45820.00 ,10768.27 ,45835.00 ,,,,,,,,,,,,,,,,,,,,,,,10768.27 ,,,,,,,,,,,,,,10768.27 ,,,,,,,,,,,,,,,,,
,,,,,,,,,,,,,,,,,,,,,,,,,,,,4.00 ,乙方提交最终版施工图完成施工图会审反馈并提交修改成果、完成技术交底、施工样板，并经甲方确认后，乙方按照甲方审核后的金额，开具相应金额的增值税专用发票，由甲方于审核后次月30日前进行进度款支付。,支付至合同暂定金额的 80%,86146.19 ,64609.64 ,产值确认单,45819.00 ,64609.64 ,45819.00 ,64609.64 ,45820.00 ,34458.47 ,45835.00 ,,,,,,,,,,,,,,,,,,,,,,,64609.64 ,,,,,,,,,,,,,,34458.47 ,,,,,,,,,,,,,,,,,
,,,,,,,,,,,,,,,,,,,,,,,,,,,,,,,,,,,,,,,30151.17 ,46021.00 ,,,,,,,,,,,,,,,,,,,,,,,,,,,,,,,,,,,,,30151.17 ,,,,,,,,,,,,,,,,,
,,,,,,,,,,,,,,,,,,,,,,,,,,,,,,,,21536.55 ,预估,46203.00 ,,,,,21536.55 ,46233.00 ,,,,,,,,,,,,,,,,,,,,,,,21536.55 ,,,,,,,,,,,,,,21536.55 ,,,,,,,,,,,,,,,,,
,,,,,,,,,,,,,,,,,,,,,,,,,,,,5.00 ,精装修竣工验收完成，竣工后15个工作日内请款，乙方按照甲方审核后的金额，开具相应金额的增值税专用发票，由甲方于审核后次月30日前进行进度款支付。,支付至合同暂定金额的95%,32304.82 ,32304.82 ,预估,46203.00 ,,,,,32304.82 ,46233.00 ,,,,,,,,,,,,,,,,,,,,,,,32304.82 ,,,,,,,,,,,,,,32304.82 ,,,,,,,,,,,,,,,,,
,,,,,,,,,,,,,,,,,,,,,,,,,,,,6.00 ,本协议项下的调增款项与原合同一并结算（具体结算节点以原合同约定为准），结算完成后，与原合同及补充协议1款项一并结算，具体付款安排以原合同及补充协议1约定为准。,支付至结算金额的100%,10768.27 ,0.00 ,,,,,,,0.00 ,,,,,,,,,,,,,,,,,,,,,,,,,,,,,,,,,,,,,,,,,,,,,,,,,,,,,,,
,南沙,45709.00 ,广州天河区梅花铝厂项目（西派天河序）,,广州市天河区梅花铝厂地块项目建设工程委托设计管理服务合同补充协议3,CRCCRE-SJ-XM-2023-060-B3,方案补充,CRCCRE-HN-GZMH-KF.QQ.02.01-2023-001-B3,广州市天河区顺信房地产有限公司,/,/,121000.00 ,,,,,,,,,,,,,,121000.00 ,项目管理中心,1.00 ,本协议签订且提交修改方案并经甲方确认后 15 个工作日内请款，乙方按照甲方审核后的金额，开具相应金额的增值税专用发票，由甲方于审核后次月30日前进行进度款支付。,支付至合同暂定金额的50%,60500.00 ,60500.00 ,预估,46203.00 ,,,,,60500.00 ,46233.00 ,,,,,,,,,,,,,,,,,,,,,,,,,60500.00 ,,,,,,,,,,,,,,60500.00 ,,,,,,,,,,,,,,,
,,,,,,,,,,,,,,,,,,,,,,,,,,,,2.00 ,乙方提交修改方案给施工图设计单位交底，并经过施工图设计单位确认可以开展施工图工作，同时并经甲方确认后，乙方按照甲方审核后的金额，开具相应金额的增值税专用发票，由甲方于审核后次月30日前进行进度款支付。,支付至合同暂定金额的 95%,54450.00 ,54450.00 ,预估,46203.00 ,,,,,54450.00 ,46233.00 ,,,,,,,,,,,,,,,,,,,,,,,,,54450.00 ,,,,,,,,,,,,,,54450.00 ,,,,,,,,,,,,,,,
,,,,,,,,,,,,,,,,,,,,,,,,,,,,3.00 ,竣工验收完成，竣工后15个工作日内请款，乙方按照甲方审核后的金额，开具相应金额的增值税专用发票，由甲方于审核后次月30日前进行进度款支付。,支付至合同暂定金额的100%,6050.00 ,0.00 ,,,,,,,0.00 ,,,,,,,,,,,,,,,,,,,,,,,,,,,,,,,,,,,,,,,,,,,,,,,,,,,,,,,
,南沙,45965.00 ,广州天河区梅花铝厂项目（西派天河序）,,广州市天河区梅花铝厂地块精装及景观委托设计管理服务合同,CRCCRE-SJ-XM-2025-031,景观,CRCCRE-NS-THSXGZSTHQNLGBJNCXM-KF.QQ.02.01-2025-001,广州市天河区顺信房地产有限公司,,,111448.80 ,,,,,,,,,,,,,,111448.80 ,项目管理中心,1.00 ,概念设计成果经甲方确认且乙方提供发票等请款资料后2个月内(付款审批流程完成后),支付至暂估景观设计费的25%,27862.20 ,27862.20 ,产值确认单,45995.00 ,27862.20 ,45995.00 ,27862.20 ,45999.00 ,27862.20 ,46021.00 ,,,,,,,,,,,,,,,,,,,,,,,,,27862.20 ,,,,,,,,,,,,,,27862.20 ,,,,,,,,,,,,,,,
,,,,,,,,,,,,,,,,,,,,,,,,,,,,2.00 ,"方案设计成果完成经甲方确认且乙方提供发票等请款资料后2个月内(付款审批流
程完成后)",支付至暂估景观设计费的45%,22289.76 ,22289.76 ,预估,46233.00 ,,,,,22289.76 ,46264.00 ,,,,,,,,,,,,,,,,,,,,,,,,,22289.76 ,,,,,,,,,,,,,,22289.76 ,,,,,,,,,,,,,,,
,,,,,,,,,,,,,,,,,,,,,,,,,,,,3.00 ,"扩初设计成果完成经甲方确认且乙方提供发票等请款资料后2个月内(付款审批流
程完成后)",支付至暂估景观设计费的60%,16717.32 ,16717.32 ,预估,46233.00 ,,,,,16717.32 ,46264.00 ,,,,,,,,,,,,,,,,,,,,,,,,,16717.32 ,,,,,,,,,,,,,,16717.32 ,,,,,,,,,,,,,,,
,,,,,,,,,,,,,,,,,,,,,,,,,,,,4.00 ,施工图设计成果完成经甲方确认且乙方提供发票等请款资料后2个月内(付款审批流程完成后),支付至暂估景观设计费的80%,22289.76 ,22289.76 ,预估,46233.00 ,,,,,22289.76 ,46264.00 ,,,,,,,,,,,,,,,,,,,,,,,,,22289.76 ,,,,,,,,,,,,,,22289.76 ,,,,,,,,,,,,,,,
,,,,,,,,,,,,,,,,,,,,,,,,,,,,5.00 ,施工现场配合完成经甲方确认且乙方提供发票等请款资料后2个月内(付款审批流程完成后),支付至暂估景观设计费的95%,16717.32 ,16717.32 ,预估,46233.00 ,,,,,16717.32 ,46264.00 ,,,,,,,,,,,,,,,,,,,,,,,,,16717.32 ,,,,,,,,,,,,,,16717.32 ,,,,,,,,,,,,,,,
,,,,,,,,,,,,,,,,,,,,,,,,,,,,6.00 ,景观工程竣工验收合格，本合同办理完成结算且乙方提供发票等请款资料后2个月内(付款审批流程完成后),支付至景观整体设计费结算金额的100%,5572.44 ,5572.44 ,,,,,,,,,,,,,,,,,,,,,,,,,,,,,,,,,5572.44 ,,,,,,,,,,,,,,5572.44 ,,,,,,,,,,,,,,,
,,,,,,,样板间精装,,,,,632535.00 ,,,,,,,,,,,,,,632535.00 ,项目管理中心,1.00 ,合同签订并提交第一版概念性方案后15个工作日内请款且乙方提供发票等请款资料，次月30日前付款。,支付至样板间暂估精装设计费的15%,94880.25 ,94880.25 ,预估,46142.00 ,,,,,94880.25 ,46142.00 ,,,,,,,,,,,,,,,,,,,,,,,,,94880.25 ,,,,,,,,,,,,,,94880.25 ,,,,,,,,,,,,,,,
,,,,,,,,,,,,,,,,,,,,,,,,,,,,2.00 ,精装概念设计完成经甲方确认后15个工作日内请款且乙方提供发票等请款资料，次月30日前付款。,支付至样板间暂估精装设计费的35%,126507.00 ,126507.00 ,预估,46142.00 ,,,,,126507.00 ,46142.00 ,,,,,,,,,,,,,,,,,,,,,,,,,126507.00 ,,,,,,,,,,,,,,126507.00 ,,,,,,,,,,,,,,,
,,,,,,,,,,,,,,,,,,,,,,,,,,,,3.00 ,精装方案扩初设计完成经甲方确认后15个工作日内请款且乙方提供发票等请款资料，次月30日前付款。,支付至样板间暂估精装设计费的50%,94880.25 ,94880.25 ,预估,46142.00 ,,,,,94880.25 ,46142.00 ,,,,,,,,,,,,,,,,,,,,,,,,,94880.25 ,,,,,,,,,,,,,,94880.25 ,,,,,,,,,,,,,,,
,,,,,,,,,,,,,,,,,,,,,,,,,,,,4.00 ,精装施工图设计完成经甲方确认后15个工作日内请款且乙方提供发票等请款资料，次月30日前付款。,支付至样板间暂估精装设计费的80%,189760.50 ,189760.50 ,预估,46142.00 ,,,,,189760.50 ,46142.00 ,,,,,,,,,,,,,,,,,,,,,,,,,189760.50 ,,,,,,,,,,,,,,189760.50 ,,,,,,,,,,,,,,,
,,,,,,,,,,,,,,,,,,,,,,,,,,,,5.00 ,精装修竣工验收完成后15个工作日内请款且乙方提供发票等请款资料，次月30日前付款。,支付至样板间暂估精装设计费的95%,94880.25 ,94880.25 ,预估,46142.00 ,,,,,94880.25 ,46142.00 ,,,,,,,,,,,,,,,,,,,,,,,,,94880.25 ,,,,,,,,,,,,,,94880.25 ,,,,,,,,,,,,,,,
,,,,,,,,,,,,,,,,,,,,,,,,,,,,6.00 ,结算完成后15个工作日内请款且乙方提供发票等请款资料，次月30日前付款。,支付至样板间精装设计费结算金额的100%,31626.75 ,,,,,,,,,,,,,,,,,,,,,,,,,,,,,,,,,,31626.75 ,,,,,,,,,,,,,,31626.75 ,,,,,,,,,,,,,,,
,,,,,,,棋牌室精装,,,,,102400.00 ,,,,,,,,,,,,,,102400.00 ,项目管理中心,1.00 ,合同签订并提交第一版概念性方案后15个工作日内请款且乙方提供发票等请款资料，次月30日前付款。,支付至棋牌室暂估精装设计费的15%,15360.00 ,15360.00 ,预估,46142.00 ,,,,,15360.00 ,46142.00 ,,,,,,,,,,,,,,,,,,,,,,,,,15360.00 ,,,,,,,,,,,,,,15360.00 ,,,,,,,,,,,,,,,
,,,,,,,,,,,,,,,,,,,,,,,,,,,,2.00 ,精装概念设计完成经甲方确认后15个工作日内请款且乙方提供发票等请款资料，次月30日前付款。,支付至棋牌室暂估精装设计费的35%,20480.00 ,20480.00 ,预估,46142.00 ,,,,,20480.00 ,46142.00 ,,,,,,,,,,,,,,,,,,,,,,,,,20480.00 ,,,,,,,,,,,,,,20480.00 ,,,,,,,,,,,,,,,
,,,,,,,,,,,,,,,,,,,,,,,,,,,,3.00 ,精装方案扩初设计完成经甲方确认后15个工作日内请款且乙方提供发票等请款资料，次月30日前付款。,支付至棋牌室暂估精装设计费的50%,15360.00 ,15360.00 ,预估,46142.00 ,,,,,15360.00 ,46142.00 ,,,,,,,,,,,,,,,,,,,,,,,,,15360.00 ,,,,,,,,,,,,,,15360.00 ,,,,,,,,,,,,,,,
,,,,,,,,,,,,,,,,,,,,,,,,,,,,4.00 ,精装施工图设计完成经甲方确认后15个工作日内请款且乙方提供发票等请款资料，次月30日前付款。,支付至棋牌室暂估精装设计费的80%,30720.00 ,30720.00 ,预估,46142.00 ,,,,,30720.00 ,46142.00 ,,,,,,,,,,,,,,,,,,,,,,,,,30720.00 ,,,,,,,,,,,,,,30720.00 ,,,,,,,,,,,,,,,
,,,,,,,,,,,,,,,,,,,,,,,,,,,,5.00 ,精装修竣工验收完成后15个工作日内请款且乙方提供发票等请款资料，次月30日前付款。,支付至棋牌室暂估精装设计费的95%,15360.00 ,15360.00 ,预估,46142.00 ,,,,,15360.00 ,46142.00 ,,,,,,,,,,,,,,,,,,,,,,,,,15360.00 ,,,,,,,,,,,,,,15360.00 ,,,,,,,,,,,,,,,
,,,,,,,,,,,,,,,,,,,,,,,,,,,,6.00 ,结算完成后15个工作日内请款且乙方提供发票等请款资料，次月30日前付款。,支付至棋牌室精装设计费结算金额的100%,5120.00 ,0.00 ,,,,,,,0.00 ,,,,,,,,,,,,,,,,,,,,,,,,,,,,,,,,,,,,,,,,,,,,,,,,,,,,,,,
,,,,,,,批量精装,,,,,321376.00 ,,,,,,,,,,,,321376.00 ,,,精装中心,1.00 ,合同签订并提交第一版概念性方案后 15 个工作日内请款，乙方按照甲方审核后的金额，开具相应金额的增值税专用发票及提交请款资料，由甲方于审核后次月30日前进行进度款支付。,支付至批量精装暂定金额的 15%,48206.40 ,0.00 ,,,,,,,0.00 ,,,,,,,,,,,,,,,,,,,,,,,,,,,,,,,,,,,,,,,,,,,,,,,,,,,,,,,
,,,,,,,,,,,,,,,,,,,,,,,,,,,,2.00 ,"完成大区精装概念设计,提交成果并得到甲方认可后15个工作日内请款，乙方按照甲方审核后的金额，开具相应金额的增值税专用发票及提交请款资料，由甲方于审核后次月30日前进行进度款支付。",支付至批量精装暂定金额的 35%,64275.20 ,0.00 ,,,,,,,0.00 ,,,,,,,,,,,,,,,,,,,,,,,,,,,,,,,,,,,,,,,,,,,,,,,,,,,,,,,
,,,,,,,,,,,,,,,,,,,,,,,,,,,,3.00 ,完成大方案扩初设计阶段最终成果，经甲方书面确认后15个工作日内请款，乙方按照甲方审核后的金额，开具相应金额的增值税专用发票及提交请款资料，由甲方于审核后次月30日前进行进度款支付。,支付至批量精装暂定金额的 50%,48206.40 ,0.00 ,,,,,,,0.00 ,,,,,,,,,,,,,,,,,,,,,,,,,,,,,,,,,,,,,,,,,,,,,,,,,,,,,,,
,,,,,,,,,,,,,,,,,,,,,,,,,,,,4.00 ,"完成大区精装施工图设计,提交成果并得到甲方认可后15个工作日内请款，乙方按照甲方审核后的金额，开具相应金额的增值税专用发票及提交请款资料，由甲方于审核后次月30日前进行进度款支付。",支付至批量精装暂定金额的80%,96412.80 ,0.00 ,,,,,,,0.00 ,,,,,,,,,,,,,,,,,,,,,,,,,,,,,,,,,,,,,,,,,,,,,,,,,,,,,,,
,,,,,,,,,,,,,,,,,,,,,,,,,,,,5.00 ,大区精装修竣工验收完成，竣工后15个工作日内请款，乙方按照甲方审核后的金额，开具相应金额的增值税专用发票及提交请款资料，由甲方于审核后次月30日前进行进度款支付。,支付至批量精装暂定金额的95%,48206.40 ,0.00 ,,,,,,,0.00 ,,,,,,,,,,,,,,,,,,,,,,,,,,,,,,,,,,,,,,,,,,,,,,,,,,,,,,,
,,,,,,,,,,,,,,,,,,,,,,,,,,,,6.00 ,结算完成，后15个工作日内请款，乙方按照甲方审核后的金额，开具相应金额的增值税专用发票及提交请款资料，由甲方于审核后次月30日前进行结算款支付。,支付至批量精装结算 金额的100%,16068.80 ,0.00 ,,,,,,,0.00 ,,,,,,,,,,,,,,,,,,,,,,,,,,,,,,,,,,,,,,,,,,,,,,,,,,,,,,,
,,,,,,,品质车库,,,,,110642.28 ,,,,,,,,,,,,,,110642.28 ,项目管理中心,1.00 ,乙方提交本项目工作方案经甲方确认后15个工作日内请款，乙方按照甲方审核后的金额，开具相应金额的增值税专用发票及提交请款资料，次月30日前付款。,支付至品质车库暂定设计费的20%,22128.46 ,0.00 ,,,,,,,0.00 ,,,,,,,,,,,,,,,,,,,,,,,,,,,,,,,,,,,,,,,,,,,,,,,,,,,,,,,
,,,,,,,,,,,,,,,,,,,,,,,,,,,,2.00 ,本项目取得施工图审查合格书后 15个工作日内请款，乙方按照甲方审核后的金额，开具相应金额的增值税专用发票及提交请款资料，次月 30 日前付款。,支付至品质车库暂定设计费的50%,33192.68 ,0.00 ,,,,,,,0.00 ,,,,,,,,,,,,,,,,,,,,,,,,,,,,,,,,,,,,,,,,,,,,,,,,,,,,,,,
,,,,,,,,,,,,,,,,,,,,,,,,,,,,3.00 ,提供施工图经甲方确认后15个工作日内请款，乙方按照甲方审核后的金额，开具相应金额的增值税专用发票及提交请款资料，次月 30 日前付款。,支付至品质车库暂定设计费的90%,44256.91 ,0.00 ,,,,,,,0.00 ,,,,,,,,,,,,,,,,,,,,,,,,,,,,,,,,,,,,,,,,,,,,,,,,,,,,,,,
,,,,,,,,,,,,,,,,,,,,,,,,,,,,4.00 ,整体项目竣工验收完成后15个工作日内请款，乙方按照甲方审核后的金额，开具相应金额的增值税专用发票及提交请款资料，次月30日前付款,支付至品质车库设计费结算金额的100%,11064.23 ,0.00 ,,,,,,,0.00 ,,,,,,,,,,,,,,,,,,,,,,,,,,,,,,,,,,,,,,,,,,,,,,,,,,,,,,,
,外部,45040.00 ,际华园荷府项目（际华贵港项目）,,"际华园荷府项目工程规划及方案设计合同
",CRCCRE-SJ-CZ-2023-001,方案,,贵港新兴城投有限责任公司,总建面406636.07,,2200000.00 ,,,,2200000.00 ,,,,,,,,,,,,1-预付款,合同生效后,0.10 ,220000.00 ,220000.00 ,产值确认单,45068.00 ,220000.00 ,45068.00 ,220000.00 ,45068.00 ,220000.00 ,45075.00 ,0.00 ,,,,,,,,,,,,,,207460.00 ,,,,10340.00 ,,,,,,2200.00 ,,,,207460.00 ,,,,10340.00 ,,,,,,2200.00 ,,,,,,,,,,,,,,,
,,,,,,,,,,,,,,,,,,,,,,,,,,,,2-修建性详细规划,通过修建性详细规划报建，核算面积以取得政府批复面积为准,0.20 ,440000.00 ,440000.00 ,产值确认单,45084.00 ,440000.00 ,45084.00 ,440000.00 ,45085.00 ,440000.00 ,45128.00 ,0.00 ,,,,,,,,,,,,,,414920.00 ,,,,20680.00 ,,,,,,4400.00 ,,,,414920.00 ,,,,20680.00 ,,,,,,4400.00 ,,,,,,,,,,,,,,,
,,,,,,,,,,,,,,,,,,,,,,,,,,,,3-修建性详细规划,通过修建性详细规划报建，核算面积以取得政府批复面积为准,0.15 ,330000.00 ,330000.00 ,产值确认单,45211.00 ,330000.00 ,45211.00 ,330000.00 ,45211.00 ,330000.00 ,45225.00 ,0.00 ,,,,,,,,,,,,,,311190.00 ,,,,15510.00 ,,,,,,3300.00 ,,,,311190.00 ,,,,15510.00 ,,,,,,3300.00 ,,,,,,,,,,,,,,,
,,,,,,,,,,,,,,,,,,,,,,,,,,,,4-单体建筑方案设计(根据开发节奏划定的地块）,乙方提交方案设计成果并经甲方确认后,0.15 ,330000.00 ,330000.00 ,产值确认单,45211.00 ,330000.00 ,45211.00 ,330000.00 ,45211.00 ,330000.00 ,45225.00 ,0.00 ,,,,,,,,,,,,,,311190.00 ,,,,15510.00 ,,,,,,3300.00 ,,,,311190.00 ,,,,15510.00 ,,,,,,3300.00 ,,,,,,,,,,,,,,,
,,,,,,,,,,,,,,,,,,,,,,,,,,,,,,0.05 ,110000.00 ,110000.00 ,,,,,,,110000.00 ,,,,,,,,,,,,,,,,103730.00 ,,,,5170.00 ,,,,,,1100.00 ,,,,103730.00 ,,,,5170.00 ,,,,,,1100.00 ,,,,,,,,,,,,,,,
,,,,,,,,,,,,,,,,,,,,,,,,,,,,,方案确认稿——建筑方案设计通过政府主管部门审批通过，取得工程规划许可证。,0.10 ,220000.00 ,0.00 ,,,,,,,0.00 ,,0.00 ,,,,,,,,,,,,,,,,,,,,,,,,,,,,,,,,,,,,,,,,,,,,,,,,,,,,,
,,,,,,,,,,,,,,,,,,,,,,,,,,,,"5-施工配合(根据开发节奏划定的
地块)",取得施工图审查合格证，审核效果类的专项设计(包括但不限于装修、景观、幕墙、泛光、标识等)及施工图纸，并提供审查报告；完成结算办理工作。,0.10 ,220000.00 ,0.00 ,,,,,,,0.00 ,,0.00 ,,,,,,,,,,,,,,,,,,,,,,,,,,,,,,,,,,,,,,,,,,,,,,,,,,,,,
,,,,,,,,,,,,,,,,,,,,,,,,,,,,,施工配合阶段对设计材料，样板，效果优化调整进行配合，确保原创方案设计效果落地。根据发包人指令参与施工现场的巡检。,0.10 ,220000.00 ,0.00 ,,,,,,,0.00 ,,0.00 ,,,,,,,,,,,,,,,,,,,,,,,,,,,,,,,,,,,,,,,,,,,,,,,,,,,,,
,,,,,,,,,,,,,,,,,,,,,,,,,,,,,现场竣工验收完成后。,0.05 ,110000.00 ,0.00 ,,,,,,,0.00 ,,0.00 ,,,,,,,,,,,,,,,,,,,,,,,,,,,,,,,,,,,,,,,,,,,,,,,,,,,,,
,中南,44449.00 ,"长沙杉木村项目
（湘语洺悦）
（完成）",CRCCRE-DC-XM-2021-016,长沙杉木村045号地块项目规划建筑方案设计合同,CRCCRE-SJ-CZ-2021-011,方案+咨询,,长沙京蓉房地产开发有限公司,91539.82 ,"方案设计：
13元/㎡
施工图咨询：
5元/㎡",1647716.76 ,0.00 ,0.00 ,0.00 ,1122186.65 ,0.00 ,0.00 ,0.00 ,513629.93 ,0.00 ,0.00 ,0.00 ,0.00 ,,11900.18 ,/,方案-1,合同签订15个工作日内支付,0.20 ,238003.53 ,709261.80 ,产值确认单,44482.00 ,709261.80 ,44462.00 ,709261.80 ,44482.00 ,709261.80 ,44554.00 ,,,同节点,,,1647716.76 ,1647716.76 ,1647716.76 ,0.00 ,0.00 ,0.00 ,,,,655357.90 ,,,,32626.05 ,,,,,,21277.85 ,,,,655357.90 ,,,,32626.05 ,,,,,,21277.85 ,直接委托,OA,,,,,,,,,,,,,
,,,,,,,,,,,,,,,,,,,,,,,,,,,,方案-2,方案调整、修改完成并通过政府审查后（规划复函）15个工作日内支付,0.40 ,476007.06 ,,,,,,,,,,,,,,,,,,,,,,,,,,,,,,,,,,,,,,,,,,,,,,,,,,,,,,,,,,,,,,,
,,,,,,,,,,,,,,,,,,,,,,,,,,,,方案-3,甲方取得《规划许可证》之日起15个工作日内,0.35 ,416506.18 ,413736.05 ,产值确认单,44508.00 ,413736.05 ,44508.00 ,413736.05 ,44508.00 ,413736.05 ,44554.00 ,,,,,,,,,,,,,,,382292.11 ,,,,19031.86 ,,,,,,12412.08 ,,,,382292.11 ,,,,19031.86 ,,,,,,12412.08 ,,,,,,,,,,,,,,,
,,,,,,,,,,,,,,,,,,,,,,,,,,,,方案-4,施工配合、竣工验收完成、结算完毕15个工作日内，按照《规划许可证》建筑面积进行结算,0.05 ,59500.88 ,59500.88 ,产值确认单,45282.00 ,59500.88 ,45282.00 ,67019.81 ,45614.00 ,67019.81 ,45653.00 ,,,,,,,,,,,,,,,56109.33 ,,,,2796.54 ,,,,,,595.01 ,,,,61926.30 ,,,,3082.91 ,,,,,,2010.60 ,,,,,,,,,,,,,,,
,,,,,,,,,,,,,,,,,,,,,,,,,,,,,,,,7518.93 ,开票,45614.00 ,7518.93 ,45614.00 ,,,,,,,,,,,,,,,,,,,5816.97 ,,,,286.37 ,,,,,,1415.59 ,,,,,,,,,,,,,,,,,,,,,,,,,,,,,
,,,,,,,,,,,,,,,,,,,,,,,,,,,,咨询-1,合同签订后，甲方提交首批设计资料给乙方后，15个工作日内支付施工图设计咨询费,0.20 ,91539.82 ,90931.00 ,产值确认单,44482.00 ,90931.00 ,44462.00 ,90931.00 ,44515.00 ,90931.00 ,44554.00 ,,,,,,,,,,,,,,,,,,,90931.00 ,,,,,,,,,,,,,,90931.00 ,,,,,,,,,,,,,,,,,,,,,
,,,,,,,,,,,,,,,,,,,,,,,,,,,,咨询-2,乙方提交全专业施工图设计咨询报告后，并经甲方认可后15个工作日内支付施工图设计咨询费,0.60 ,274619.46 ,366768.10 ,产值确认单,44555.00 ,366768.10 ,44545.00 ,366768.10 ,45614.00 ,366768.10 ,45653.00 ,,,,甲方人手不足协调不开，暂时没法请款,,,,,,,,,,,,,,,366768.10 ,,,,,,,,,,,,,,366768.10 ,,,,,,,,,366768.10 ,0.00 ,,,,,,,,,,,
,,,,,,,,,,,,,,,,,,,,,,,,,,,,咨询-3,甲方完成施工图审查并取得审查合格证后15个工作日内支付施工图设计咨询费，按照《规划许可证》建筑面积进行结算,0.20 ,91539.82 ,,,,,,,,,,,,,,,,,,,,,,,,,,,,,,,,,,,,,,,,,,,,,,,,,,,,,,,,,,,,,,,
,中南,44479.00 ,南昌经开区JQ3030-E03项目（完成）,CRCCRE-DC-XM-2021-024,中国铁建·知语拾光项目规划建筑方案设计及建筑设计咨询服务合同,CRCCRE-SJ-CZ-2021-012,方案+咨询,CRCCRE-ZN-NC-JY-QQ-2021-001,南昌京源房地产开发有限公司,136603.00 ,"方案设计：
10元/㎡
施工图咨询：5元/㎡",2049045.00 ,0.00 ,0.00 ,0.00 ,248289.61 ,0.00 ,0.00 ,0.00 ,15080.97 ,0.00 ,0.00 ,0.00 ,,,9835.42 ,/,方案-1,合同签订15个工作日内支付,0.20 ,273206.00 ,273206.00 ,产值确认单,44515.00 ,273206.00 ,44515.00 ,273206.00 ,44515.00 ,273206.00 ,44551.00 ,,,,,,2148187.90 ,2146473.70 ,2146473.70 ,-99142.90 ,1714.20 ,0.00 ,,,,248289.61 ,,,,15080.97 ,,,,,,9835.42 ,,,,248289.61 ,,,,15080.97 ,,,,,,9835.42 ,直接委托,OA,,,,,,,,,,,,,
,,,,,,,,,,,,,0.00 ,0.00 ,0.00 ,496579.23 ,0.00 ,0.00 ,0.00 ,30161.94 ,0.00 ,0.00 ,0.00 ,,,19670.83 ,,方案-2,方案调整、修改完成并通过政府审查后（规划复函）15个工作日内支付,0.40 ,546412.00 ,546412.00 ,产值确认单,44515.00 ,546412.00 ,44515.00 ,546412.00 ,44515.00 ,546412.00 ,44551.00 ,,,,,,,,,,,,,,,496579.23 ,,,,30161.94 ,,,,,,19670.83 ,,,,496579.23 ,,,,30161.94 ,,,,,,19670.83 ,,,,,,,,,,,,,,,
,,,,,,,,,,,,,0.00 ,0.00 ,0.00 ,450161.53 ,0.00 ,0.00 ,0.00 ,27948.97 ,0.00 ,0.00 ,0.00 ,,,0.00 ,,方案-3,甲方取得《规划许可证》之日起15个工作日内,0.35 ,478110.50 ,478110.50 ,产值确认单,44555.00 ,478110.50 ,44547.00 ,478110.50 ,44754.00 ,478110.50 ,44768.00 ,,,,方案3月份报完再请款,,,,,,,,,,,450161.53 ,,,,27948.97 ,,,,,,,,,,450161.53 ,,,,27948.97 ,,,,,,,,,,,,,,,,,,,,,
,,,,,,,,,,,,,0.00 ,0.00 ,0.00 ,64449.30 ,0.00 ,0.00 ,0.00 ,3852.20 ,0.00 ,0.00 ,0.00 ,,,0.00 ,,方案-4,施工配合、竣工验收完成、结算完毕15个工作日内，按照《规划许可证》建筑面积进行结算,0.05 ,68301.50 ,68301.50 ,产值确认单,45282.00 ,68301.50 ,45282.00 ,66587.30 ,45862.00 ,66587.30 ,45989.00 ,,规划许可证面积为136431.58㎡,,,,,,,,,,,,,64449.30 ,,,,3852.20 ,,,,,,,,,,62831.78 ,,,,3755.52 ,,,,,,,,,,,,,,,,,,,,,
,,,,,,,,,,,,,0.00 ,0.00 ,0.00 ,54641.20 ,0.00 ,0.00 ,0.00 ,81961.80 ,0.00 ,0.00 ,0.00 ,,,0.00 ,,咨询-1,合同签订后，甲方提交首批设计资料给乙方后，15个工作日内支付施工图设计咨询费,0.20 ,136603.00 ,136603.00 ,产值确认单,44515.00 ,136603.00 ,44515.00 ,136603.00 ,44515.00 ,136603.00 ,44551.00 ,,,,,,,,,,,,,,,54641.20 ,,,,81961.80 ,,,,,,,,,,54641.20 ,,,,81961.80 ,,,,,,,,,,,,,,,,,,,,,
,,,,,,,,,,,,,0.00 ,0.00 ,0.00 ,204904.50 ,0.00 ,0.00 ,0.00 ,245885.40 ,0.00 ,0.00 ,0.00 ,,,0.00 ,,咨询-2,乙方提交全专业施工图设计咨询报告后，并经甲方认可后15个工作日内支付施工图设计咨询费,0.60 ,450789.90 ,450789.90 ,产值确认单,44555.00 ,450789.90 ,44547.00 ,450789.90 ,44754.00 ,450789.90 ,44768.00 ,,,,,,,,,,,,,,,204904.50 ,,,,245885.40 ,,,,,,,,,,204904.50 ,,,,245885.40 ,,,,,,,,,,,,,,,,,,,,,
,,,,,,,,,,,,,,,,,,,,,,,,,,,,咨询-3,甲方完成施工图审查并取得审查合格证后15个工作日内支付施工图设计咨询费，按照《规划许可证》建筑面积进行结算,0.20 ,95622.10 ,94765.00 ,产值确认单,44851.00 ,94765.00 ,44851.00 ,94765.00 ,45862.00 ,94765.00 ,45989.00 ,,规划许可证面积为136431.58㎡,,,,,,,,,,,,,13537.86 ,,,,81227.14 ,,,,,,,,,,13537.86 ,,,,81227.14 ,,,,,,,,,,,,,,,,,,,,,
,,,,,,,,,,,,,0.00 ,0.00 ,0.00 ,13660.30 ,0.00 ,0.00 ,0.00 ,81961.80 ,0.00 ,0.00 ,0.00 ,,,0.00 ,,,,,,100000.00 ,产值确认单,45862.00 ,100000.00 ,45862.00 ,100000.00 ,45862.00 ,100000.00 ,45989.00 ,,增补结算10万元,,,,,,,,,,,,,100000.00 ,,,,,,,,,,,,,,100000.00 ,,,,,,,,,,,,,,,,,,,,,,,,,
47,中南,44766.00 ,"武汉铁建国际城项目
（完成）",CRCCRE-DC-XM-2022-014,"武汉国际城F地块项目建筑设计咨询服务合同
(案名：花语汀澜)",CRCCRE-SJ-ZX-2022-002,咨询,CRCCRE-ZN-WHGS-WHGJC-KF.QQ.02.05-2022-002,中铁房地产集团武汉有限公司,"原合同：169962.52
规整面积：
171873.18",全过程咨询：7元/㎡,1189737.64 ,0.00 ,0.00 ,0.00 ,0.00 ,0.00 ,0.00 ,0.00 ,1189737.64 ,0.00 ,0.00 ,0.00 ,0.00 ,,0.00 ,/,咨询-1,合同签订后且甲方在提交首批设计资料给乙方后，三十个工作日内,0.20 ,237947.53 ,237947.53 ,产值确认单,44849.00 ,237947.53 ,44849.00 ,237947.53 ,44963.00 ,237947.53 ,45075.00 ,0.00 ,,,,,1203112.26 ,1203112.26 ,1203112.26 ,-13374.62 ,0.00 ,0.00 ,,,,,,,,237947.53 ,,,,,,,,,,,,,,237947.53 ,,,,,,,直接委托,OA,,,,,,,,,,,,,
,,,,,,,,,,,,,,,,,,,,,,,,,,,,咨询-2,乙方完成方案设计阶段的设计咨询工作并配合甲方取得《建设工程规划许可证》后，三十个工作日内,0.30 ,356921.29 ,135737.70 ,产值确认单,44849.00 ,135737.70 ,44849.00 ,135737.70 ,44963.00 ,135737.70 ,45075.00 ,,,首开区面积：64637平方米,,,,,,,,,,,,,,,,135737.70 ,,,,,,,,,,,,,,135737.70 ,,,,,,,,,,,,,,,,,,,,,
,,,,,,,,,,,,,,,,,,,,,,,,,,,,,,,,85445.89 ,产值确认单,44963.00 ,85445.89 ,44963.00 ,85445.89 ,44963.00 ,85445.89 ,45075.00 ,,,,,,,,,,,,,,,,,,,85445.89 ,,,,,,,,,,,,,,85445.89 ,,,,,,,,,,,,,,,,,,,,,
,,,,,,,,,,,,,,,,,,,,,,,,,,,,,,,,135737.70 ,产值确认单,45252.00 ,135737.70 ,45252.00 ,135737.70 ,45456.00 ,135737.70 ,45504.00 ,,,,,,,,,,,,,,,,,,,135737.70 ,,,,,,,,,,,,,,135737.70 ,,,,,,,,,135737.70 ,0.00 ,,,,,,,,,,,
,,,,,,,,,,,,,,,,,,,,,,,,,,,,咨询-3,乙方提交第一版全专业施工图设计咨询报告并配合甲方通过施工图审查机构的施工图审查后，三十个工作日内,0.30 ,356921.29 ,135737.70 ,产值确认单,44917.00 ,135737.70 ,44917.00 ,135737.70 ,44963.00 ,135737.70 ,45075.00 ,,,首开区面积：64637平方米,,,,,,,,,,,,,,,,135737.70 ,,,,,,,,,,,,,,135737.70 ,,,,,,,,,,,,,,,,,,,,,
,,,,,,,,,,,,,,,,,,,,,,,,,,,,,,,,221183.59 ,产值确认单,45252.00 ,221183.59 ,45252.00 ,221183.59 ,45456.00 ,221183.59 ,45504.00 ,,,,,,,,,,,,,,,,,,,221183.59 ,,,,,,,,,,,,,,221183.59 ,,,,,,,,,221183.59 ,0.00 ,,,,,,,,,,,
,,,,,,,,,,,,,,,,,,,,,,,,,,,,咨询-4,乙方完成该项目设计咨询总结报告并经甲方认可后，三十个工作日内,0.15 ,178460.65 ,178460.65 ,产值确认单,45252.00 ,178460.65 ,45252.00 ,178460.65 ,45456.00 ,178460.65 ,45504.00 ,,,,,,,,,,,,,,,,,,,178460.65 ,,,,,,,,,,,,,,178460.65 ,,,,,,,,,178460.65 ,0.00 ,,,,,,,,,,,
,,,,,,,,,,,,,,,,,,,,,,,,,,,,咨询-5,项目竣工备案后，三十个工作日内,0.05 ,59486.88 ,72861.50 ,产值确认单,45764.00 ,72861.50 ,45764.00 ,72861.50 ,45764.00 ,72861.50 ,45835.00 ,0.00 ,规证面积：171873.18,11月底竣工备案,,,,,,,,,,,,,,,,72861.50 ,,,,,,,,,,,,,,72861.50 ,,,,,,,,,,,,,,,,,,,,,
47,中南,44892.00 ,"武汉国际城F地块项目
（完成）",CRCCRE-DC-XM-2022-014,武汉国际城F地块项目地下室BIM管综优化服务合同,CRCCRE-SJ-BIM-2022-010,BIM,CRCCRE-ZN-WHGS-WHGJC-KF.QQ.02.05-2022-006,中铁房地产集团武汉有限公司,45546.58 ,7元/㎡,318826.06 ,0.00 ,0.00 ,0.00 ,0.00 ,0.00 ,0.00 ,0.00 ,,318826.06 ,0.00 ,0.00 ,0.00 ,,0.00 ,/,BIM-1,乙方提交第一版BIM模型且经过甲方确认后，30个工作日内。,0.30 ,95647.82 ,95647.82 ,产值确认单,44915.00 ,95647.82 ,44915.00 ,95647.82 ,45117.00 ,95647.82 ,45132.00 ,0.00 ,,,,,318826.06 ,318826.06 ,318826.06 ,0.00 ,0.00 ,0.00 ,,,,,,,,,95647.82 ,,,,,,,,,,,,,,95647.82 ,,,,,,直接委托,OA,,,,,,,,,,,,,
,,,,,,,,,,,,,,,,,,,,,,,,,,,,BIM-2,乙方根据甲方优化后的施工图纸提交BIM咨询优化报告、完成BIM范围的交底工作且经书面确认后30个工作日内,0.60 ,191295.64 ,191295.64 ,产值确认单,45117.00 ,191295.64 ,45117.00 ,191295.64 ,,191295.64 ,45138.00 ,0.00 ,,,,,,,,,,,,,,,,,,,191295.64 ,,,,,,,,,,,,,,191295.64 ,,,,,,,,,,,,,,,,,,,,
,,,,,,,,,,,,,,,,,,,,,,,,,,,,BIM-3,乙方跟踪项目进度，完成设计变更的BIM模型更改，至项目取得竣工备案表后15个共工作日内双方办理计价手续，次月支付剩余合同额,0.10 ,31882.61 ,31882.60 ,产值确认单,45764.00 ,31882.60 ,45764.00 ,31882.60 ,45764.00 ,31882.60 ,45835.00 ,0.00 ,,11月底竣工备案,,,,,,,,,,,,,,,,,31882.60 ,,,,,,,,,,,,,,31882.60 ,,,,,,,,,,,,,,,,,,,,
47,中南,45252.00 ,"咨询：合肥瑶海项目
BIM:合肥长江东路项目
完成",,中国铁建合肥花语天境项目建筑设计咨询服务合同,CRCCRE-SJ-ZX-2023-053,咨询,CRCCRE-ZN-HFJS-HFYHQZJDLXM-KF.QQ.02.06-2023-001,合肥京尚房地产开发有限公司,73900.04 ,"全过程咨询：4.55元/㎡
多维汇报:
1元/㎡",410000.00 ,0.00 ,0.00 ,0.00 ,0.00 ,0.00 ,0.00 ,0.00 ,336099.96 ,73900.04 ,0.00 ,0.00 ,0.00 ,,0.00 ,/,咨询-1,合同签订后且甲方在提交首批设计资料给乙方后，三十个工作日内,0.20 ,82000.00 ,82000.00 ,产值确认单,45266.00 ,82000.00 ,45266.00 ,328000.00 ,45296.00 ,82000.00 ,45306.00 ,-246000.00 ,,,,,410000.00 ,410000.00 ,410000.00 ,0.00 ,0.00 ,0.00 ,,,,,,,,67219.99 ,14780.01 ,,,,,,,,,,,,,67219.99 ,14780.01 ,,,,,,直接委托,OA,,,,,,,,,,,,,
,,,,,,,,,,,,,,,,,,,,,,,,,,,,咨询-2,乙方完成方案设计阶段的设计咨询工作并配合甲方取得《建设工程规划许可证》后，三十个工作日内,0.30 ,123000.00 ,123000.00 ,产值确认单,45266.00 ,123000.00 ,45266.00 ,,45296.00 ,123000.00 ,45306.00 ,123000.00 ,,,,,,,,,,,,,,,,,,100829.99 ,22170.01 ,,,,,,,,,,,,,100829.99 ,22170.01 ,,,,,,,,,,,,,,,,,,,,
,,,,,,,,,,,,,,,,,,,,,,,,,,,,咨询-3,乙方提交第一版全专业施工图设计咨询报告后，三十个工作日内,0.30 ,123000.00 ,123000.00 ,产值确认单,45266.00 ,123000.00 ,45266.00 ,,45296.00 ,123000.00 ,45306.00 ,123000.00 ,,,,,,,,,,,,,,,,,,100829.99 ,22170.01 ,,,,,,,,,,,,,100829.99 ,22170.01 ,,,,,,,,,,,,,,,,,,,,
,,,,,,,,,,,,,,,,,,,,,,,,,,,,咨询-4,甲方完成施工图审查并取得审查合格证后，三十个工作日内,0.20 ,82000.00 ,82000.00 ,产值确认单,45266.00 ,82000.00 ,45266.00 ,82000.00 ,45608.00 ,82000.00 ,45639.00 ,0.00 ,,,,,,,,,,,,,,,,,,67219.99 ,14780.01 ,,,,,,,,,,,,,67219.99 ,14780.01 ,,,,,,,,82000.00 ,0.00 ,,,,,,,,,,,
47,中南,45272.00 ,武汉知语1901商业项目,CRCCRE-DC-XM-2023-017,中国铁建·武汉知语1901商业项目策划及规划方案设计服务合同,CRCCRE-SJ-TOD-2023-053,"策划
方案设计",CRCCRE-ZN-CDGS-WHCDXM-KF.QQ.02.05-2023-001,中铁房地产武汉蔡甸有限公司,25000.00 ,"项目策划：
45万
方案设计:
11.25万",1575000.00 ,0.00 ,0.00 ,0.00 ,0.00 ,0.00 ,0.00 ,0.00 ,0.00 ,0.00 ,0.00 ,1575000.00 ,0.00 ,,0.00 ,TOD：406000,1.00 ,合同签订后，乙方提交商业策划定位及业态规划建议、完成《商业产品策略报告》，得到甲方确认之日起三十个工作日内,0.20 ,315000.00 ,315000.00 ,产值确认单,45281.00 ,315000.00 ,45281.00 ,315000.00 ,45439.00 ,150000.00 ,45471.00 ,0.00 ,,,,,866250.00 ,315000.00 ,866250.00 ,708750.00 ,551250.00 ,-551250.00 ,,,,,,,,,,,315000.00 ,,,,,,,,,,,,,,150000.00 ,,,,直接委托,OA,,,,,,,,,,,,,
,,,,,,,,,,,,,,,,,,,,,,,,,,,,,,,,,,,,,,,165000.00 ,,,,,,,,,,,,,,,,,,,,,,,,,,,,,,,,,,,,,165000.00 ,,,,,,,,,,,,,,,,,,
,,,,,,,,,,,,,,,,,,,,,,,,,,,,2.00 ,乙方提交并汇报概念总图方案，得到甲方确认之日起三十个工作日内,0.20 ,315000.00 ,315000.00 ,产值确认单,45281.00 ,315000.00 ,45281.00 ,,,315000.00 ,,315000.00 ,要给精装中心分10万元（5.5w）,,,,,,,,,,,,,,,,,,,,315000.00 ,,,,,,,,,,,,,,315000.00 ,,,,,,,,,,,,,,,,,,
,,,,,,,,,,,,,,,,,,,,,,,,,,,,,,,,,,,,,,,0.00 ,,,,,,,,,,,,,,,,,,,,,,,-55000.00 ,55000.00 ,,,,,,,,,,,,,,,,,,,,,,,,,,,,,,,
,,,,,,,,,,,,,,,,,,,,,,,,,,,,3.00 ,乙方完成概念单体设计并提交全套概念方案文本，得到甲方确认之日起三十个工作日内,0.15 ,236250.00 ,236250.00 ,产值确认单,45281.00 ,236250.00 ,45281.00 ,,,236250.00 ,,236250.00 ,,,,,,,,,,,,,,,,,,,,,236250.00 ,,,,,,,,,,,,,,236250.00 ,,,,,,,,,,,,,,,,,,
,,,,,,,,,,,,,,,,,,,,,,,,,,,,4.00 ,方案调整、修改完成并向政府汇报，三十个工作日内,0.20 ,315000.00 ,0.00 ,,,,,,,0.00 ,,0.00 ,,,,,,,,,,,,,,,,,,,,,,,,,,,,,,,,,,,,,,,,,,,,,,,,,,,,,
,,,,,,,,,,,,,,,,,,,,,,,,,,,,5.00 ,甲方取得《规划许可证》之日起三十个工作日内,0.10 ,157500.00 ,0.00 ,,,,,,,0.00 ,,0.00 ,,,,,,,,,,,,,,,,,,,,,,,,,,,,,,,,,,,,,,,,,,,,,,,,,,,,,
,,,,,,,,,,,,,,,,,,,,,,,,,,,,6.00 ,项目竣工验收完成并办理设计费结算后三十个工作日内,0.15 ,236250.00 ,0.00 ,,,,,,,0.00 ,,0.00 ,,,,,,,,,,,,,,,,,,,,,,,,,,,,,,,,,,,,,,,,,,,,,,,,,,,,,
,中南,44889.00 ,"合肥可研方案设计2023-053（7个）
(完成)",无,可研方案设计合同,CRCCRE-SJ-CZ-2023-053,可研,CRCCRE-ZN-HFZY-SS-QQ-2023-003,中铁房地产集团合肥蜀山置业有限公司,/,一口价,160000.00 ,0.00 ,0.00 ,0.00 ,160000.00 ,0.00 ,0.00 ,0.00 ,0.00 ,0.00 ,0.00 ,0.00 ,0.00 ,,,,可研-1,乙方在25日前，按甲方要求提交本月请款资料（包括不限于请款函、《工作任务单》、双方签字确认的土地拿地可研方案等），甲方将于次月30日前向乙方支付本月进度款,1.00 ,160000.00 ,160000.00 ,产值确认单,45268.00 ,160000.00 ,45267.00 ,160000.00 ,45520.00 ,160000.00 ,45684.00 ,0.00 ,"1.合肥经开区JK202216号地块
2.合肥政务东龙川路地块
3.合肥肥西金寨西路A-03地块
4.合肥蜀山区樊洼路地块
5.合肥包河区郎溪路地块
6.合肥经开区繁华大道以北地块
7.合肥包河南二环路与西递路交叉口地块",,,,,,,,,,,,,160000.00 ,,,,,,,,,,,,,,160000.00 ,,,,,,,,,,,,,160000.00 ,0.00 ,,,,,,,,,,,
,中南,45187.00 ,"合肥包河BH202308地块项目
（花语江南）",,"中国铁建合肥包河BH202308地块项目
建设工程设计总包管理服务合同",CRCCRE-SJ-XM-2023-032,方案+景观+精装+咨询+多维汇报,CRCCRE-ZN-HFBH-HFBHSHLXXM-KF.QQ.02.02-2023-001,合肥京朗房地产开发有限公司,204475.46 ,"方案设计：
20元/㎡
施工图咨询：5元/㎡
多维方案：
8万/个",8943712.50 ,0.00 ,0.00 ,0.00 ,3105229.20 ,0.00 ,0.00 ,0.00 ,1022377.30 ,80000.00 ,0.00 ,0.00 ,0.00 ,,4736106.00 ,项目管理中心,方案-1,合同签订并提交第一版概念性方案后，经甲方审核确认后,0.20 ,621045.84 ,621045.84 ,产值确认单,45236.00 ,621045.84 ,45236.00 ,621045.84 ,45243.00 ,609060.80 ,45321.00 ,,第一次现金回款211万元,,,,7770626.44 ,7165839.73 ,7770626.45 ,1173086.06 ,604786.72 ,-604786.72 ,,,,585646.23 ,,,,29189.15 ,,,,,,6210.46 ,,,,573661.19 ,,,,29189.15 ,,,,,,6210.46 ,,,,,,,,,,,,,,,
,,,,,,,,,,,,,,,,,,,,,,,,,,,,方案-2,方案调整、修改完成经甲方确认后，经甲方审核确认后,0.30 ,931568.76 ,931568.76 ,产值确认单,45236.00 ,931568.76 ,45236.00 ,931568.76 ,45243.00 ,706544.42 ,45443.00 ,,"第三次银信回款100万元
2024-10-25到期",,,,,,,,,,,,,878469.34 ,,,,43783.73 ,,,,,,9315.69 ,,,,653445.00 ,,,,43783.73 ,,,,,,9315.69 ,,,,,,,,,,,,,,,
,,,,,,,,,,,,,,,,,,,,,,,,,,,,,,,,,,,,,,,100000.00 ,45562.00 ,,第六次回款现金10万,,,,,,,,,,,,,,,,,,,,,,,,,,,100000.00 ,,,,,,,,,,,,,,,,,,,,,,,,,
,,,,,,,,,,,,,,,,,,,,,,,,,,,,,,,,,,,,,,,137009.38 ,45564.00 ,,第七次回款银信20万（创二137009.38元，给项管62990.62元）,,,,,,,,,,,,,,,,,,,,,,,,,,,137009.38 ,,,,,,,,,,,,,,,,,,,,,,,,,
,,,,,,,,,,,,,,,,,,,,,,,,,,,,方案-3,方案通过政府相关审批（规划复函）后，经甲方审核确认后,0.20 ,621045.84 ,621045.84 ,产值确认单,45281.00 ,621045.84 ,45281.00 ,621045.84 ,45303.00 ,621045.84 ,45321.00 ,,第二次现金回款959040.11元,,,,,,,,,,,,,585646.23 ,,,,29189.15 ,,,,,,6210.46 ,,,,585646.23 ,,,,29189.15 ,,,,,,6210.46 ,,,,,,,,,,,,,,,
,,,,,,,,,,,,,,,,,,,,,,,,,,,,方案-4,项目总图、建筑单专业扩初设计图纸完成，并取得《建设工程规划许可证》后，经甲方审核确认后,0.20 ,621045.84 ,621045.84 ,产值确认单,45418.00 ,621045.84 ,45418.00 ,21045.84 ,45427.00 ,21045.84 ,45448.00 ,,第四笔现金425876.04发票回款,,,,,,,,,,,,,485646.23 ,,,,129189.15 ,,,,,,6210.46 ,,,,,,,,14835.38 ,,,,,,6210.46 ,,,,,,,,,,,,,,,
,,,,,,,,,,,,,,,,,,,,,,,,,,,,,,,,,,,,,300000.00 ,45581.00 ,300000.00 ,45683.00 ,,,,,,,,,,,,,,,,,,,,,,,,,,,,,242823.11 ,,,,57176.89 ,,,,,,,,,,,,,,,,,,,,,
,,,,,,,,,,,,,,,,,,,,,,,,,,,,,,,,,,,,,300000.00 ,,300000.00 ,45683.00 ,,还长沙总包咨询10万产值,,,,,,,,,,,,,,,,,,,,,,,,,,,242823.12 ,,,,57176.88 ,,,,,,,,,,,,,,,,,,,,,
,,,,,,,,,,,,,,,,,,,,,,,,,,,,方案-5,配合施工完成，至竣工验收完成后按照《建设工程规划许可证》各项建筑面积结算,0.10 ,310522.92 ,1878.40 ,产值确认单,45603.00 ,1878.40 ,45603.00 ,1878.40 ,45603.00 ,1878.40 ,45683.00 ,,,,,,,,,,,,,,,1878.40 ,,,,,,,,,,,,,,1878.40 ,,,,,,,,,,,,,,,,,,,,,,,,,
,,,,,,,,,,,,,,,,,,,,,,,,,,,,,,,,308644.52 ,预估,,,,,,308644.52 ,,,,,,,,,,,,,,,,290944.71 ,,,,14594.58 ,,,,,,3105.23 ,,,,290944.71 ,,,,14594.58 ,,,,,,3105.23 ,,,,,,,,,,,,,,,
,,,,,,,,,,,,,,,,,,,,,,,,,,,,咨询-1,合同签订后，甲方在提交首批设计资料给乙方后2个月内（付款审批流程完成后）,0.20 ,204475.46 ,204475.46 ,产值确认单,45236.00 ,204475.46 ,45236.00 ,204475.46 ,45243.00 ,204475.46 ,45443.00 ,,"第三次银信回款100万元
2024-10-25到期",咨询已结清,,,,,,,,,,,,,,,,202430.71 ,,,,,,2044.75 ,,,,,,,,202430.71 ,,,,,,2044.75 ,,,,,,,,,,,,,,,
,,,,,,,,,,,,,,,,,,,,,,,,,,,,咨询-2,乙方提交第一版全专业施工图设计咨询报告后经甲方确认后2个月内,0.40 ,408950.92 ,88980.12 ,产值确认单,45236.00 ,88980.12 ,45236.00 ,88980.12 ,45243.00 ,88980.12 ,45443.00 ,,"完成首开区44490.06㎡
（3#5#6#7#15#）
第三次银信回款100万元
2024-10-25到期",,,,,,,,,,,,,,,,,88090.32 ,,,,,,889.80 ,,,,,,,,88090.32 ,,,,,,889.80 ,,,,,,,,,,,,,,,
,,,,,,,,,,,,,,,,,,,,,,,,,,,,,,,,181374.87 ,产值确认单,45281.00 ,181374.87 ,45281.00 ,181374.87 ,45303.00 ,181374.87 ,45321.00 ,,"首开区：94966.09㎡
第二次现金回款959040.11元",,,,,,,,,,,,,,,,,179561.12 ,,,,,,1813.75 ,,,,,,,,179561.12 ,,,,,,1813.75 ,,,,,,,,,,,,,,,
,,,,,,,,,,,,,,,,,,,,,,,,,,,,,,,,,,,,,,,0.00 ,,,,,,,,,,,,,,,,,,,,137209.97 ,,,,,,1385.96 ,,,,,,,,,,,,,,,,,,,,,,,,,,,,,
,,,,,,,,,,,,,,,,,,,,,,,,,,,,咨询-3,甲方完成施工图审查并取得审查合格证后2个月内,0.40 ,408950.92 ,,,,,,,,0.00 ,,,,,,,,,,,,,,,,,,,,404861.41 ,,,,,,4089.51 ,,,,,,,,,,,,,,,,,,,,,,,,,,,,,
,,,,,,,,,,,,,,,,,,,,,,,,,,,,BIM,方案通过政府相关审批（规划复函）后，经甲方审核确认后2个月内（付款审批流程完成后）,1.00 ,80000.00 ,80000.00 ,产值确认单,45281.00 ,80000.00 ,45281.00 ,80000.00 ,45303.00 ,80000.00 ,45321.00 ,,第二次现金回款959040.11元,BIM已结清,,,,,,,,,,,,,,,,,79200.00 ,,,,,800.00 ,,,,,,,,,79200.00 ,,,,,800.00 ,,,,,,,,,,,,,,,
,,,,,,,,,,,,,,,,,,,,,,,,,,,,景观整体,合同签订并提交第一版概念性方案后2个月内（付款审批流程完成后）,0.10 ,160841.00 ,160841.00 ,产值确认单,45236.00 ,160841.00 ,45236.00 ,160841.00 ,45243.00 ,160841.00 ,45321.00 ,,第一次现金回款211万元,,,,,,,,,,,,,,,,,,,,,,,160841.00 ,,,,,,,,,,,,,,160841.00 ,,,,,,,,,,,,,,,
,,,,,,,,,,,,,,,,,,,,,,,,,,,,景观展示区,展示区方案设计成果完成经甲方确认后2个月内,0.40 ,102159.20 ,102159.20 ,产值确认单,45236.00 ,102159.20 ,45236.00 ,102159.20 ,45243.00 ,102159.20 ,45321.00 ,,第一次现金回款211万元,,,,,,,,,,,,,,,,,,,,,,,102159.20 ,,,,,,,,,,,,,,102159.20 ,,,,,,,,,,,,,,,
,,,,,,,,,,,,,,,,,,,,,,,,,,,,景观展示区,展示区施工图设计成果完成经甲方确认后2个月内,0.30 ,76619.40 ,76619.40 ,产值确认单,45281.00 ,76619.40 ,45281.00 ,76619.40 ,45303.00 ,76619.40 ,45321.00 ,,第二次现金回款959040.11元,,,,,,,,,,,,,,,,,,,,,,,76619.40 ,,,,,,,,,,,,,,76619.40 ,,,,,,,,,,,,,,,
,,,,,,,,,,,,,,,,,,,,,,,,,,,,景观展示区,展示区施工现场配合完成经甲方确认后2个月内,0.10 ,25539.80 ,25539.80 ,产值确认单,45513.00 ,25539.80 ,45513.00 ,25539.80 ,45513.00 ,25539.80 ,45533.00 ,,第五笔现金597081.40元,,,,,,,,,,,,,,,,,,,,,,,25539.80 ,,,,,,,,,,,,,,25539.80 ,,,,,,,,,,,,,,,
,,,,,,,,,,,,,,,,,,,,,,,,,,,,景观大区,大区及红线外概念设计成果经甲方确认后2个月内,0.15 ,202951.80 ,202951.80 ,产值确认单,45236.00 ,202951.80 ,45236.00 ,202951.80 ,45243.00 ,202951.80 ,45321.00 ,,第一次现金回款211万元,,,,,,,,,,,,,,,,,,,,,,,202951.80 ,,,,,,,,,,,,,,202951.80 ,,,,,,,,,,,,,,,
,,,,,,,,,,,,,,,,,,,,,,,,,,,,景观大区,大区及红线外方案设计成果完成经甲方确认后2个月内,0.20 ,270602.40 ,270602.40 ,产值确认单,45236.00 ,270602.40 ,45236.00 ,270602.40 ,45243.00 ,34048.00 ,45321.00 ,,第一次现金回款211万元,,,,,,,,,,,,,,,,,,,,,,,270602.40 ,,,,,,,,,,,,,,34048.00 ,,,,,,,,,,,,,,,
,,,,,,,,,,,,,,,,,,,,,,,,,,,,,,,,,,,,,,,198163.78 ,45448.00 ,,第三笔现金471963.78发票回款,,,,,,,,,,,,,,,,,,,,,,,,,,,,,,,,,,,,,198163.78 ,,,,,,,,,,,,,,,
,,,,,,,,,,,,,,,,,,,,,,,,,,,,,,,,,,,,,,,38390.62 ,45448.00 ,,第四笔现金425876.04发票回款,,,,,,,,,,,,,,,,,,,,,,,,,,,,,,,,,,,,,38390.62 ,,,,,,,,,,,,,,,
,,,,,,,,,,,,,,,,,,,,,,,,,,,,景观大区,大区及红线外扩初设计成果完成经甲方确认后2个月内,0.15 ,202951.80 ,202951.80 ,产值确认单,45418.00 ,202951.80 ,45418.00 ,202951.80 ,45427.00 ,202951.80 ,45448.00 ,,第四笔现金425876.04发票回款,,,,,,,,,,,,,,,,,,,,,,,202951.80 ,,,,,,,,,,,,,,202951.80 ,,,,,,,,,,,,,,,
,,,,,,,,,,,,,,,,,,,,,,,,,,,,景观大区,大区及红线外施工图设计成果完成经甲方确认后2个月内,0.20 ,270602.40 ,270602.40 ,产值确认单,45513.00 ,270602.40 ,45513.00 ,270602.40 ,45513.00 ,270602.40 ,45533.00 ,,第五笔现金597081.40元,,,,,,,,,,,,,,,,,,,,,,,270602.40 ,,,,,,,,,,,,,,270602.40 ,,,,,,,,,,,,,,,
,,,,,,,,,,,,,,,,,,,,,,,,,,,,景观大区,大区及红线外施工现场配合完成经甲方确认后2个月内,0.05 ,67650.60 ,67650.60 ,预估,46111.00 ,,,,,67650.60 ,,,,,,,,,,,,,,,,,,,,,,,,,,67650.60 ,,,,,,,,,,,,,,67650.60 ,,,,,,,,,,,,,,,
,,,,,,,,,,,,,,,,,,,,,,,,,,,,景观整体,景观工程竣工验收合格，本合同办理完成结算后2个月内,0.10 ,228491.60 ,228491.60 ,,,,,,,228491.60 ,,,,,,,,,,,,,,,,,,,,,,,,,,228491.60 ,,,,,,,,,,,,,,228491.60 ,,,,,,,,,,,,,,,
,,,,,,,,,,,,,,,,,,,,,,,,,,,,售楼处及样板间,合同签订并提交第一版概念性方案后2个月内,0.20 ,324600.00 ,324600.00 ,产值确认单,45236.00 ,324600.00 ,45236.00 ,324600.00 ,45243.00 ,324600.00 ,45321.00 ,,第一次现金回款211万元,,,,,,,,,,,,,,,,,,,,,,,324600.00 ,,,,,,,,,,,,,,324600.00 ,,,,,,,,,,,,,,,
,,,,,,,,,,,,,,,,,,,,,,,,,,,,售楼处及样板间,精装概念设计完成经甲方确认后2个月内,0.20 ,324600.00 ,324600.00 ,产值确认单,45236.00 ,324600.00 ,45236.00 ,324600.00 ,45243.00 ,324600.00 ,45321.00 ,,第一次现金回款211万元,,,,,,,,,,,,,,,,,,,,,,,324600.00 ,,,,,,,,,,,,,,324600.00 ,,,,,,,,,,,,,,,
,,,,,,,,,,,,,,,,,,,,,,,,,,,,售楼处及样板间,精装方案扩初设计完成经甲方确认后2个月内,0.20 ,324600.00 ,324600.00 ,产值确认单,45236.00 ,324600.00 ,45236.00 ,324600.00 ,45243.00 ,50800.00 ,45321.00 ,,第一次现金回款211万元,,,,,,,,,,,,,,,,,,,,,,,324600.00 ,,,,,,,,,,,,,,50800.00 ,,,,,,,,,,,,,,,
,,,,,,,,,,,,,,,,,,,,,,,,,,,,,,,,,,,,,,,273800.00 ,45448.00 ,,第三笔现金471963.78发票回款,,,,,,,,,,,,,,,,,,,,,,,,,,,,,,,,,,,,,273800.00 ,,,,,,,,,,,,,,,
,,,,,,,,,,,,,,,,,,,,,,,,,,,,售楼处及样板间,精装施工图设计完成经甲方确认后2个月内,0.20 ,324600.00 ,324600.00 ,产值确认单,45236.00 ,324600.00 ,45236.00 ,324600.00 ,45243.00 ,163487.78 ,45448.00 ,,第四笔现金425876.04发票回款,,,,,,,,,,,,,,,,,,,,,,,324600.00 ,,,,,,,,,,,,,,163487.78 ,,,,,,,,,,,,,,,
,,,,,,,,,,,,,,,,,,,,,,,,,,,,,,,,,,,,,,,62990.62 ,45564.00 ,,第七次回款银信20万（创二137009.38元，给项管62990.62元）,,,,,,,,,,,,,,,,,,,,,,,,,,,,,,,,,,,,,62990.62 ,,,,,,,,,,,,,,,
,,,,,,,,,,,,,,,,,,,,,,,,,,,,,,,,,,,,,,,98121.60 ,45744.00 ,,,,,,,,,,,,,,,,,,,,,,,,,,,,,,,,,,,,,,,98121.60 ,,,,,,,,,,,,,,,
,,,,,,,,,,,,,,,,,,,,,,,,,,,,售楼处及样板间,精装修竣工验收合格，本合同办理完成结算后2个月内,0.20 ,324600.00 ,0.00 ,,,,,,,0.00 ,,,,,,,,,,,,,,,,,,,,,,,,,,324600.00 ,,,,,,,,,,,,,,,,,,,,,,,,,,,,,
,,,,,,,,,,,,,,,,,,,,,,,,,,,,精装大区-1,合同签订并提交第一版概念性方案后2个月内,0.20 ,316003.20 ,300939.20 ,产值确认单,45236.00 ,300939.20 ,45236.00 ,300939.20 ,45243.00 ,300939.20 ,45321.00 ,,第一次现金回款211万元,,,,,,,,,,,,,,,,,,,,,,,300939.20 ,,,,,,,,,,,,,,300939.20 ,,,,,,,,,,,,,,,
,,,,,,,,,,,,,,,,,,,,,,,,,,,,精装大区-2,精装概念设计完成经甲方确认后2个月内,0.20 ,316003.20 ,300939.20 ,产值确认单,45296.00 ,300939.20 ,45296.00 ,601878.40 ,45427.00 ,196378.40 ,45744.00 ,,借用建筑第4笔费用，未请款,,,,,,,,,,,,,,,,,,,,,,,300939.20 ,,,,,,,,,,,,,,196378.40 ,,,,,,,,,,,,,,,
,,,,,,,,,,,,,,,,,,,,,,,,,,,,,,,,,,,,,,,104560.80 ,45867.00 ,,,,,,,,,,,,,,,,,,,,,,,,,,,,,,,,,,,,,,,104560.80 ,,,,,,,,,,,,,,,
,,,,,,,,,,,,,,,,,,,,,,,,,,,,精装大区-3,精装方案扩初设计完成经甲方确认后2个月内,0.20 ,316003.20 ,300939.20 ,产值确认单,45418.00 ,300939.20 ,45418.00 ,,,100879.20 ,45867.00 ,,,,,,,,,,,,,,,,,,,,,,,,,300939.20 ,,,,,,,,,,,,,,100879.20 ,,,,,,,,,,,,,,,
,,,,,,,,,,,,,,,,,,,,,,,,,,,,,,,,,,,,,,,200060.00 ,46001.00 ,,-75320.00 ,,,,,,,,,,,,,,,,,,,,,,,,,,,,,,,,,,,,,200060.00 ,,,,,,,,,,,,,,,
,,,,,,,,,,,,,,,,,,,,,,,,,,,,精装大区-4,精装施工图设计完成经甲方确认后2个月内,0.20 ,316003.20 ,300939.20 ,产值确认单,45513.00 ,300939.20 ,45513.00 ,300939.20 ,45513.00 ,300939.20 ,45533.00 ,,第五笔现金597081.40元,,,,,,,,,,,,,,,,,,,,,,,300939.20 ,,,,,,,,,,,,,,300939.20 ,,,,,,,,,,,,,,,
,,,,,,,,,,,,,,,,,,,,,,,,,,,,精装大区-5,精装修竣工验收合格，本合同办理完成结算后2个月内,0.20 ,316003.20 ,0.00 ,,,,,,,0.00 ,,,,,,,,,,,,,,,,,,,,,,,,,,,,,,,,,,,,,,,,,,,,,,,,,,,,,,,
47,中南,45425.00 ,"合肥包河BH202308地块项目
（花语江南）",,中国铁建合肥包河BH202308地块项目建设工程设计总包管理服务合同补充协议（一）,CRCCRE-SJ-XM-2023-032-B1,精装,CRCCRE-ZN-HFBH-HFBHSHLXXM-KF.QQ.02.02-2023-001-B1,合肥京朗房地产开发有限公司,98.50 ,1200.00 ,118200.00 ,0.00 ,0.00 ,0.00 ,0.00 ,0.00 ,0.00 ,0.00 ,0.00 ,0.00 ,0.00 ,0.00 ,0.00 ,,118200.00 ,/,120样板间,合同签订并提交第一版概念性方案后2个月内,0.20 ,23640.00 ,23640.00 ,产值确认单,45513.00 ,94560.00 ,45513.00 ,94560.00 ,45513.00 ,94560.00 ,45867.00 ,-70920.00 ,,,,,118200.00 ,94560.00 ,118200.00 ,0.00 ,23640.00 ,-23640.00 ,,,,,,,,,,,,,,23640.00 ,,,,,,,,,,,,,,94560.00 ,直接委托,OA,,,,,,,,,,,,,
,,,,,,,,,,,,,,,,,,,,,,,,,,,,120样板间,精装概念设计完成经甲方确认后2个月内,0.20 ,23640.00 ,23640.00 ,产值确认单,45513.00 ,,,,,,,23640.00 ,,,,,,,,,,,,,,,,,,,,,,,,23640.00 ,,,,,,,,,,,,,,,,,,,,,,,,,,,,,
,,,,,,,,,,,,,,,,,,,,,,,,,,,,120样板间,精装方案扩初设计完成经甲方确认后2个月内,0.20 ,23640.00 ,23640.00 ,产值确认单,45513.00 ,,,,,,,23640.00 ,,,,,,,,,,,,,,,,,,,,,,,,23640.00 ,,,,,,,,,,,,,,,,,,,,,,,,,,,,,
,,,,,,,,,,,,,,,,,,,,,,,,,,,,120样板间,精装施工图设计完成经甲方确认后2个月内,0.20 ,23640.00 ,23640.00 ,产值确认单,45513.00 ,,,,,,,23640.00 ,,,,,,,,,,,,,,,,,,,,,,,,23640.00 ,,,,,,,,,,,,,,,,,,,,,,,,,,,,,
,,,,,,,,,,,,,,,,,,,,,,,,,,,,120样板间,精装修竣工验收合格，本合同办理完成结算后2个月内,0.20 ,23640.00 ,23640.00 ,产值确认单,,,,,,23640.00 ,,23640.00 ,,,,,,,,,,,,,,,,,,,,,,,,23640.00 ,,,,,,,,,,,,,,23640.00 ,,,,,,,,,,,,,,,
,中南,45285.00 ,长沙天心区044地块项目（花语江南）,,中国铁建长沙天心炮院西项目建设工程设计总包管理服务合同,CRCCRE-SJ-XM-2023-086,方案+景观+精装+咨询+多维汇报,CRCCRE-ZN-CSJA-HYJN-QQ-2023-016,长沙京昂房地产开发有限公司,339897.63 ,"方案设计：
16.74元/㎡
施工图咨询：3.5元/㎡
多维方案：
8万/个",11701540.83 ,0.00 ,0.00 ,0.00 ,4438870.22 ,0.00 ,0.00 ,0.00 ,1398982.73 ,79200.00 ,0.00 ,0.00 ,0.00 ,,5784487.88 ,项目管理中心,方案-1,合同签订并提交第一版概念性方案后，经甲方审核确认后,0.20 ,941435.89 ,941435.89 ,产值确认单,45282.00 ,941435.89 ,45282.00 ,941435.89 ,45376.00 ,941435.89 ,45379.00 ,,"第一笔5478872.18（红色字体是第一次计价）
银信2024.9.23到期",,"1.第一次计价：5478872.18元
2.第二次计价：
1006579.36元
3.第三次计价：
495355.83元",,11304800.31 ,9471849.92 ,10765090.62 ,396740.52 ,1832950.39 ,-1293240.70 ,,,,887774.04 ,,,,44247.49 ,,,,,,9414.36 ,,,,887774.04 ,,,,44247.49 ,,,,,,9414.36 ,,,,,,,,,,,,,,,
,,,,,,,,,,,,,0.00 ,0.00 ,0.00 ,,,,,,0.00 ,0.00 ,0.00 ,,,,,方案-2,方案调整、修改完成经甲方确认后，经甲方审核确认后,0.30 ,1412153.84 ,1412153.84 ,产值确认单,45282.00 ,1412153.84 ,45282.00 ,1412153.84 ,45376.00 ,1412153.84 ,45379.00 ,,,,,,,,,,,,,,,1331661.07 ,,,,66371.23 ,,,,,,14121.54 ,,,,1331661.07 ,,,,66371.23 ,,,,,,14121.54 ,,,,,,,,,,,,,,,
,,,,,,,,,,,,,0.00 ,0.00 ,0.00 ,,,,,,0.00 ,0.00 ,0.00 ,,,,,方案-3,方案通过政府相关审批（规划复函）后，经甲方审核确认后,0.20 ,941435.89 ,941435.89 ,产值确认单,45357.00 ,941435.89 ,45357.00 ,941435.89 ,45376.00 ,941435.89 ,45379.00 ,,,,,,,,,,,,,,,887774.04 ,,,,44247.49 ,,,,,,9414.36 ,,,,887774.04 ,,,,44247.49 ,,,,,,9414.36 ,,,,,,,,,,,,,,,
,,,,,,,,,,,,,0.00 ,0.00 ,0.00 ,,,,,,0.00 ,0.00 ,0.00 ,,,,,方案-4,项目总图、建筑单专业扩初设计图纸完成，并取得《建设工程规划许可证》后，经甲方审核确认后,0.20 ,941435.89 ,443535.55 ,产值确认单,45580.00 ,443535.55 ,45580.00 ,443535.55 ,45580.00 ,371438.63 ,45595.00 ,,"第二笔988436.28元现金
（其中443535.55借用方案第四笔）",已回款,"南地块（一期）
已完成",,,,,,,,,,,443535.55 ,,,,,,,,,,,,,,371438.63 ,,,,,,,,,,,,,,,,,,,,,,,,,
,,,,,,,,,,,,,,,,,,,,,,,,,,,,,,,,,,,,,,,72096.92 ,45595.00 ,,,,,,,,,,,,,,,,,,,,,,,,,,,,,72096.92 ,,,,,,,,,,,,,,,,,,,,,,,,,
,,,,,,,,,,,,,,,,,,,,,,,,,,,,,,,,100000.00 ,产值确认单,45650.00 ,100000.00 ,45650.00 ,100000.00 ,45805.00 ,100000.00 ,45834.00 ,,"确认归还咨询10万产值2024.12.24
提前借用北地块创作产值",,,,,,,,,,,,,,,,,100000.00 ,,,,,,,,,,,,,,100000.00 ,,,,,,,,,,,,,,,,,,,,,
,,,,,,,,,,,,,,,,,,,,,,,,,,,,,,,,399809.50 ,产值确认单,45805.00 ,399809.50 ,45805.00 ,399809.50 ,45805.00 ,399809.50 ,45834.00 ,,,,,,,,,,,,,,,346038.83 ,,,,44337.22 ,,,,,,9433.45 ,,,,346038.83 ,,,,44337.22 ,,,,,,9433.45 ,,,,,,,,,,,,,,,
,,,,,,,,,,,,,0.00 ,0.00 ,0.00 ,,,,,,0.00 ,0.00 ,0.00 ,,,,,方案-5,配合施工完成，至竣工验收完成后按照《建设工程规划许可证》各项建筑面积结算,0.10 ,470717.95 ,184692.77 ,,,,,,,184692.77 ,,,,,,,,,,,,,,,,174165.28 ,,,,8680.56 ,,,,,,1846.93 ,,,,174165.28 ,,,,8680.56 ,,,,,,1846.93 ,,,,,,,,,,,,,,,
,,,,,,,,,,,,,,,,,,,,,,,,,,,,,,,,,,,,,,,,,,,,,,,,,,,,,,,,,,,,,,,,,,,,,269721.74 ,,,,22123.74 ,,,,,,4707.18 ,,,,,,,,,,,,,,,
,,,,,,,,,,,,,0.00 ,0.00 ,0.00 ,,,,,,0.00 ,0.00 ,0.00 ,,,,,咨询-1,合同签订后，甲方在提交首批设计资料给乙方后2个月内（付款审批流程完成后）,0.20 ,237928.34 ,100000.00 ,产值确认单,45373.00 ,100000.00 ,45373.00 ,100000.00 ,45376.00 ,100000.00 ,45376.00 ,,"第一笔5478872.18
银信2024.9.23到期",,"南地块已完成：（S1、S2#栋749.30㎡，1、5、9#栋16024.15㎡，2、3、6、8、10、11、12#栋96535㎡）计容面积共计：113308.45㎡，总建筑面积为135424.07㎡
南地块计算公式：
135424.07*3.5元=473984.25元",,,,,,,,,,,,,,,100000.00 ,,,,,,,,,,,,,,100000.00 ,,,,,,,,,,,,,,,,,,,,,
,,,,,,,,,,,,,,,,,,,,,,,,,,,,,,,,137928.34 ,产值确认单,45282.00 ,137928.34 ,45282.00 ,137928.34 ,45376.00 ,137928.34 ,45379.00 ,,,,,,,,,,,,,,,,,,,135549.06 ,,,,,,2379.28 ,,,,,,,,135549.06 ,,,,,,2379.28 ,,,,,,,,,,,,,,,
,,,,,,,,,,,,,,,,,,,,,,,,,,,,咨询-2,乙方提交第一版全专业施工图设计咨询报告后经甲方确认后2个月内,0.40 ,475856.68 ,100000.00 ,产值确认单,45282.00 ,100000.00 ,45282.00 ,100000.00 ,45741.00 ,100000.00 ,45765.00 ,,"2023/12/28调整产值
（咨询借给创二10万产值，后期调整）已归还",,,,,,,,,,,,,100000.00 ,,,,,,,,,,,,,,100000.00 ,,,,,,,,,,,,,,,,,,,,,,,,,
,,,,,,,,,,,,,,,,,,,,,,,,,,,,,,,,7067.76 ,产值确认单,45373.00 ,7067.76 ,45373.00 ,7067.76 ,45741.00 ,7067.76 ,45765.00 ,,,,,,,,,,,,,,,,,,,5997.08 ,,,,,,1070.68 ,,,,,,,,5997.08 ,,,,,,1070.68 ,,,,,,,,,,,,,,,
,,,,,,,,,,,,,,,,,,,,,,,,,,,,,,,,82525.94 ,产值确认单,45646.00 ,82525.94 ,45646.00 ,82525.94 ,45741.00 ,82525.94 ,45765.00 ,,,,,,,,,,,,,,,,,,,81700.68 ,,,,,,825.26 ,,,,,,,,81700.68 ,,,,,,825.26 ,,,,,,,,,,,,,,,
,,,,,,,,,,,,,,,,,,,,,,,,,,,,,,,,286262.98 ,产值确认单,45805.00 ,286262.98 ,45805.00 ,286262.98 ,45805.00 ,286262.98 ,45834.00 ,,,,,,,,,,,,,,,,,,,283400.35 ,,,,,,2862.63 ,,,,,,,,283400.35 ,,,,,,2862.63 ,,,,,,,,,,,,,,,
,,,,,,,,,,,,,,,,,,,,,,,,,,,,咨询-3,甲方完成施工图审查并取得审查合格证后2个月内,0.40 ,475856.68 ,189593.70 ,产值确认单,45646.00 ,189593.70 ,45646.00 ,189593.70 ,45741.00 ,189593.70 ,45765.00 ,,,,,,,,,,,,,,,,,,,187697.76 ,,,,,,1895.94 ,,,,,,,,187697.76 ,,,,,,1895.94 ,,,189593.70 ,0.00 ,,,,,,,,,,,
,,,,,,,,,,,,,,,,,,,,,,,,,,,,,,,,286262.98 ,,,249239.78 ,,,,0.00 ,,,,,,,,,,,,,,,,,,,,283400.35 ,,,,,,2862.63 ,,,,,,,,,,,,,,,,,,,,,,,,,,,,,
,,,,,,,,,,,,,,,,,,,,,,,,,,,,BIM,方案通过政府相关审批（规划复函）后，经甲方审核确认后2个月内（付款审批流程完成后）,1.00 ,80000.00 ,80000.00 ,产值确认单,45357.00 ,80000.00 ,45357.00 ,80000.00 ,45376.00 ,80000.00 ,45379.00 ,,"第一笔5478872.18
银信2024.9.23到期",,,,,,,,,,,,,,,,,,79200.00 ,,,,,800.00 ,,,,,,,,,79200.00 ,,,,,800.00 ,,,,,,,,,,,,,,,
,,,,,,,,,,,,,,,,,,,,,,,,,,,,景观整体,合同签订并提交第一版概念性方案后2个月内（付款审批流程完成后）,0.10 ,254901.60 ,254901.60 ,产值确认单,45357.00 ,254901.60 ,45357.00 ,254901.60 ,45376.00 ,254901.60 ,45379.00 ,,"第一笔5478872.18
银信2024.9.23到期",,,,,,,,,,,,,,,,,,,,,,,254901.60 ,,,,,,,,,,,,,,254901.60 ,,,,,,,,,,,,,,,
,,,,,,,,,,,,,,,,,,,,,,,,,,,,景观展示区,展示区方案设计成果完成经甲方确认后2个月内,0.40 ,145584.00 ,145584.00 ,产值确认单,45357.00 ,145584.00 ,45357.00 ,145584.00 ,45376.00 ,145584.00 ,45379.00 ,,,,,,,,,,,,,,,,,,,,,,,,,145584.00 ,,,,,,,,,,,,,,145584.00 ,,,,,,,,,,,,,,,
,,,,,,,,,,,,,,,,,,,,,,,,,,,,景观展示区,展示区施工图设计成果完成经甲方确认后2个月内,0.30 ,109188.00 ,109188.00 ,产值确认单,45357.00 ,109188.00 ,45357.00 ,109188.00 ,45376.00 ,109188.00 ,45379.00 ,,,,,,,,,,,,,,,,,,,,,,,,,109188.00 ,,,,,,,,,,,,,,109188.00 ,,,,,,,,,,,,,,,
,,,,,,,,,,,,,,,,,,,,,,,,,,,,景观展示区,展示区施工现场配合完成经甲方确认后2个月内,0.10 ,36396.00 ,36396.00 ,产值确认单,45580.00 ,36396.00 ,45580.00 ,36396.00 ,45580.00 ,36396.00 ,45595.00 ,,,正在请款中,,,,,,,,,,,,,,,,,,,,,,36396.00 ,,,,,,,,,,,,,,36396.00 ,,,,,,,,,,,,,,,
,,,,,,,,,,,,,,,,,,,,,,,,,,,,景观大区,大区及红线外概念设计成果经甲方确认后2个月内,0.15 ,327758.40 ,129807.26 ,产值确认单,45357.00 ,129807.26 ,45357.00 ,129807.26 ,45376.00 ,129807.26 ,45379.00 ,,"第一笔5478872.18
银信2024.9.23到期",,,,,,,,,,,,,,,,,,,,,,,129807.26 ,,,,,,,,,,,,,,129807.26 ,,,,,,,,,,,,,,,
,,,,,,,,,,,,,,,,,,,,,,,,,,,,,,,,336.63 ,产值确认单,45373.00 ,336.63 ,45373.00 ,336.63 ,45376.00 ,336.63 ,45379.00 ,,,,,,,,,,,,,,,,,,,,,,,,,336.63 ,,,,,,,,,,,,,,336.63 ,,,,,,,,,,,,,,,
,,,,,,,,,,,,,,,,,,,,,,,,,,,,,,,,176532.95 ,产值确认单,45922.00 ,176532.95 ,45922.00 ,176532.95 ,45939.00 ,176532.95 ,45959.00 ,,北地块49036.93㎡,,,,,,,,,,,,,,,,,,,,,,,176532.95 ,,,,,,,,,,,,,,176532.95 ,,,,,,,,,,,,,,,
,,,,,,,,,,,,,,,,,,,,,,,,,,,,,,,,0.00 ,,,,,,,0.00 ,,,,,,,,,,,,,,,,,,,,,,,,,,,,,,,,,,,,,,,,,,,,,,,,,,,,,,,
,,,,,,,,,,,,,,,,,,,,,,,,,,,,景观大区,大区及红线外方案设计成果完成经甲方确认后2个月内,0.20 ,437011.20 ,168345.60 ,产值确认单,45433.00 ,168345.60 ,45433.00 ,168345.60 ,45433.00 ,168345.60 ,45442.00 ,,"第二笔988436.28元现金
（借用方案第四笔）",提前确认合计443535.55,"东地块：9082㎡
南地块：25990㎡",,,,,,,,,,,,,,,,,,,,,168345.60 ,,,,,,,,,,,,,,168345.60 ,,,,,,,,,,,,,,,
,,,,,,,,,,,,,,,,,,,,,,,,,,,,,,,,235377.26 ,产值确认单,45922.00 ,235377.26 ,45922.00 ,235377.26 ,45939.00 ,235377.26 ,45959.00 ,,北地块49036.93㎡,,,,,,,,,,,,,,,,,,,,,,,235377.26 ,,,,,,,,,,,,,,235377.26 ,,,,,,,,,,,,,,,
,,,,,,,,,,,,,,,,,,,,,,,,,,,,,,,,0.00 ,,,,,,,0.00 ,,,,,,,,,,,,,,,,,,,,,,,,,,,,,,,,,,,,,,,,,,,,,,,,,,,,,,,
,,,,,,,,,,,,,,,,,,,,,,,,,,,,景观大区,大区及红线外扩初设计成果完成经甲方确认后2个月内,0.15 ,327758.40 ,126259.20 ,产值确认单,45433.00 ,126259.20 ,45433.00 ,126259.20 ,45433.00 ,126259.20 ,45442.00 ,,"第二笔988436.28元现金
（借用方案第四笔）",提前确认合计443535.55,提前确认，借用方案,,,,,,,,,,,,,,,,,,,,,126259.20 ,,,,,,,,,,,,,,126259.20 ,,,,,,,,,,,,,,,
,,,,,,,,,,,,,,,,,,,,,,,,,,,,,,,,176532.95 ,产值确认单,45922.00 ,176532.95 ,45922.00 ,176532.95 ,45939.00 ,176532.95 ,45959.00 ,,北地块49036.93㎡,,,,,,,,,,,,,,,,,,,,,,,176532.95 ,,,,,,,,,,,,,,176532.95 ,,,,,,,,,,,,,,,
,,,,,,,,,,,,,,,,,,,,,,,,,,,,,,,,0.00 ,,,,,,,0.00 ,,,,,,,,,,,,,,,,,,,,,,,,,,,,,,,,,,,,,,,,,,,,,,,,,,,,,,,
,,,,,,,,,,,,,,,,,,,,,,,,,,,,景观大区,大区及红线外施工图设计成果完成经甲方确认后2个月内,0.20 ,437011.20 ,124752.00 ,产值确认单,45646.00 ,124752.00 ,45646.00 ,124752.00 ,45741.00 ,124752.00 ,45765.00 ,,,,南地块：25990㎡,,,,,,,,,,,,,,,,,,,,,124752.00 ,,,,,,,,,,,,,,124752.00 ,,,,,,,,,,,,,,,
,,,,,,,,,,,,,,,,,,,,,,,,,,,,,,,,43593.60 ,产值确认单,45805.00 ,43593.60 ,45805.00 ,43593.60 ,45805.00 ,43593.60 ,45834.00 ,,,,东地块：9082㎡,,,,,,,,,,,,,,,,,,,,,43593.60 ,,,,,,,,,,,,,,43593.60 ,,,,,,,,,,,,,,,
,,,,,,,,,,,,,,,,,,,,,,,,,,,,,,,,235377.26 ,产值确认单,45922.00 ,235377.26 ,45922.00 ,235377.26 ,,235377.26 ,46172.00 ,,北地块49036.93㎡,,,,,,,,,,,,,,,,,,,,,,,235377.26 ,,,,,,,,,,,,,,235377.26 ,,,,,,,,,,,,,,,
,,,,,,,,,,,,,,,,,,,,,,,,,,,,,,,,0.00 ,,,,,,,,,,,,,,,,,,,,,,,,,,,,,,,,,,,,,,,,,,,,,,,,,,,,,,,,,,,,,,
,,,,,,,,,,,,,,,,,,,,,,,,,,,,景观大区,大区及红线外施工现场配合完成经甲方确认后2个月内,0.05 ,109252.80 ,109252.80 ,,,,,,,109252.80 ,,,,,,,,,,,,,,,,,,,,,,,,,,109252.80 ,,,,,,,,,,,,,,109252.80 ,,,,,,,,,,,,,,,
,,,,,,,,,,,,,,,,,,,,,,,,,,,,景观整体,景观工程竣工验收合格，本合同办理完成结算后2个月内,0.10 ,364154.40 ,364154.40 ,,,,,,,364154.40 ,,,,,,,,,,,,,,,,,,,,,,,,,,364154.40 ,,,,,,,,,,,,,,364154.40 ,,,,,,,,,,,,,,,
,,,,,,,,,,,,,,,,,,,,,,,,,,,,售楼处及样板间,合同签订并提交第一版概念性方案后2个月内,0.20 ,295480.00 ,295480.00 ,产值确认单,45357.00 ,295480.00 ,45357.00 ,295480.00 ,45376.00 ,295480.00 ,45379.00 ,,"第一笔5478872.18
银信2024.9.23到期",,,,,,,,,,,,,,,,,,,,,,,295480.00 ,,,,,,,,,,,,,,295480.00 ,,,,,,,,,,,,,,,
,,,,,,,,,,,,,,,,,,,,,,,,,,,,售楼处及样板间,精装概念设计完成经甲方确认后2个月内,0.20 ,295480.00 ,295480.00 ,产值确认单,45357.00 ,295480.00 ,45357.00 ,295480.00 ,45376.00 ,295480.00 ,45379.00 ,,,,,,,,,,,,,,,,,,,,,,,,,295480.00 ,,,,,,,,,,,,,,295480.00 ,,,,,,,,,,,,,,,
,,,,,,,,,,,,,,,,,,,,,,,,,,,,售楼处及样板间,精装方案扩初设计完成经甲方确认后2个月内,0.20 ,295480.00 ,295480.00 ,产值确认单,45357.00 ,295480.00 ,45357.00 ,295480.00 ,45376.00 ,295480.00 ,45379.00 ,,,,,,,,,,,,,,,,,,,,,,,,,295480.00 ,,,,,,,,,,,,,,295480.00 ,,,,,,,,,,,,,,,
,,,,,,,,,,,,,,,,,,,,,,,,,,,,售楼处及样板间,精装施工图设计完成经甲方确认后2个月内,0.20 ,295480.00 ,295480.00 ,产值确认单,45433.00 ,295480.00 ,45433.00 ,205240.00 ,45433.00 ,205240.00 ,45442.00 ,,第二笔988436.28元现金,,,,,,,,,,,,,,,,,,,,,,,295480.00 ,,,,,,,,,,,,,,205240.00 ,,,,,,,,,,,,,,,
,,,,,,,,,,,,,,,,,,,,,,,,,,,,,,,,,,,,,90240.00 ,45433.00 ,90240.00 ,45442.00 ,,第二笔988436.28元现金,提前确认合计443535.55,,,,,,,,,,,,,,,,,,,,,,,,,,,,,,,,,,,,90240.00 ,,,,,,,,,,,,,,,
,,,,,,,,,,,,,,,,,,,,,,,,,,,,售楼处及样板间,精装修竣工验收合格，本合同办理完成结算后2个月内,0.20 ,295480.00 ,295480.00 ,,,,,,,295480.00 ,,,,,,,,,,,,,,,,,,,,,,,,,,295480.00 ,,,,,,,,,,,,,,295480.00 ,,,,,,,,,,,,,,,
,,,,,,,,,,,,,,,,,,,,,,,,,,,,精装大区-1,合同签订并提交第一版概念性方案后2个月内,0.20 ,339660.73 ,339660.73 ,产值确认单,45357.00 ,339660.73 ,45357.00 ,339660.73 ,45376.00 ,339660.73 ,45379.00 ,,"第一笔5478872.18
银信2024.9.23到期",,,,,,,,,,,,,,,,,,,,,,,339660.73 ,,,,,,,,,,,,,,339660.73 ,,,,,,,,,,,,,,,
,,,,,,,,,,,,,,,,,,,,,,,,,,,,精装大区-2,精装概念设计完成经甲方确认后2个月内,0.20 ,339660.73 ,339660.73 ,产值确认单,45433.00 ,339660.73 ,45433.00 ,339660.73 ,45433.00 ,339660.73 ,45442.00 ,,第二笔988436.28元现金,,,,,,,,,,,,,,,,,,,,,,,339660.73 ,,,,,,,,,,,,,,339660.73 ,,,,,,,,,,,,,,,
,,,,,,,,,,,,,,,,,,,,,,,,,,,,精装大区-3,精装方案扩初设计完成经甲方确认后2个月内,0.20 ,339660.73 ,58690.75 ,产值确认单,45433.00 ,58690.75 ,45433.00 ,58690.75 ,45433.00 ,58690.75 ,45442.00 ,,"第二笔988436.28元现金
（借用方案第四笔）",提前确认合计443535.55,,,,,,,,,,,,,,,,,,,,,,58690.75 ,,,,,,,,,,,,,,58690.75 ,,,,,,,,,,,,,,,
,,,,,,,,,,,,,,,,,,,,,,,,,,,,,,,,18143.08 ,产值确认单,45436.00 ,18143.08 ,45436.00 ,18143.08 ,45436.00 ,18143.08 ,45673.00 ,,第三笔18143.08元现金,,,,,,,,,,,,,,,,,,,,,,,18143.08 ,,,,,,,,,,,,,,18143.08 ,,,,,,,,,,,,,,,
,,,,,,,,,,,,,,,,,,,,,,,,,,,,,,,,15424.28 ,产值确认单,45580.00 ,15424.28 ,45580.00 ,15424.28 ,45580.00 ,15424.28 ,45595.00 ,,,,,,,,,,,,,,,,,,,,,,,,,15424.28 ,,,,,,,,,,,,,,15424.28 ,,,,,,,,,,,,,,,
,,,,,,,,,,,,,,,,,,,,,,,,,,,,,,,,84630.81 ,产值确认单,45741.00 ,84630.81 ,45741.00 ,84630.81 ,45741.00 ,84630.81 ,45765.00 ,,,,,,,,,,,,,,,,,,,,,,,,,84630.81 ,,,,,,,,,,,,,,84630.81 ,,,,,,,,,,,,,,,
,,,,,,,,,,,,,,,,,,,,,,,,,,,,,,,,72096.92 ,产值确认单,45805.00 ,72096.92 ,45805.00 ,72096.92 ,45805.00 ,72096.92 ,45834.00 ,,,,,,,,,,,,,,,,,,,,,,,,,72096.92 ,,,,,,,,,,,,,,72096.92 ,,,,,,,,,,,,,,,
,,,,,,,,,,,,,,,,,,,,,,,,,,,,,,,,90674.89 ,,,90674.89 ,,,,,,,,,,,,,,,,,,,,,,,,,,,,,,90674.89 ,,,,,,,,,,,,,,90674.89 ,,,,,,,,,,,,,,,
,,,,,,,,,,,,,,,,,,,,,,,,,,,,精装大区-4,精装施工图设计完成经甲方确认后2个月内,0.20 ,339660.73 ,176888.92 ,产值确认单,45741.00 ,176888.92 ,45741.00 ,176888.92 ,45741.00 ,176888.92 ,45765.00 ,,南地块总金额：884444.60,,,,,,,,,,,,,,,,,,,,,,,176888.92 ,,,,,,,,,,,,,,176888.92 ,,,,,,,,,,,,,,,
,,,,,,,,,,,,,,,,,,,,,,,,,,,,,,,,162771.81 ,,,162771.81 ,,,,,,,,,,,,,,,,,,,,,,,,,,,,,,162771.81 ,,,,,,,,,,,,,,162771.81 ,,,,,,,,,,,,,,,
,,,,,,,,,,,,,0.00 ,0.00 ,0.00 ,,,,,,0.00 ,0.00 ,0.00 ,,,,,精装大区-5,精装修竣工验收合格，本合同办理完成结算后2个月内,0.20 ,339660.73 ,339660.73 ,,,,,,,339660.73 ,,,,,,,,,,,,,,,,,,,,,,,,,,339660.73 ,,,,,,,,,,,,,,339660.73 ,,,,,,,,,,,,,,,
47,中南,45765.00 ,长沙天心区044地块项目,,中国铁建长沙天心炮院西项目建设工程设计总包管理服务合同补充协议,CRCCRE-SJ-XM-2023-086-B1,建筑+精装,CRCCRE-ZN-CSJA-HYJN-QQ-2023-016-B1,长沙京昂房地产开发有限公司,150194.26 ,,1571248.86 ,0.00 ,0.00 ,0.00 ,979648.86 ,0.00 ,0.00 ,0.00 ,0.00 ,0.00 ,0.00 ,0.00 ,0.00 ,,591600.00 ,/,建筑方案补充,合同签订并提交第一版概念性方案后2个月内,0.90 ,881683.97 ,881683.97 ,产值确认单,45805.00 ,881683.97 ,45805.00 ,881683.97 ,45805.00 ,881683.97 ,45834.00 ,0.00 ,,,,,1571248.86 ,1354963.97 ,1571248.86 ,0.00 ,216284.89 ,-216284.89 ,,,,881683.97 ,,,,,,,,,,,,,,881683.97 ,,,,,,,,,,,直接委托,OA,,,,,,,,,,,,,
,,,,,,,,,,,,,,,,,,,,,,,,,,,,,,0.10 ,97964.89 ,97964.89 ,,,97964.89 ,,,,97964.89 ,,,,,,,,,,,,,,,,97964.89 ,,,,,,,,,,,,,,97964.89 ,,,,,,,,,,,,,,,,,,,,,,,,,
,,,,,,,,,,,,,,,,,,,,,,,,,,,,样板间,合同签订并提交第一版概念性方案后2个月内,0.20 ,118320.00 ,118320.00 ,产值确认单,45981.00 ,118320.00 ,45981.00 ,118320.00 ,45981.00 ,118320.00 ,46021.00 ,0.00 ,,,,,,,,,,,,,,,,,,,,,,,,118320.00 ,,,,,,,,,,,,,,118320.00 ,,,,,,,,,,,,,,,
,,,,,,,,,,,,,,,,,,,,,,,,,,,,样板间,精装概念设计完成经甲方确认后2个月内,0.20 ,118320.00 ,118320.00 ,产值确认单,45981.00 ,118320.00 ,45981.00 ,118320.00 ,45981.00 ,118320.00 ,46021.00 ,0.00 ,,,,,,,,,,,,,,,,,,,,,,,,118320.00 ,,,,,,,,,,,,,,118320.00 ,,,,,,,,,,,,,,,
,,,,,,,,,,,,,,,,,,,,,,,,,,,,样板间,精装方案扩初设计完成经甲方确认后2个月内,0.20 ,118320.00 ,118320.00 ,产值确认单,45981.00 ,118320.00 ,45981.00 ,118320.00 ,45981.00 ,118320.00 ,46021.00 ,0.00 ,,,,,,,,,,,,,,,,,,,,,,,,118320.00 ,,,,,,,,,,,,,,118320.00 ,,,,,,,,,,,,,,,
,,,,,,,,,,,,,,,,,,,,,,,,,,,,样板间,精装施工图设计完成经甲方确认后2个月内,0.20 ,118320.00 ,118320.00 ,产值确认单,45981.00 ,118320.00 ,45981.00 ,118320.00 ,45981.00 ,118320.00 ,46021.00 ,0.00 ,,,,,,,,,,,,,,,,,,,,,,,,118320.00 ,,,,,,,,,,,,,,118320.00 ,,,,,,,,,,,,,,,
,,,,,,,,,,,,,,,,,,,,,,,,,,,,样板间,精装修竣工验收合格，本合同办理完成结算后2个月内,0.20 ,118320.00 ,118320.00 ,,,118320.00 ,,,,118320.00 ,,118320.00 ,,,,,,,,,,,,,,,,,,,,,,,,118320.00 ,,,,,,,,,,,,,,118320.00 ,,,,,,,,,,,,,,,
,外部,45765.00 ,南光置业无锡项目,,南光城项目D07 地块二期施工图优化咨 询服务合同,CRCCRE-SJ-ZX-2025-003,施工图咨询,NGWX-NGC.D072Q-QQ-024,无锡金银岛置业有限公司,100128.00 ,非经济性1.5元/㎡+降本增效*4.5%,490000.00 ,,,,,,,,30000.00 ,,,,,,,,增补,完成 D07 地块二期报审版桩基图原工程桩位偏移及 1#楼东南角角桩施工专项咨询咨询部分工作并提交专项咨询报告纸质版报告,1.00 ,30000.00 ,30000.00 ,产值确认单,45831.00 ,30000.00 ,45831.00 ,30000.00 ,45832.00 ,30000.00 ,45911.00 ,,,,,,,,,,,,,,,,,,,30000.00 ,,,,,,,,,,,,,,30000.00 ,,,,,,,,,,,,,,,,,,,,,
,,,,,,,,,,,,,,,,,,,,460000.00 ,,,,,,,,1.00 ,本合同签订后，乙方同步跟进设计工作，提出建设性意见，确保咨询意见的及时性、准确性，并形成书面资料。待本项目取得审图合格证之后，乙方提交精细化审查意见并经双方确认后一个月之内甲方支付非经济性咨询费用的 80 %。,0.80 ,120153.60 ,120153.60 ,预估,46111.00 ,120153.60 ,,,,120153.60 ,46142.00 ,0.00 ,,,,,,,,,,,,,,,,,,120153.60 ,,,,,,,,,,,,,,120153.60 ,,,,,,,,,,,,,,,,,,,,,
,,,,,,,,,,,,,,,,,,,,,,,,,,,,2.00 ,乙方按合同要求完成全部工作内容，并按甲方要求报送本合同结算资料，包括最终版精细化审查总结报告，且办理完成结算后，一个月之内甲方支付非经济性咨询费用的20%。,0.20 ,30038.40 ,30038.40 ,预估,46111.00 ,30038.40 ,,,,30038.40 ,46142.00 ,0.00 ,,,,,,,,,,,,,,,,,,30038.40 ,,,,,,,,,,,,,,30038.40 ,,,,,,,,,,,,,,,,,,,,,
,,,,,,,,,,,,,,,,,,,,,,,,,,,,3.00 ,本项目取得审图合格证之后，乙方提交《南光城D07地块二期项目阶段性施工图优化报告》，甲 乙双方根据本项目实际已实现的降本增效价值进行计价，经双方确认后，一个月之内甲方支付经济性咨询费用的90%。,0.90 ,305827.20 ,0.00 ,预估,,0.00 ,,,,0.00 ,,0.00 ,,,,,,,,,,,,,,,,,,,,,,,,,,,,,,,,,,,,,,,,,,,,,,,,,,,,,
,,,,,,,,,,,,,,,,,,,,,,,,,,,,4.00 ,乙方按合同要求完成全部工作  内容，并按甲方要求报送结算资 料，包括《南光城D07地块二期 项目全专业施工图优化报告》且办理完成结算后，一个月之内甲 方支付剩余的经济性咨询费用。,0.10 ,33980.80 ,0.00 ,,,0.00 ,,,,0.00 ,,0.00 ,,,,,,,,,,,,,,,,,,,,,,,,,,,,,,,,,,,,,,,,,,,,,,,,,,,,,
,外部,45044.00 ,南光置业无锡项目,,南光·碧桂园项目二期D07地块二期施工图设计咨询服务合同,CRCCRE-SJ-ZX-2023-001,施工图咨询,,无锡金银岛置业有限公司,100181.00 ,非经济性2元/平+落地降本增效价值的5%,480000.00 ,,,,,,,,480000.00 ,,,,,,,,1.00 ,本合同签订，甲方提交项目相关设计资料，乙方按合同约定提出设计优化意见后，一个月之内甲方支付非经济性咨询费用的20%,0.20 ,40072.40 ,40072.40 ,产值确认单,45124.00 ,40072.40 ,45124.00 ,40072.40 ,45124.00 ,40072.40 ,45191.00 ,0.00 ,,,,,,,,,,,,,,,,,,40072.40 ,,,,,,,,,,,,,,40072.40 ,,,,,,,,,,,,,,,,,,,,,
,,,,,,,,,,,,,,,,,,,,,,,,,,,,2.00 ,乙方提交本项目全专业施工图设计咨询报告经甲方确认后，一个月之内甲方支付非经济性咨询费用的80%。,0.80 ,160289.60 ,160289.60 ,产值确认单,45124.00 ,160289.60 ,45124.00 ,160289.60 ,45124.00 ,160289.60 ,45191.00 ,0.00 ,,,,,,,,,,,,,,,,,,160289.60 ,,,,,,,,,,,,,,160289.60 ,,,,,,,,,,,,,,,,,,,,,
,,,,,,,,,,,,,,,,,,,,,,,,,,,,3.00 ,甲乙双方根据本项目实现的降本增效价值进行结算，经双方确认后，一个月之内甲方支付经济性咨询费用的100%。,1.00 ,51367.46 ,51367.46 ,,,,,,,51367.46 ,,0.00 ,,,,,,,,,,,,,,,,,,51367.46 ,,,,,,,,,,,,,,51367.46 ,,,,,,,,,,,,,,,,,,,,,
,外部,45083.00 ,南通崇川五龙汇项目,,南通市CR22012地块项目设计优化咨询服务合同,CRCCRE-SJ-ZX-2023-002,全过程咨询,,南光锦湾商业（南通）有限公司,139400.00 ,全过程咨询3.25元/平米，合同按总价包干,453050.00 ,,,,,,,,453050.00 ,,,,,,,,1.00 ,乙方完成方案阶段的设计咨询工作并经甲方书面确认后，三十个工作日内，且需配合工规证获取后,0.30 ,135915.00 ,135915.00 ,产值确认单,45282.00 ,135915.00 ,45282.00 ,135915.00 ,45315.00 ,135915.00 ,45328.00 ,0.00 ,,,,,,,,,,,,,,,,,,135915.00 ,,,,,,,,,,,,,,135915.00 ,,,,,,,,,,,,,,,,,,,,,
,,,,,,,,,,,,,,,,,,,,,,,,,,,,2.00 ,乙方提交第一版全专业施工图设计咨询报告后，三十个工作日内，配合获取图审合格证后,0.30 ,135915.00 ,135915.00 ,产值确认单,45282.00 ,135915.00 ,45282.00 ,135915.00 ,45315.00 ,135915.00 ,45328.00 ,0.00 ,,,,,,,,,,,,,,,,,,135915.00 ,,,,,,,,,,,,,,135915.00 ,,,,,,,,,,,,,,,,,,,,,
,,,,,,,,,,,,,,,,,,,,,,,,,,,,3.00 ,乙方完成该项目设计咨询增值服务并经甲方书面确认后，三十工作日内,0.20 ,90610.00 ,90610.00 ,产值确认单,45650.00 ,90610.00 ,45650.00 ,,,0.00 ,,90610.00 ,,,,,,,,,,,,,,,,,,90610.00 ,,,,,,,,,,,,,,,,,,,,,,,,,,,,,,,,,,,
,,,,,,,,,,,,,,,,,,,,,,,,,,,,4.00 ,乙方完成该项目设计咨询总结报告并经甲方书面确认后，三十个工作日内,0.20 ,90610.00 ,90610.00 ,产值确认单,45650.00 ,90610.00 ,45650.00 ,,,0.00 ,,90610.00 ,,,,,,,,,,,,,,,,,,90610.00 ,,,,,,,,,,,,,,,,,,,,,,,,,,,,,,,,,,,
,外部,45239.00 ,南通崇川五龙汇项目,,南通南澳和雅花园项目图纸精细化审查服务合同,CRCCRE-SJ-ZX-2023-051,施工图精审,,南光锦湾商业（南通）有限公司,139400.00 ,固定总价30万元，折合2.15元/平米,300000.00 ,,,,,,,,300000.00 ,,,,,,,,1.00 ,协议签订并生效后，甲方提交项目相关设计资料，乙方按合同约定开展精审工作经甲方书面确认无误的，且项目获取建设工程规划许可证后，三十个工作日内,0.30 ,90000.00 ,90000.00 ,产值确认单,45282.00 ,90000.00 ,45282.00 ,90000.00 ,45315.00 ,90000.00 ,45328.00 ,0.00 ,,,,,,,,,,,,,,,,,,90000.00 ,,,,,,,,,,,,,,90000.00 ,,,,,,,,,,,,,,,,,,,,,
,,,,,,,,,,,,,,,,,,,,,,,,,,,,2.00 ,乙方提交第一版全专业施工图精审咨询报告经甲方书面确认无误的，且项目获取图审合格证后，三十个工作日内,0.50 ,150000.00 ,150000.00 ,产值确认单,45282.00 ,150000.00 ,45282.00 ,150000.00 ,45315.00 ,150000.00 ,45328.00 ,0.00 ,,,,,,,,,,,,,,,,,,150000.00 ,,,,,,,,,,,,,,150000.00 ,,,,,,,,,,,,,,,,,,,,,
,,,,,,,,,,,,,,,,,,,,,,,,,,,,3.00 ,项目获取建设工程规划许可证及图审合格证后，乙方提交该项目精审咨询总结报告并经甲方书面确认无误的，三十个工作日内,0.20 ,60000.00 ,60000.00 ,产值确认单,45650.00 ,60000.00 ,45650.00 ,,,60000.00 ,,0.00 ,,,,,,,,,,,,,,,,,,60000.00 ,,,,,,,,,,,,,,60000.00 ,,,,,,,,,,,,,,,,,,,,,
,外部,45285.00 ,际华四代住宅项目,,空中庭院式生态住宅建筑设计研究服务合同,CRCCRE-SJ-CZ-2023-057,可研,,新兴际华资产经营管理有限公司,,固定总价,250000.00 ,,,,250000.00 ,,,,,,,,,,,,1.00 ,预付款在合同签订后支付,0.30 ,75000.00 ,75000.00 ,产值确认单,45288.00 ,75000.00 ,45288.00 ,75000.00 ,45352.00 ,75000.00 ,45632.00 ,0.00 ,,,,,,,,,,,,,,75000.00 ,,,,,,,,,,,,,,75000.00 ,,,,,,,,,,,,,,,,,,,,,,,,,
,,,,,,,,,,,,,,,,,,,,,,,,,,,,2.00 ,完成中期汇报，提交符合任务书内容的要求的成果，经甲方书面确认后支付,0.40 ,100000.00 ,100000.00 ,产值确认单,45288.00 ,100000.00 ,45288.00 ,100000.00 ,45352.00 ,100000.00 ,,0.00 ,,,,,,,,,,,,,,100000.00 ,,,,,,,,,,,,,,100000.00 ,,,,,,,,,,,,,,,,,,,,,,,,,
,,,,,,,,,,,,,,,,,,,,,,,,,,,,3.00 ,完成终稿汇报，提交满足任务书内容要求的科研内容并通过科技创新专家组审核，经甲方书面确认后,0.30 ,75000.00 ,75000.00 ,产值确认单,45288.00 ,75000.00 ,45288.00 ,,,75000.00 ,,0.00 ,,,,,,,,,,,,,,75000.00 ,,,,,,,,,,,,,,75000.00 ,,,,,,,,,,,,,75000.00 ,0.00 ,,,,,,,,,,,
,外部,44732.00 ,"清远际华园项目
（完成）",CRCCRE-DC-XM-2022-001,广州际华园清远项目规划设计招标补偿协议,CRCCRE-SJ-CZ-2022-006,投标补偿,,广东际华园投资发展有限公司,/,/,357351.00 ,120000.00 ,0.00 ,0.00 ,237351.00 ,0.00 ,0.00 ,0.00 ,0.00 ,0.00 ,0.00 ,0.00 ,,,0.00 ,0.00 ,1.00 ,甲方完成公开招投标，乙方未中标。本补偿协议签订后。招标人将于本协议签订后 30 日内向未中标人支付技术成果经济补偿费,1.00 ,357351.00 ,357351.00 ,开票,44761.00 ,357351.00 ,44761.00 ,357351.00 ,44761.00 ,357351.00 ,44790.00 ,0.00 ,,,,,,,,,,,120000.00 ,,,237351.00 ,,,,,,,,,,,120000.00 ,,,237351.00 ,,,,,,,,,,,,,,,,,,,,,,,,,
,外部,44729.00 ,"咸宁际华园项目
（完成）",CRCCRE-DC-XM-2022-002,咸宁际华园（二期）项目方案及施工图设计招标补偿合同,CRCCRE-SJ-CZ-2022-007,投标补偿,,武汉际华园投资建设有限公司,/,/,400000.00 ,60000.00 ,0.00 ,320000.00 ,20000.00 ,0.00 ,0.00 ,0.00 ,0.00 ,0.00 ,0.00 ,0.00 ,,,0.00 ,0.00 ,1.00 ,甲方完成公开招投标，乙方未中标。经甲方对规划设计方案质量认定，自本合同签订之日起15日内支付,1.00 ,400000.00 ,400000.00 ,开票,44795.00 ,400000.00 ,44795.00 ,400000.00 ,44795.00 ,400000.00 ,44802.00 ,0.00 ,,,,,,,,,,,60000.00 ,,320000.00 ,20000.00 ,,,,,,,,,,,60000.00 ,,320000.00 ,20000.00 ,,,,,,,,,,,,,,,,,,,,,,,,,
,外部,45194.00 ,西安咸阳际华项目（完成）,,新兴际华西安际华园住宅项目（际华园兰府）招标方案补偿费支付协议,CRCCRE-SJ-XM-2023-030,投标补偿,,山东绿城青和建筑设计有限公司,/,/,100000.00 ,,,,100000.00 ,,,,,,,,,,,,1.00 ,甲方在收到建设单位支付的相应阶段设计费后10个工作日内支付,1.00 ,100000.00 ,100000.00 ,开票,45188.00 ,100000.00 ,45188.00 ,100000.00 ,45188.00 ,100000.00 ,45197.00 ,0.00 ,,,,,,,,,,,,,,100000.00 ,,,,,,,,,,,,,,100000.00 ,,,,,,,,,,,,,,,,,,,,,,,,,
25,外部,44930.00 ,中国人民大学通州新校区项目,CRCCRE-DC-XM-2023-005,通州人民大学校医管项目钢结构可建造BIM深化设计服务合同,CRCCRE-SJ-BIM-2022-016,BIM深化,,杭萧钢构(河北)建设有限公司,3500.00 ,45元/㎡,157500.00 ,0.00 ,0.00 ,0.00 ,0.00 ,0.00 ,0.00 ,0.00 ,0.00 ,0.00 ,157500.00 ,0.00 ,0.00 ,,0.00 ,0.00 ,1.00 ,所有详图按照计划时间提交给甲方并经甲方审核通过后15个工作日内支付至合同总价的70%,0.70 ,110250.00 ,117000.00 ,产值确认单,45160.00 ,117000.00 ,45160.00 ,117000.00 ,45161.00 ,93600.00 ,45188.00 ,23400.00 ,,,,,164250.00 ,117000.00 ,117000.00 ,-6750.00 ,47250.00 ,0.00 ,,,,,,,,,,117000.00 ,,,,,,,,,,,,,,93600.00 ,,,,,,,,,,,,,,,,,,,
,,,,,,,,,,,,,,,,,,,,,,,,,,,,,,,,,,,,,,,23400.00 ,,-23400.00 ,,,,,,,,,,,,,,,,,,,,,,,,,,,,,,,,,,23400.00 ,,,,,,,,,,,,,,,,,,,
,,,,,,,,,,,,,,,,,,,,,,,,,,,,2.00 ,合同范围中图纸内所有构件加工制作完成后15个工作日内支付至合同总价的90%,0.20 ,31500.00 ,31500.00 ,,,,,,,0.00 ,,31500.00 ,,,,,,,,,,,,,,,,,,,,31500.00 ,,,,,,,,,,,,,,,,,,,,,,,,,,,,,,,,,
,,,,,,,,,,,,,,,,,,,,,,,,,,,,3.00 ,本工程约定的图纸范围内的所有构件现场安装完毕且无质量问题，甲方审计部门进行结算，结算经双方确认后30日内，支付剩余所有设计费用,0.10 ,15750.00 ,15750.00 ,,,,,,,0.00 ,,15750.00 ,,,,,,,,,,,,,,,,,,,,15750.00 ,,,,,,,,,,,,,,,,,,,,,,,,,,,,,,,,,
25,外部,45016.00 ,天津花语尚东一期项目,CRCCRE-DC-XM-2023-003,天津市东丽区花语尚东项目地下室BIM管综优化服务合同,CRCCRE-SJ-BIM-2023-002,BIM,,中铁建投（天津）城市发展有限公司,91000.00 ,一口价,460000.00 ,0.00 ,0.00 ,0.00 ,0.00 ,0.00 ,0.00 ,0.00 ,0.00 ,460000.00 ,0.00 ,0.00 ,0.00 ,,0.00 ,0.00 ,1.00 ,乙方提交第一版地下车库及地下室BIM模型且经过甲方确认后双方办理计价手续，次月30个工作日内甲方向乙方支付当期服务费的40%,0.40 ,184000.00 ,117171.20 ,产值确认单,45140.00 ,117171.20 ,45140.00 ,117171.20 ,45140.00 ,117171.20 ,45153.00 ,0.00 ,"一期：29.12%
二期：34.56%
三期：36.32%",,"一期：460000×29.12%×90%=120556.80元
二期：460000×34.56%×90%=143078.40元",,414000.00 ,368257.45 ,414000.00 ,46000.00 ,45742.55 ,-45742.55 ,,,,,,,,,117171.20 ,,,,,,,,,,,,,,117171.20 ,,,,,,,,,,,,,,,,,,,,
,,,,,,,,,,,,,,,,,,,,,,,,,,,,,,,,66828.80 ,产值确认单,45652.00 ,66828.80 ,45652.00 ,52311.12 ,45880.00 ,52311.12 ,45890.00 ,,,,,,,,,,,,,,,,,,,,66828.80 ,,,,,,,,,,,,,,52311.12 ,,,,,,,,,,,,,,,,,,,,
,,,,,,,,,,,,,,,,,,,,,,,,,,,,,,,,,,,,,,,14517.68 ,,,,,,,,,,,,,,,,,,,,,,,,,,,,,,,,,,,14517.68 ,,,,,,,,,,,,,,,,,,,,
,,,,,,,,,,,,,,,,,,,,,,,,,,,,2.00 ,乙方根据甲方优化后的施工图纸提交BIM咨询优化报告、完成BIM范围的交底工作且经过甲方确认后双方办理计价手续，次月30个工作日内甲方向乙方支付当期服务费的50%,0.50 ,230000.00 ,146464.00 ,产值确认单,45140.00 ,146464.00 ,45140.00 ,146464.00 ,45140.00 ,146464.00 ,45153.00 ,0.00 ,,,"一期：460000×29.12%×90%=120556.80元
二期：460000×34.56%×90%=143078.40元",,,,,,,,,,,,,,,,146464.00 ,,,,,,,,,,,,,,146464.00 ,,,,,,,,,,,,,,,,,,,,
,,,,,,,,,,,,,,,,,,,,,,,,,,,,,,,,83536.00 ,产值确认单,45652.00 ,83536.00 ,45652.00 ,52311.13 ,45880.00 ,52311.13 ,45890.00 ,,,,,,,,,,,,,,,,,,,,83536.00 ,,,,,,,,,,,,,,52311.13 ,,,,,,,,,,,,,,,,,,,,
,,,,,,,,,,,,,,,,,,,,,,,,,,,,,,,,,,,,,,,31224.87 ,,,,,,,,,,,,,,,,,,,,,,,,,,,,,,,,,,,31224.87 ,,,,,,,,,,,,,,,,,,,,
,,,,,,,,,,,,,,,,,,,,,,,,,,,,3.00 ,乙方跟踪项目进度，完成设计变更的BIM模型更改，至项目取得竣工备案表后次月30日内甲方向乙方支付当期服务费的10%,0.10 ,46000.00 ,0.00 ,,,,,,,0.00 ,,0.00 ,,,,,,,,,,,,,,,,,,,,,,,,,,,,,,,,,,,,,,,,,,,,,,,,,,,,,
25,外部,45174.00 ,天津花语尚东项目三四期,CRCCRE-DC-XM-2023-011,天津市东丽区花语尚东项目三、四期公区及星空顶精装修设计服务合同,CRCCRE-SJ-XM-2023-029,精装,,中铁建投（天津）城市发展有限公司,3277.01 ,一口价,390000.00 ,0.00 ,0.00 ,0.00 ,0.00 ,0.00 ,0.00 ,0.00 ,0.00 ,0.00 ,0.00 ,0.00 ,390000.00 ,,0.00 ,0.00 ,1-公区,提交公区精装修设计概念方案设计成果，并得到甲方书面确认，且办理完请款手续后30日内支付公区精装修设计费用的20%,0.20 ,67207.57 ,43540.00 ,产值确认单,45261.00 ,43540.00 ,45261.00 ,43540.00 ,45261.00 ,43540.00 ,45288.00 ,0.00 ,"三期公区设计面积1674.69㎡、
",,,,232827.57 ,108850.00 ,108850.00 ,157172.43 ,123977.57 ,0.00 ,,,,,,,,,,,,43540.00 ,,,,,,,,,,,,,,43540.00 ,,,,,,,,,,,,,,,,,
,,,,,,,,,,,,,,,,,,,,,,,,,,,,,,,,23667.57 ,预估,,,,,,,,,,,,,,,,,,,,,,,,,,,,,,23667.57 ,,,,,,,,,,,,,,,,,,,,,,,,,,,,,,,
,,,,,,,,,,,,,,,,,,,,,,,,,,,,2-公区,提交公区精装修设计方案设计成果，并得到甲方书面确认，且办理完请款手续30日内支付公区精装修设计费用的30%,0.30 ,100811.36 ,65310.00 ,产值确认单,45261.00 ,65310.00 ,45261.00 ,65310.00 ,45261.00 ,65310.00 ,45288.00 ,0.00 ,"三期公区设计面积1674.69㎡、
",,,,,,,,,,,,,,,,,,,,,65310.00 ,,,,,,,,,,,,,,65310.00 ,,,,,,,,,,,,,,,,,
,,,,,,,,,,,,,,,,,,,,,,,,,,,,,,,,0.00 ,,,,,,,0.00 ,,,,,,,,,,,,,,,,,,,,,,,,,,,,,,,,,,,,,,,,,,,,,,,,,,,,,,,
,,,,,,,,,,,,,,,,,,,,,,,,,,,,3-公区,提交公区精装修设计全套施工图纸，并得到甲方书面确认，且办理完请款手续后30日内支付公区精装修设计费用的30%,0.30 ,100811.36 ,65310.00 ,预估,,,,,,0.00 ,,65310.00 ,三期公区施工图可以请,,,,,,,,,,,,,,,,,,,,,65310.00 ,,,,,,,,,,,,,,,,,,,,,,,,,,,,,,,
,,,,,,,,,,,,,,,,,,,,,,,,,,,,,,,,,,,,,,,,,,,,,,,,,,,,,,,,,,,,,,,,,,,,,,,,,,,,,,,,,,,,,,,,,,,,,,
,,,,,,,,,,,,,,,,,,,,,,,,,,,,星空顶,提交星空顶设计全套施工图纸，并得到甲方书面确认，且办理完请款手续后30日内支付星空顶设计费用的80%,0.80 ,43169.71 ,35000.00 ,预估,,,,,,0.00 ,,35000.00 ,三期星空顶可以请,,,,,,,,,,,,,,,,,,,,,35000.00 ,,,,,,,,,,,,,,,,,,,,,,,,,,,,,,,
,,,,,,,,,,,,,,,,,,,,,,,,,,,,,,,,,,,,,,,,,,,,,,,,,,,,,,,,,,,,,,,19000.00 ,,,,,,,,,,,,,,,,,,,,,,,,,,,,,,,
,,,,,,,,,,,,,,,,,,,,,,,,,,,,公区与星空顶,公区精装修施工与星空顶施工全部完成并验收通过，根据合同要求办理完结算手续后30日内支付本合同额的20%,0.20 ,78000.00 ,0.00 ,,,,,,,0.00 ,,0.00 ,,,,,,,,,,,,,,,,,,,,,,,,,,,,,,,,,,,,,,,,,,,,,,,,,,,,,
25,外部,45122.00 ,中铁二十一局集团天津人才基地项目,,中铁二十一局集团天津人才基地项目施工图设计优化咨询服务合同,CRCCRE-SJ-XM-2023-019,咨询,,天津德盛和置业有限公司,140000.00 ,"非经：1元/㎡
经济：10%*优化量（上限38万）",420000.00 ,0.00 ,0.00 ,0.00 ,0.00 ,0.00 ,0.00 ,0.00 ,420000.00 ,0.00 ,0.00 ,0.00 ,0.00 ,,0.00 ,0.00 ,非经济性,乙方提交第一版全专业施工图优化设计咨询报告后，经甲方确认后在30个工作日内甲方支付施工图优化设计咨询服务费中非经济性咨询优化费用的80%给乙方,0.80 ,112000.00 ,112000.00 ,产值确认单,45240.00 ,112000.00 ,45240.00 ,112000.00 ,45240.00 ,112000.00 ,45271.00 ,0.00 ,,,,,416000.00 ,112000.00 ,416000.00 ,4000.00 ,304000.00 ,-304000.00 ,,,,,,,,112000.00 ,,,,,,,,,,,,,,112000.00 ,,,,,,,,,,,,,,,,,,,,,
,,,,,,,,,,,,,,,,,,,,,,,,,,,,经济性,甲方完成施工图审查并取得审查合格证后，在30个工作日内甲方支付施工图优化设计咨询服务费中经济性咨询优化费用的80%给乙方,0.80 ,304000.00 ,304000.00 ,产值确认单,45281.00 ,304000.00 ,45281.00 ,,,304000.00 ,,0.00 ,,,,,,,,,,,,,,,,,,304000.00 ,,,,,,,,,,,,,,304000.00 ,,,,,,,,,,,,,,,,,,,,,
,,,,,,,,,,,,,,,,,,,,,,,,,,,,尾款,乙方完成该项目设计咨询总结报告并经甲方认可后，在30个工作日内甲方支付施工图优化设计咨询服务费剩余全部费用给乙方,0.20 ,4000.00 ,0.00 ,,,,,,,0.00 ,,0.00 ,,,,,,,,,,,,,,,,,,,,,,,,,,,,,,,,,,,,,,,,,,,,,,,,,,,,,
25,外部,45107.00 ,宿州花语华府项目,CRCCRE-DC-XM-2023-007,宿州花语华府项目地下室BIM管综优化服务合同,CRCCRE-SJ-BIM-2023-013,BIM,中铁建设-SZFZ-HT-QQ-2023-024,中铁建投（宿州）城市发展有限公司,39852.39 ,4.52元/㎡,180000.00 ,0.00 ,0.00 ,0.00 ,0.00 ,0.00 ,0.00 ,0.00 ,0.00 ,180000.00 ,0.00 ,0.00 ,0.00 ,,0.00 ,0.00 ,1.00 ,乙方提交第一版BIM模型及图纸问题报告且经过甲方确认后，30个工作日内。,0.30 ,54000.00 ,54000.00 ,产值确认单,45257.00 ,108000.00 ,45240.00 ,108000.00 ,45258.00 ,54000.00 ,45327.00 ,0.00 ,银信2024/8/5到期,,,,180000.00 ,171000.00 ,171000.00 ,0.00 ,9000.00 ,0.00 ,,,,,,,,,54000.00 ,,,,,,,,,,,,,,54000.00 ,,,,,,,,,,,,,,,,,,,,
,,,,,,,,,,,,,,,,,,,,,,,,,,,,2.00 ,乙方根据甲方优化后的施工图纸，完成BIM管综咨询优化报告且经书面确认后，30个工作日内。,0.30 ,54000.00 ,54000.00 ,产值确认单,45257.00 ,,,,,54000.00 ,45327.00 ,0.00 ,,,,,,,,,,,,,,,,,,,54000.00 ,,,,,,,,,,,,,,54000.00 ,,,,,,,,,,,,,,,,,,,,
,,,,,,,,,,,,,,,,,,,,,,,,,,,,3.00 ,乙方提交BIM管综图纸、完成BIM范围的交底工作且经书面确认后，30个工作日内。,0.35 ,63000.00 ,63000.00 ,产值确认单,45519.00 ,63000.00 ,45519.00 ,63000.00 ,45519.00 ,63000.00 ,,0.00 ,,,,,,,,,,,,,,,,,,,63000.00 ,,,,,,,,,,,,,,63000.00 ,,,,,,,,63000.00 ,0.00 ,,,,,,,,,,,
,,,,,,,,,,,,,,,,,,,,,,,,,,,,4.00 ,乙方跟踪项目进度，完成设计变更的BIM模型更改，至项目取得竣工备案表后15个共工作日内双方办理计价手续，次月支付剩余合同额。,0.05 ,9000.00 ,9000.00 ,,,,,,,0.00 ,,9000.00 ,,,,,,,,,,,,,,,,,,,,,,,,,,,,,,,,,,,,,,,,,,,,,,,,,,,,,
25,外部,45020.00 ,"通马路交通枢纽项目
（完成）",CRCCRE-DC-XM-2023-024,通马路交通枢纽项目B区钢结构可建造BIM深化设计服务合同,CRCCRE-SJ-BIM-2023-003,BIM深化,,杭萧钢构(河北)建设有限公司,3500.00 ,70元/㎡,245000.00 ,0.00 ,0.00 ,0.00 ,0.00 ,0.00 ,0.00 ,0.00 ,0.00 ,0.00 ,245000.00 ,0.00 ,0.00 ,,0.00 ,0.00 ,1.00 ,所有详图按照计划时间提交给甲方并经甲方审核通过后15个工作日内支付至合同总价的70%,0.70 ,171500.00 ,68600.00 ,产值确认单,45212.00 ,68600.00 ,45212.00 ,68600.00 ,45212.00 ,48020.00 ,45356.00 ,20580.00 ,"结算金额：235470元
已开票金额：211085元",,,,186470.00 ,235470.00 ,235470.00 ,58530.00 ,-49000.00 ,0.00 ,,,,,,,,,,68600.00 ,,,,,,,,,,,,,,48020.00 ,,,,,,,,,,,,,,,,,,,
,,,,,,,,,,,,,,,,,,,,,,,,,,,,,,,,,,,,,,,20580.00 ,45680.00 ,-20580.00 ,,,,,,,,,,,,,,,,,,,,,,,,,,,,,,,,,,20580.00 ,,,,,,,,,,,,,,,,,,,
,,,,,,,,,,,,,,,,,,,,,,,,,,,,,,,,102400.00 ,产值确认单,45264.00 ,102400.00 ,45264.00 ,66395.00 ,45324.00 ,66395.00 ,45364.00 ,36005.00 ,,,,,,,,,,,,,,,,,,,,102400.00 ,,,,,,,,,,,,,,66395.00 ,,,,,,,,,,,,,,,,,,,
,,,,,,,,,,,,,,,,,,,,,,,,,,,,,,,,,,,,,26590.00 ,45562.00 ,3763.00 ,45623.00 ,-3763.00 ,,,,,,,,,,,,,,,,,,,,,,,,,,,,,,,,,,3763.00 ,,,,,,,,,,,,,,,,,,,
,,,,,,,,,,,,,,,,,,,,,,,,,,,,,,,,,,,,,,,22827.00 ,45680.00 ,-22827.00 ,,,,,,,,,,,,,,0.00 ,,0.00 ,,,,,,,,,,,,0.00 ,,0.00 ,,,,22827.00 ,,,,,,,,,,,,,,,,,,,
,,,,,,,,,,,,,,,,,,,,,,,,,,,,2.00 ,八角游乐园来临时设施改造项目的产值调整（82500元中，给工程40%，给创二20%）,0.20 ,49000.00 ,49500.00 ,产值确认单,45280.00 ,49500.00 ,45280.00 ,49500.00 ,45562.00 ,49500.00 ,45623.00 ,0.00 ,,,,,,,,,,,,,,16500.00 ,,33000.00 ,,,,,,,,,,,,16500.00 ,,33000.00 ,,,,,,,,,,,,,,,,,,,,,,,
,,,,,,,,,,,,,,,,,,,,,,,,,,,,,合同范围中图纸内所有构件加工制作完成后15个工作日内支付至合同总价的90%,,,-49000.00 ,产值确认单,45264.00 ,-49000.00 ,45264.00 ,,,0.00 ,,-49000.00 ,,,,,,,,,,,,,,,,,,,,-49000.00 ,,,,,,,,,,,,,,,,,,,,,,,,,,,,,,,,,
,,,,,,,,,,,,,,,,,,,,,,,,,,,,3.00 ,本工程约定的图纸范围内的所有构件现场安装完毕且无质量问题，甲方审计部门进行结算，结算经双方确认后30日内，支付剩余所有设计费用,0.10 ,24500.00 ,14970.00 ,产值确认单,45672.00 ,14970.00 ,45672.00 ,24385.00 ,45673.00 ,24385.00 ,45680.00 ,-9415.00 ,,,,,,,,,,,,,,,,,,,,14970.00 ,,,,,,,,,,,,,,24385.00 ,,,,,,,,,,,,,,,,,,,
25,外部,45020.00 ,通州人民大学食堂项目,CRCCRE-DC-XM-2023-023,通州人民大学食堂钢结构可建造BIM深化设计服务合同,CRCCRE-SJ-BIM-2023-006,BIM深化,,杭萧钢构(河北)建设有限公司,600.00 ,45元/㎡,27000.00 ,0.00 ,0.00 ,0.00 ,0.00 ,0.00 ,0.00 ,0.00 ,0.00 ,0.00 ,27000.00 ,0.00 ,0.00 ,,0.00 ,0.00 ,1.00 ,所有详图按照计划时间提交给甲方并经甲方审核通过后15个工作日内支付至合同总价的70%,0.70 ,18900.00 ,7020.00 ,产值确认单,45231.00 ,7020.00 ,45231.00 ,7020.00 ,45231.00 ,5616.00 ,45260.00 ,1404.00 ,,,,,12420.00 ,7020.00 ,11016.00 ,14580.00 ,5400.00 ,-3996.00 ,,,,,,,,,,7020.00 ,,,,,,,,,,,,,,5616.00 ,,,,,,,,,,,,,,,,,,,
,,,,,,,,,,,,,,,,,,,,,,,,,,,,,,,,,,,,,,,,,,,,,,,,,,,,,,,,,,,,,,,,,,,,,,,,,,,,,,,,,,,,,,,,,,,,,,
,,,,,,,,,,,,,,,,,,,,,,,,,,,,2.00 ,合同范围中图纸内所有构件加工制作完成后15个工作日内支付至合同总价的90%,0.20 ,5400.00 ,5400.00 ,,,,,,,5400.00 ,,0.00 ,,,,,,,,,,,,,,,,,,,,5400.00 ,,,,,,,,,,,,,,5400.00 ,,,,,,,,,,,,,,,,,,,
,,,,,,,,,,,,,,,,,,,,,,,,,,,,3.00 ,本工程约定的图纸范围内的所有构件现场安装完毕且无质量问题，甲方审计部门进行结算，结算经双方确认后30日内，支付剩余所有设计费用,0.10 ,2700.00 ,0.00 ,,,,,,,0.00 ,,0.00 ,,,,,,,,,,,,,,,,,,,,,,,,,,,,,,,,,,,,,,,,,,,,,,,,,,,,,
25,外部,45161.00 ,白云国际机场三期扩建工程三号航站楼项目,CRCCRE-DC-XM-2023-022,白云机场T3航站楼钢结构工程第二标段深化设计合同,CRCCRE-SJ-BIM-2023-014,BIM深化,,中建三局钢构科技有限公司,4000t,42.4元/t,169600.00 ,0.00 ,0.00 ,0.00 ,0.00 ,0.00 ,0.00 ,0.00 ,0.00 ,0.00 ,169600.00 ,0.00 ,0.00 ,,0.00 ,0.00 ,1.00 ,进度款按季度计量支付，支付比例85%,0.85 ,144160.00 ,43340.62 ,产值确认单,45163.00 ,43340.62 ,45163.00 ,43340.62 ,45166.00 ,43340.62 ,45197.00 ,0.00 ,,,,,106874.29 ,106874.29 ,106874.29 ,62725.71 ,0.00 ,0.00 ,,,,,,,,,,43340.62 ,,,,,,,,,,,,,,43340.62 ,,,,,,,,,,,,,,,,,,,
,,,,,,,,,,,,,,,,,,,,,,,,,,,,,,,,47649.78 ,产值确认单,45231.00 ,47649.78 ,45231.00 ,7648.35 ,45233.00 ,7648.35 ,,,,,,,,,,,,,,,,,,,,,,7648.35 ,,,,,,,,,,,,,,7648.35 ,,,,,,,,,,,,,,,,,,,
,,,,,,,,,,,,,,,,,,,,,,,,,,,,,,,,,,45231.00 ,,,34001.22 ,45233.00 ,34001.22 ,45303.00 ,,,,,,,,,,,,,,,,,,,,,34001.22 ,,,,,,,,,,,,,,34001.22 ,,,,,,,,,,,,,,,,,,,
,,,,,,,,,,,,,,,,,,,,,,,,,,,,,,,,,,45231.00 ,,,6000.21 ,45233.00 ,6000.21 ,,,,,,,,,,,,,,,,,,,,,,6000.21 ,,,,,,,,,,,,,,6000.21 ,,,,,,,,,,,,,,,,,,,
,,,,,,,,,,,,,,,,,,,,,,,,,,,,,,,,15883.89 ,产值确认单,45323.00 ,15883.89 ,45323.00 ,15883.89 ,45323.00 ,13501.30 ,45393.00 ,,,,,,,,,,,,,,,,,,,,,15883.89 ,,,,,,,,,,,,,,13501.30 ,,,,,,,,,,,,,,,,,,,
,,,,,,,,,,,,,,,,,,,,,,,,,,,,,,,,,,,,,,,2382.59 ,,,,,,,,,,,,,,,,,,,,,,,,,,,,,,,,,,,,2382.59 ,,,,,,,,,,,,,,,,,,,
,,,,,,,,,,,,,,,,,,,,,,,,,,,,2.00 ,"剩余15%的进度款在乙方报送图纸完
成，钢结构现场安装并验收后，双方办理结算，结算后30 天内甲方支付乙方进度款。",0.15 ,25440.00 ,,,,,,,,,,0.00 ,,,,,,,,,,,,,,,,,,,,49000.00 ,,,,,,,,,,,,,,49000.00 ,,,,,,,,,,,,,,,,,,,
25,外部,45386.00 ,清华大学通州基地千人报告厅项目,CRCCRE-DC-XM-2024-010,清华大学通州基地千人报告厅项目钢结构工程深化设计合同,CRCCRE-SJ-XM-2024-012,BIM深化,,中建三局钢构科技有限公司,2950t,59.36元/t,175112.00 ,0.00 ,0.00 ,0.00 ,0.00 ,0.00 ,0.00 ,0.00 ,0.00 ,0.00 ,175112.00 ,0.00 ,0.00 ,,0.00 ,0.00 ,1.00 ,进度款按季度计量支付，支付比例85%,0.85 ,148845.20 ,50752.80 ,产值确认单,45408.00 ,50752.80 ,45408.00 ,50752.80 ,45408.00 ,43139.88 ,45498.00 ,7612.92 ,回款乘以0.85,,,,175112.00 ,175112.00 ,155568.52 ,0.00 ,0.00 ,19543.48 ,,,,,,,,,,50752.80 ,,,,,,,,,,,,,,43139.88 ,,,,,,,43139.88 ,0.00 ,,,,,,,,,,,
,,,,,,,,,,,,,,,,,,,,,,,,,,,,,,,,76930.56 ,开票,45553.00 ,76930.56 ,45553.00 ,76930.56 ,45553.00 ,65000.00 ,45610.00 ,,回款乘以0.85,,,,,,,,,,,,,,,,,,,76930.56 ,,,,,,,,,,,,,,65000.00 ,,,,,,,,,,,,,,,,,,,
,,,,,,,,,,,,,,,,,,,,,,,,,,,,,,,,47428.64 ,开票,46007.00 ,47428.64 ,46007.00 ,47428.64 ,46007.00 ,47428.64 ,,,,,,,,,,,,,,,,,,,,,,47428.64 ,,,,,,,,,,,,,,47428.64 ,,,,,,,,,,,,,,,,,,,
,,,,,,,,,,,,,,,,,,,,,,,,,,,,2.00 ,剩余15%的进度款在乙方报送图纸完成，钢结构现场安装并验收后，双方办理结算，结算后30 天内甲方支付乙方进度款。,0.15 ,26266.80 ,,,,,,,,,,0.00 ,,,,,,,,,,,,,,,,,,,,,,,,,,,,,,,,,,,,,,,,,,,,,,,,,,,,,
25,外部,45421.00 ,雄安城际站枢纽配套工程二区项目,CRCCRE-DC-XM-2024-011,雄安城际站枢纽配套工程二区项目钢结构工程深化设计合同,CRCCRE-SJ-XM-2024-014,BIM深化,,中建三局钢构科技有限公司,1600t,49.82元/t,79712.00 ,0.00 ,0.00 ,0.00 ,0.00 ,0.00 ,0.00 ,0.00 ,0.00 ,0.00 ,79712.00 ,0.00 ,0.00 ,,0.00 ,0.00 ,1.00 ,进度款按季度计量支付，支付比例85%,0.85 ,67755.20 ,35984.99 ,产值确认单,45433.00 ,35984.99 ,45433.00 ,35984.99 ,45433.00 ,30587.24 ,45537.00 ,5397.75 ,,,,,35984.99 ,35984.99 ,30587.24 ,43727.01 ,0.00 ,5397.75 ,,,,,,,,,,35984.99 ,,,,,,,,,,,,,,30587.24 ,,,,,,,30587.24 ,0.00 ,,,,,,,,,,,
,,,,,,,,,,,,,,,,,,,,,,,,,,,,,,,,0.00 ,,,,,,,0.00 ,,,,,,,,,,,,,,,,,,,,,,,,,,,,,,,,,,,,,,,,,,,,,,,,,,,,,,,
,,,,,,,,,,,,,,,,,,,,,,,,,,,,,,,,0.00 ,,,,,,,0.00 ,,,,,,,,,,,,,,,,,,,,,,,,,,,,,,,,,,,,,,,,,,,,,,,,,,,,,,,
,,,,,,,,,,,,,,,,,,,,,,,,,,,,2.00 ,剩余15%的进度款在乙方报送图纸完成，钢结构现场安装并验收后，双方办理结算，结算后30 天内甲方支付乙方进度款。,0.15 ,11956.80 ,,,,,,,,,,0.00 ,,,,,,,,,,,,,,,,,,,,,,,,,,,,,,,,,,,,,,,,,,,,,,,,,,,,,
,外部,44682.00 ,"响螺湾项目C-03地块可研
（完结）",,响螺湾项目C-03地块可研规划方案设计合同,CRCCRE-SJ-CZ-2022-005,可研,,新兴达美（天津）投资有限公司,/,50000.00 ,50000.00 ,,,50000.00 ,,,,,,,,,,,,,1.00 ,完成合同约定的全部工作，按甲方要求提交请款资料，在完成相应的内核机制后，甲方将于次日30日前向乙方支付合同全部款项,1.00 ,50000.00 ,50000.00 ,产值确认单,44999.00 ,50000.00 ,44999.00 ,50000.00 ,44999.00 ,50000.00 ,45061.00 ,0.00 ,,,,,,,,,,,,,50000.00 ,,,,,,,,,,,,,,50000.00 ,,,,,,,,,,,,,,,,,,,,,,,,,,
25,外部,,沈阳大厦项目,CRCCRE-DC-XM-2024-011,沈阳金融中心和C地块小学钢结构深化设计合同,CRCCRE-SJ-SJ-2025-004,BIM深化,cscec-ht2-2025101506399,中建三局钢构科技有限公司,25000t,42.4元/t,1060000.00 ,0.00 ,0.00 ,0.00 ,0.00 ,0.00 ,0.00 ,0.00 ,0.00 ,0.00 ,1060000.00 ,0.00 ,0.00 ,,0.00 ,0.00 ,1.00 ,进度款按季度计量支付，支付比例85%,0.85 ,901000.00 ,0.00 ,,,,,,,0.00 ,,0.00 ,,,,,0.00 ,0.00 ,0.00 ,1060000.00 ,0.00 ,0.00 ,,,,,,,,,,0.00 ,,,,,,,,,,,,,,0.00 ,,,,,,,0.00 ,0.00 ,,,,,,,,,,,
,,,,,,,,,,,,,,,,,,,,,,,,,,,,,,,,0.00 ,,,,,,,0.00 ,,0.00 ,,,,,,,,,,,,,,,,,,,,,,,,,,,,,,,,,,,,,,,,,,,,,,,,,,,,,
,,,,,,,,,,,,,,,,,,,,,,,,,,,,,,,,0.00 ,,,,,,,0.00 ,,0.00 ,,,,,,,,,,,,,,,,,,,,,,,,,,,,,,,,,,,,,,,,,,,,,,,,,,,,,
,,,,,,,,,,,,,,,,,,,,,,,,,,,,2.00 ,剩余15%的进度款在乙方报送图纸完成，钢结构现场安装并验收后，双方办理结算，结算后30 天内甲方支付乙方进度款。,0.15 ,159000.00 ,,,,,,,,,,0.00 ,,,,,,,,,,,,,,,,,,,,,,,,,,,,,,,,,,,,,,,,,,,,,,,,,,,,,
,外部,45255.00 ,天津响螺湾03-94地块项目,,响螺湾安阳道北侧03-94地块强排方案设计合同,CRCCRE-SJ-CZ-2023-051,可研,,新兴达美（天津）投资有限公司,/,49000.00 ,49000.00 ,,,,49000.00 ,,,,,,,,,,,,1.00 ,乙方完成合同约定的全部工作，按甲方要求提交请款资料（包括不限于请款函、《工作任务单》、双方签字确认的成果文件等），且双方办理完结算手续后，甲方将于次月一次性向乙方支付结算金额的全部款项。,1.00 ,49000.00 ,49000.00 ,产值确认单,45287.00 ,49000.00 ,45287.00 ,49000.00 ,45847.00 ,49000.00 ,,0.00 ,,,,,,,,,,,,,,49000.00 ,,,,,,,,,,,,,,49000.00 ,,,,,,,,,,,,,,,,,,,,,,,,,
,外部,44734.00 ,扬中际华园项目,,扬中际华园项目规划方案及施工图设计合同,CRCCRE-SJ-CZ-2022-009,方案+施工图,,际华集团江苏实业投资有限公司,约50万平,44.80 ,22400000.00 ,,,,13171860.00 ,,7589218.00 ,,966922.00 ,,,,,,672000.00 ,,1.00 ,"完成并提供第一轮方案文本及各项技术资料,经甲方审议通过并汇报政府后,支付第一笔设计费,设计人根据发包人要求提供请款材料，经发包人审核确认后，次月25日前支付",0.15 ,1327905.43 ,1327905.43 ,产值确认单,44922.00 ,1327905.43 ,44922.00 ,1012524.31 ,44936.00 ,1012524.31 ,44944.00 ,315381.12 ,,,,,,,,,,,,,,1118665.45 ,,,,127085.35 ,,,,,,82154.63 ,,,,950828.13 ,,,,31320.45 ,,,,,,30375.73 ,,,,,,,,,,,,,,,
,,,,,,,,,,,,,,,,,,,,,,,,,,,,,,,,,,,,,,,0.00 ,,,,,,,,,,,,,,,,,,,,,,,,,,,,,,,,,,,,,,,,,,,,,,,,,,,,,,,
,,,,,,,,,,,,,,,,,,,,,,,,,,,,,（首开区出施工图）,,621512.24 ,621512.24 ,产值确认单,44903.00 ,621512.24 ,44903.00 ,621512.24 ,44903.00 ,621512.24 ,44916.00 ,0.00 ,,,,,,,,,,,,,,373417.20 ,,211496.72 ,,17952.95 ,,,,,,18645.37 ,,,,373417.20 ,,211496.72 ,,17952.95 ,,,,,,18645.37 ,,,,,,,,,,,,,,,
,,,,,,,,,,,,,,,,,,,,,,,,,,,,,第一笔日清部分,,1410582.33 ,1410582.33 ,产值确认单,44922.00 ,1410582.33 ,44922.00 ,,,0.00 ,,,,,,,,,,,,,,,,1410582.33 ,,,,,,,,,,,,,,,,,,,,,,,,,,,,,,,,,,,,,,,
,,,,,,,,,,,,,,,,,,,,,,,,,,,,2.00 ,"完成后续方案设计调整,提供完整的方案文本及各项技术资料, 经甲方审议通过并汇报政府后，得到政府等相关部门同意，具备成熟的上会条件，支付第二笔设计费，设计人根据发包人要求提供请款材料，经发包人审核确认后，次月25日前支付",0.05 ,1120000.00 ,1120000.00 ,,,,,2984036.55 ,,0.00 ,,1120000.00 ,,,,,,,,,,,,,,1038053.90 ,,,,48346.10 ,,,,,,33600.00 ,,,,,,,,,,,,,,,,,,,,,,,,,,,,,
,,,,,,,,,,,,,,,,,,,,,,,,,,,,3.00 ,方案调整、修改完成，通过规划方案评审会(专家会、规委会）及通过政府审查后（规划复函），设计人根据发包人要求提供请款材料，经发包人审核确认后，次月25日前支付,0.10 ,2240000.00 ,2240000.00 ,,,,,,,0.00 ,,2240000.00 ,,,,,,,,,,,,,,2076107.80 ,,,,96692.20 ,,,,,,67200.00 ,,,,,,,,,,,,,,,,,,,,,,,,,,,,,
,,,,,,,,,,,,,,,,,,,,,,,,,,,,4.00 ,单体报建完成、规划方案审图盖章并取得工规证后，设计人根据发包人要求提供请款材料，经发包人审核确认后，次月25日前支付,0.15 ,3360000.00 ,0.00 ,,,,,,,0.00 ,,0.00 ,,,,,,,,,,,,,,,,,,,,,,,,,,,,,,,,,,,,,,,,,,,,,,,,,,,,,
,,,,,,,,,,,,,,,,,,,,,,,,,,,,5.00 ,施工图完成并取得审查合格书后，设计人根据发包人要求提供请款材料，经发包人审核确认后，次月25日前支付,0.20 ,4480000.00 ,0.00 ,,,,,,,0.00 ,,0.00 ,,,,,,,,,,,,,,,,,,,,,,,,,,,,,,,,,,,,,,,,,,,,,,,,,,,,,
,,,,,,,,,,,,,,,,,,,,,,,,,,,,6.00 ,主体结构验收通过后请，设计人根据发包人要求提供请款材料，经发包人审核确认后，次月25日前支付,0.10 ,2240000.00 ,0.00 ,,,,,,,0.00 ,,0.00 ,,,,,,,,,,,,,,,,,,,,,,,,,,,,,,,,,,,,,,,,,,,,,,,,,,,,,
,,,,,,,,,,,,,,,,,,,,,,,,,,,,7.00 ,消防、节能、设备等所有专项验收通过后，设计人根据发包人要求提供请款材料，经发包人审核确认后，次月25日前支付,0.10 ,2240000.00 ,0.00 ,,,,,,,0.00 ,,0.00 ,,,,,,,,,,,,,,,,,,,,,,,,,,,,,,,,,,,,,,,,,,,,,,,,,,,,,
,,,,,,,,,,,,,,,,,,,,,,,,,,,,8.00 ,施工图配合、竣工验收及备案完成、结算完毕后，设计人根据发包人要求提供请款材料，经发包人审核确认后，次月25日前支付,0.15 ,3360000.00 ,0.00 ,,,,,,,0.00 ,,0.00 ,,,,,,,,,,,,,,,,,,,,,,,,,,,,,,,,,,,,,,,,,,,,,,,,,,,,,
,外部,44165.00 ,南京市玄武区黑墨营NO.2019G86地块项目,,南京市玄武区黑墨营NO.2019G86地块项目地下车库设计优化咨询服务合同,CRCCRE-SJ-GC-2020-009,施工图,,南京长江都市建筑设计股份有限公司,/,总价包干,160000.00 ,,,,,,160000.00 ,,,,,,,,,,1.00 ,施工图审查合格后30日内,0.80 ,128000.00 ,128000.00 ,产值确认单,44168.00 ,128000.00 ,44168.00 ,128000.00 ,44167.00 ,128000.00 ,44230.00 ,0.00 ,,,,,160000.00 ,128000.00 ,128000.00 ,0.00 ,32000.00 ,0.00 ,,,,,,128000.00 ,,,,,,,,,,,,,,128000.00 ,,,,,,,,,直委,OA,,,,,,,,,,,,,
,,,,,,,,,,,,,,,,,,,,,,,,,,,,2.00 ,竣工验收后30日内,0.20 ,32000.00 ,32000.00 ,,,,,,,0.00 ,,32000.00 ,,,,,,,,,,,,,,,,32000.00 ,,,,,,,,,,,,,,,,,,,,,,,,,,,,,,,,,,,,,
,华东-铁投,44484.00 ,可研方案设计（完成）,无,可研方案设计合同,CRCCRE-SJ-CZ-2021-013,可研,,绍兴京越房地产开发有限公司,/,"12万元/项目
12万元/项目",1000000.00 ,0.00 ,0.00 ,0.00 ,1000000.00 ,0.00 ,0.00 ,0.00 ,0.00 ,0.00 ,0.00 ,0.00 ,0.00 ,,0.00 ,/,可研-1,乙方按照双方确认的设计阶段及相应费用，统一计入台账（附件一），并以台账为请款依据，进入付款流程。双方约定，台账自协议签订起计算，每个季度为一结算周期。乙方应于每季度最后1个月统计本季度完成工作量，并于当月25日前，按甲方要求提交本季度各项目完成情况的相关资料（包括不限于台账、请款函、成果确认单等），甲方确认无误后将于次月底向乙方支付相应款项。,1.00 ,1000000.00 ,240000.00 ,产值确认单,44525.00 ,240000.00 ,44525.00 ,240000.00 ,44575.00 ,240000.00 ,44936.00 ,0.00 ,"
创二：汉阳区
杨泗港ABNO项目12万元；武昌滨江商务区
项目12万元",已完成,"
创二：汉阳区
杨泗港ABNO项目12万元；武昌滨江商务区
项目12万元。",/,240000.00 ,240000.00 ,240000.00 ,760000.00 ,0.00 ,0.00 ,0.00 ,,0.00 ,240000.00 ,,,,,,,,,,,,,0.00 ,240000.00 ,,,,,,,,,,,,,,,,,,,,,,,,,
,东北,44560.00 ,哈尔滨总部基地项目,CRCCRE-DC-XM-2021-013,中国铁建黑龙江总部基地项目建筑设计咨询服务合同,CRCCRE-SJ-ZX-2021-014,咨询,,哈尔滨京洲置业发展有限公司,468251.00 ,全过程咨询：7元/㎡,3277757.00 ,0.00 ,0.00 ,0.00 ,0.00 ,0.00 ,0.00 ,0.00 ,3277757.00 ,0.00 ,0.00 ,0.00 ,0.00 ,,0.00 ,0.00 ,1.00 ,合同签订后甲方在提交全部设计资料给乙方后，二十个工作日内,0.20 ,655551.40 ,597318.53 ,产值确认单,44559.00 ,597318.53 ,44558.00 ,500000.00 ,44889.00 ,500000.00 ,44907.00 ,97318.53 ,,"1235期规证面积为：426656.09㎡
单价：7元/㎡
合计产值为：
2687933.37元","1235期20%
597318.53",,3015709.07 ,2746166.24 ,2687933.37 ,262047.93 ,269542.83 ,58232.87 ,,,,,,,,597318.53 ,,,,,,,,,,,,,,500000.00 ,,,,,,,,,,,,,,,,,,,,,
,,,,,,,,,,,,,,,,,,,,,,,,,,,,,,,,,,,,,97318.53 ,45149.00 ,97318.53 ,45169.00 ,-97318.53 ,1235期8月出总结报告，8月份付清（100万银信）,,,,,,,,,,,,,,,,,,,,,,,,,,,,,,,97318.53 ,,,,,,,,,,,,,,,,,,,,,
,,,,,,,,,,,,,,,,,,,,,,,,,,,,,,,,,,,58232.87 ,,58232.87 ,,0.00 ,,0.00 ,,,,,,,,,,,,,,,,,,,,,,,,,,,,,,,,,,,,,,,,,,,,,,,,,,,,,
,,,,,,,,,,,,,,,,,,,,,,,,,,,,2.00 ,乙方完成方案阶段的设计咨询工作并经甲方认可后，二十个工作日内,0.30 ,983327.10 ,582797.69 ,产值确认单,44559.00 ,582797.69 ,44558.00 ,200000.00 ,44918.00 ,200000.00 ,44939.00 ,382797.69 ,,,"1235期30%
895977.79",,,,,,,,,,,,,,,582797.69 ,,,,,,,,,,,,,,200000.00 ,,,,,,,,,,,,,,,,,,,,,
,,,,,,,,,,,,,,,,,,,,,,,,,,,,,,,,,,,,,271329.49 ,44977.00 ,271329.49 ,45037.00 ,-271329.49 ,,,,,,,,,,,,,,,,,,,,,,,,,,,,,,,,271329.49 ,,,,,,,,,,,,,,,,,,,,,
,,,,,,,,,,,,,,,,,,,,,,,,,,,,,,,,,,,,,111468.20 ,45149.00 ,111468.20 ,45169.00 ,-111468.20 ,,,,,,,,,,,,,,,,,,,,,,,,,,,,,,,,111468.20 ,,,,,,,,,,,,,,,,,,,,,
,,,,,,,,,,,,,,,,,,,,,,,,,,,,,,,,44083.19 ,产值确认单,44882.00 ,44083.19 ,44882.00 ,313180.10 ,45189.00 ,313180.10 ,45197.00 ,0.00 ,,,,,,,,,,,,,,,,,,44083.19 ,,,,,,,,,,,,,,44083.19 ,,,,,,,,,,,,,,,,,,,,,
,,,,,,,,,,,,,,,,,,,,,,,,,,,,,,,,269096.91 ,产值确认单,45188.00 ,269096.91 ,45188.00 ,,,,45197.00 ,,,,,,,,,,,,,,,,,,,269096.91 ,,,,,,,,,,,,,,269096.91 ,,,,,,,,,,,,,,,,,,,,,
,,,,,,,,,,,,,,,,,,,,,,,,,,,,,,,,0.00 ,预估,,,,,,0.00 ,,0.00 ,4期未确认产值,,,,,,,,,,,,,,,,,,,,,,,,,,,,,,,,,,,,,,,,,,,,,,,,,,,,
,,,,,,,,,,,,,,,,,,,,,,,,,,,,3.00 ,乙方提交第一版全专业施工图设计咨询报告后，二十个工作日内,0.40 ,1311102.80 ,513123.69 ,产值确认单,44559.00 ,513123.69 ,44558.00 ,513123.69 ,45149.00 ,513123.69 ,45169.00 ,0.00 ,,,,,,,,,,,,,,,,,,513123.69 ,,,,,,,,,,,,,,513123.69 ,,,,,,,,,,,,,,,,,,,,,
,,,,,,,,,,,,,,,,,,,,,,,,,,,,,,,,263939.90 ,产值确认单,44882.00 ,263939.90 ,44882.00 ,263939.90 ,45149.00 ,263939.90 ,45169.00 ,0.00 ,,,,,,,,,,,,,,,,,,263939.90 ,,,,,,,,,,,,,,263939.90 ,,,,,,,,,,,,,,,,,,,,,
,,,,,,,,,,,,,,,,,,,,,,,,,,,,,,,,14149.68 ,产值确认单,44559.00 ,14149.68 ,44558.00 ,14149.68 ,45149.00 ,14149.68 ,45169.00 ,0.00 ,,,,,,,,,,,,,,,,,,14149.68 ,,,,,,,,,,,,,,14149.68 ,,,,,,,,,,,,,,,,,,,,,
,,,,,,,,,,,,,,,,,,,,,,,,,,,,,,,,403423.78 ,产值确认单,45188.00 ,403423.78 ,45188.00 ,403423.78 ,45189.00 ,403423.78 ,45197.00 ,0.00 ,,,,,,,,,,,,,,,,,,403423.78 ,,,,,,,,,,,,,,403423.78 ,,,,,,,,,,,,,,,,,,,,,
,,,,,,,,,,,,,,,,,,,,,,,,,,,,,,,,0.00 ,,,,,,,,,,,,,,,,,,,,,,,,,,,,,,,,,,,,,,,,,,,,,,,,,,,,,,,,,,,,,,
,,,,,,,,,,,,,,,,,,,,,,,,,,,,4.00 ,乙方完成项目设计咨询总结报告并经甲方认可后，二十个工作日内,0.10 ,327775.70 ,327775.70 ,,,,,,,0.00 ,,327775.70 ,,,,,,,,,,,,,,,,,,327775.70 ,,,,,,,,,,,,,,,,,,,,,,,,,,,,,,,,,,,
,东北,45490.00 ,哈尔滨总部基地,,哈尔滨市城市研究方案合同,CRCCRE-SJ-CZ-2024-006,可研,CRCCRE-JZZY-QQ-2024-004,哈尔滨京洲置业发展有限公司,/,5万元,50000.00 ,,,,50000.00 ,,,,,,,,,,,,1.00 ,乙方完成合同约定的全部工作，按甲方要求提交请款资料（包括不限于请款函、《工作任务单》、双方签字确认的成果文件，增值税专用发票等），甲方将于请款资料审核无误后的次月30日前向乙方支付合同全部款项。,1.00 ,50000.00 ,50000.00 ,预估,,,,,,,,,,,,,,,,,,,,,,50000.00 ,,,,,,,,,,,,,,,,,,,,,,,,,,,,,,,,,,,,,,,
,东北,44844.00 ,哈尔滨总部基地项目,CRCCRE-DC-XM-2021-013,中国铁建·黑龙江总部基地项目地下室BIM管综优化技术咨询服务合同,CRCCRE-SJ-BIM-2022-006,BIM,CRCCRE-DB-JZZY-QQ-2021-021,哈尔滨京洲置业发展有限公司,92500.00 ,地下管综建模：7元/㎡,647500.00 ,0.00 ,0.00 ,0.00 ,0.00 ,0.00 ,0.00 ,0.00 ,0.00 ,647500.00 ,0.00 ,0.00 ,0.00 ,,0.00 ,0.00 ,1.00 ,"合同签订后15个工作日内,支付合同额的 20%",0.20 ,129500.00 ,129500.00 ,产值确认单,44854.00 ,129500.00 ,44854.00 ,300000.00 ,45247.00 ,300000.00 ,45261.00 ,0.00 ,,,,,647500.00 ,559000.00 ,447500.00 ,0.00 ,88500.00 ,111500.00 ,,,,,,,,,129500.00 ,,,,,,,,,,,,,,300000.00 ,,,,,,,,,,,,,,,,,,,,
,,,,,,,,,,,,,,,,,,,,,,,,,,,,2.00 ,乙方提交第一版地下室管线BIM模型后，15个工作日内，支付合同额的 30%,0.30 ,194250.00 ,123190.20 ,产值确认单,44854.00 ,123190.20 ,44854.00 ,,,,,,,,,,,,,,,,,,,,,,,,123190.20 ,,,,,,,,,,,,,,,,,,,,,,,,,,,,,,,,,,
,,,,,,,,,,,,,,,,,,,,,,,,,,,,,,,,47309.80 ,产值确认单,45247.00 ,47309.80 ,45247.00 ,,,,,,,,,,,,,,,,,,,,,,,,47309.80 ,,,,,,,,,,,,,,,,,,,,,,,,,,,,,,,,,,
,,,,,,,,,,,,,,,,,,,,,,,,,,,,,,,,23750.00 ,预估,,,,,,,,,,,,,,,,,,,,,,,,,,,23750.00 ,,,,,,,,,,,,,,,,,,,,,,,,,,,,,,,,,,
,,,,,,,,,,,,,,,,,,,,,,,,,,,,3.00 ,乙方提交第一版地下室管线优化BIM报告后，15个工作日内，支付合同额的40%,0.40 ,259000.00 ,259000.00 ,产值确认单,45272.00 ,259000.00 ,45272.00 ,147500.00 ,45639.00 ,147500.00 ,45657.00 ,,,,,,,,,,,,,,,,,,,,259000.00 ,,,,,,,,,,,,,,147500.00 ,,,,,,,,,,,,,,,,,,,,
,,,,,,,,,,,,,,,,,,,,,,,,,,,,,,,,,,,,,111500.00 ,,,,,,,,,,,,,,,,,,,,,,,,,,,,,,,,,,,,,,,,,,,,,,,,,,,,,,,,,
,,,,,,,,,,,,,,,,,,,,,,,,,,,,4.00 ,乙方提交最终版地下室BIM优化报告，15个工作日内，支付合同额的 10%，按照建筑工程规划许可证地下面积进行结算,0.10 ,64750.00 ,64750.00 ,预估,,,,,,0.00 ,,64750.00 ,,,,,,,,,,,,,,,,,,,64750.00 ,,,,,,,,,,,,,,,,,,,,,,,,,,,,,,,,,,
,北方,45349.00 ,北方区域2024-2025年度强排协议XM-2024-002,/,2024-2025年度项目前期强排规划概念方案设计合作协议,CRCCRE-SJ-XM-2024-002,可研,CRCCRE-BF-SJZX-2024-001,中铁房地产集团北方有限公司,/,强排版3万；标准版8万；深化版25万。,2950000.00 ,0.00 ,0.00 ,950000.00 ,2000000.00 ,0.00 ,0.00 ,0.00 ,0.00 ,0.00 ,0.00 ,0.00 ,0.00 ,,0.00 ,0.00 ,1.00 ,本合同无预付款，乙方就已完成的工作量有向甲方收取款项的权利。每季度末月（3月、6月、9月、12月）20日前，双方就每季度发生的强排费用进行阶段性确认（每宗土地在竞拍结束后方可进行费用的确认），并由甲方管理部门出具书面确认资料；乙方在25日前，按甲方管理部门要求提交本季度请款资料（包括不限于请款函、《项目成果确认单》、《季度项目结算单》及双方签字确认的成果文件等），甲方将于次月底向乙方支付本季度进度款。,1.00 ,2950000.00 ,970000.00 ,产值确认单,45638.00 ,970000.00 ,45638.00 ,200600.00 ,45638.00 ,200600.00 ,45651.00 ,769400.00 ,"涿州荣富房地产开发有限公司
（200600）",,,,970000.00 ,200600.00 ,200600.00 ,1980000.00 ,769400.00 ,0.00 ,,,480000.00 ,490000.00 ,,,,,,,,,,,,,200600.00 ,,,,,,,,,,,,,,,,,,,,,,,,,,
,,,,,,,,,,,,,,,,,,,,,,,,,,,,,,,,,,,,,92400.00 ,45638.00 ,92400.00 ,45651.00 ,,"河北兴铁房地产开发有限公司
（92400）",,,,,,,,,,,,,,,,,,,,,,,,,,92400.00 ,,,,,,,,,,,,,,,,,,,,,,,,,,
,,,,,,,,,,,,,,,,,,,,,,,,,,,,,,,,,,,,,231000.00 ,45638.00 ,231000.00 ,45656.00 ,,"天津弘创置业有限公司
（231000）",,,,,,,,,,,,,,,,,,,,,,,,,,187000.00 ,44000.00 ,,,,,,,,,,,,,,,,,,,,,,,,,
,,,,,,,,,,,,,,,,,,,,,,,,,,,,,,,,,,,,,316800.00 ,45638.00 ,316800.00 ,45715.00 ,,"北京恒良悦通房地产开发有限公司
（316800）",,,,,,,,,,,,,,,,,,,,,,,,,,,316800.00 ,,,,,,,,,,,,,,,,,,,,,,,,,
,,,,,,,,,,,,,,,,,,,,,,,,,,,,,,,,,,,,,129200.00 ,45659.00 ,129200.00 ,45680.00 ,,"中铁房地产集团济南置业有限公司
（129200）",,,,,,,,,,,,,,,,,,,,,,,,,,,129200.00 ,,,,,,,,,,,,,,,,,,,,,,,,,
,,,,,,,,,,,,,,,,,,,,,,,,,,,,,,,,248200.00 ,产值确认单,45952.00 ,248200.00 ,45952.00 ,248200.00 ,45952.00 ,248200.00 ,46007.00 ,0.00 ,"北京恒良悦通房地产开发有限公司
（248200）",,,,,,,,,,,,248200.00 ,,,,,,,,,,,,,,248200.00 ,,,,,,,,,,,,,,,,,,,,,,,,,,
,,,,,,,,,,,,,,,,,,,,,,,,,,,,,,,,280600.00 ,产值确认单,45952.00 ,280600.00 ,45952.00 ,280600.00 ,45952.00 ,280600.00 ,45960.00 ,,"河北兴铁房地产开发有限公司
（280600）",,,,,,,,,,,,280600.00 ,,,,,,,,,,,,,,280600.00 ,,,,,,,,,,,,,,,,,,,,,,,,,,
,,,,,,,,,,,,,,,,,,,,,,,,,,,,,,,,72500.00 ,产值确认单,45952.00 ,72500.00 ,45952.00 ,72500.00 ,45952.00 ,72500.00 ,45959.00 ,,"中铁房地产集团济南置业有限公司
（72500）",,,,,,,,,,,,72500.00 ,,,,,,,,,,,,,,72500.00 ,,,,,,,,,,,,,,,,,,,,,,,,,,
,,,,,,,,,,,,,,,,,,,,,,,,,,,,,,,,280600.00 ,产值确认单,45952.00 ,280600.00 ,45952.00 ,280600.00 ,45952.00 ,280600.00 ,45980.00 ,,"中铁房地产集团济南置业有限公司
（280600）",,,,,,,,,,,,280600.00 ,,,,,,,,,,,,,,280600.00 ,,,,,,,,,,,,,,,,,,,,,,,,,,
,,,,,,,,,,,,,,,,,,,,,,,,,,,,,,,,631600.00 ,产值确认单,45952.00 ,631600.00 ,45952.00 ,631600.00 ,45952.00 ,631600.00 ,45960.00 ,,"天津弘创置业有限公司
（631600）",,,,,,,,,,,,,631600.00 ,,,,,,,,,,,,,,631600.00 ,,,,,,,,,,,,,,,,,,,,,,,,,
,,,,,,,,,,,,,,,,,,,,,,,,,,,,,,,,276500.00 ,产值确认单,45952.00 ,276500.00 ,45952.00 ,276500.00 ,45952.00 ,276500.00 ,45961.00 ,,"涿州荣富房地产开发有限公司
（276500）",,,,,,,,,,,,,276500.00 ,,,,,,,,,,,,,,276500.00 ,,,,,,,,,,,,,,,,,,,,,,,,,
,,,,,,,,,,,,,,,,,,,,,,,,,,,,,,,,0.00 ,,,,,,,0.00 ,,,,,,,,,,,,,,,,,,,,,,,,,,,,,,,,,,,,,,,,,,,,,,,,,,,,,,,
,,,,,,,,,,,,,,,,,,,,,,,,,,,,,,,,0.00 ,,,,,,,0.00 ,,,,,,,,,,,,,,,,,,,,,,,,,,,,,,,,,,,,,,,,,,,,,,,,,,,,,,,
,北方,44550.00 ,涿州391亩地项目,/,涿州高铁新城2021-08、09号地项目设计咨询服务合同,CRCCRE-SJ-ZX-2021-016,咨询,,涿州京盛越达房地产开发有限公司,302426.47 ,全过程咨询：7元/㎡,2116985.27 ,0.00 ,0.00 ,0.00 ,0.00 ,0.00 ,0.00 ,0.00 ,2116985.27 ,0.00 ,0.00 ,0.00 ,,,0.00 ,0.00 ,1.00 ,乙方完成方案阶段的设计咨询工作，提交电子版《方案阶段设计咨询意见》，甲方取得建设工程规划许可证后30个工作日内，双方根据建设工程规划许可证面积进行结算，付至结算费用的40%,0.40 ,846794.11 ,423397.06 ,产值确认,45286.00 ,423397.06 ,45285.00 ,,,846794.11 ,,-423397.05 ,,,,,846794.11 ,0.00 ,2011136.01 ,1270191.16 ,846794.11 ,-2011136.01 ,,,,,,,,423397.06 ,,,,,,,,,,,,,,846794.11 ,,,,,,,,,,,,,,,,,,,,,
,,,,,,,,,,,,,,,,,,,,,,,,,,,,,,,,300000.00 ,,,,,,,,,,,,,,,,,,,,,,,,,,,300000.00 ,,,,,,,,,,,,,,,,,,,,,,,,,,,,,,,,,,,
,,,,,,,,,,,,,,,,,,,,,,,,,,,,,,,,123397.05 ,,,,,,,,,,,,,,,,,,,,,,,,,,,123397.05 ,,,,,,,,,,,,,,,,,,,,,,,,,,,,,,,,,,,
,,,,,,,,,,,,,,,,,,,,,,,,,,,,2.00 ,乙方完成施工图阶段的设计咨询工作且向甲方提交优化成果（包括但不限于优化后的设计文件、设计咨询报告、施工图设计咨询意见），全专业施工图通过甲方委托的第三方审核，并取得施工图审查合格通知书后30个工作日内，付至结算费用的95%，若项目分期取得施工图审查合格证，则按分期面积分别进行结算,0.55 ,1164341.90 ,0.00 ,,,,,,,1164341.90 ,,-1164341.90 ,,,,,,,,,,,,,,,,,,,,,,,,,,,,,,,,1164341.90 ,,,,,,,,,,,,,,,,,,,,,
,,,,,,,,,,,,,,,,,,,,,,,,,,,,,,,,0.00 ,,,,,,,,,,,,,,,,,,,,,,,,,,,,,,,,,,,,,,,,,,,,,,,,,,,,,,,,,,,,,,
,,,,,,,,,,,,,,,,,,,,,,,,,,,,3.00 ,乙方配合甲方以及与本工程施工所有相关单位至竣工验收并取得竣工备案表，双方办理最终结算手续，按照建设工程规划许可证建筑面积结算并支付余下的费用,0.05 ,105849.26 ,0.00 ,,,,,,,0.00 ,,0.00 ,,,,,,,,,,,,,,,,,,,,,,,,,,,,,,,,,,,,,,,,,,,,,,,,,,,,,
,华东,44743.00 ,杭州片区可研项目,,"2022-2024年度项目前期强排
规划概念方案设计合作协议",CRCCRE-SJ-XM-2022-012,可研,CRCCRE-HD-HZ-SXJY-HYJN-QQ-2022-002,绍兴京越房地产开发有限公司,/,强排版2万；标准版5万；深化版30万。,1500000.00 ,,,750000.00 ,750000.00 ,,,,,,,,,,,创作一室/创作二室,1.00 ,每季度末月，根据实际完成量据实结算,,,20000.00 ,产值确认单,44916.00 ,20000.00 ,44916.00 ,20000.00 ,44931.00 ,20000.00 ,44944.00 ,,"为自揽项目
创作二室2万：杭州临平区地块项目",,,,,,,,,,,,,20000.00 ,,,,,,,,,,,,,,20000.00 ,,,,,,,,,,,,,,,,,,,,,,,,,
,,,,,,,,,,,,,,,,,,,,,,,,,,,,2.00 ,同上,,,925000.00 ,产值确认单,44930.00 ,925000.00 ,44930.00 ,925000.00 ,44931.00 ,925000.00 ,44944.00 ,,"均为外委项目
创作一室43万：中铁建运河新城GS1001-17地块5万；良渚组团LZ08-1单元FG05-R21-02地块5万；华丰单元XC1005-R21-02地块5万；上塘单元FG01-R21-01地块5万；瓶窑D8地块5万；瓶窑D9地块2万；余杭组团YH-18单元（高铁枢纽中心）YH18G-R21-06地块5万；下沙中心区单元JS0405-34地块2万；中铁建-绍兴洋江西路以北1号地块2万；中铁建-绍兴洋江西路以北2号地块2万；之江度假区单元XH1705-22地块5万。
创作二室49.5万：中铁建四堡七堡单元JG1402-22地块5万；中铁建-良渚北部新城LZ10单元LZ1004-R21-08地块5万；中铁建-良渚北部新城LZ10单元LZ1004- R21-09、LZ1004-R21-10地块5万中铁建-良渚北部新城LZ10单元LZ1005 -R21 -02地块5万；中铁建-良渚北部新城LZ10单元LZ1005 -R21 -01地块7.5万；中铁建四堡七堡单元JG1404-47地块5万；中铁建-下沙元成单元JS02-03-R21-01地块5万；四堡七堡单元JG1405-41、42地块5万；东新单元XC0603-R21-03地块5万；中铁建良-绍兴越城区梅山东1号地块2万",,,,,,,,,,,,430000.00 ,495000.00 ,,,,,,,,,,,,,430000.00 ,495000.00 ,,,,,,,,,,,,,,,,,,,,,,,,,
,,,,,,,,,,,,,,,,,,,,,,,,,,,,3.00 ,外委（创一+创二）,,,550000.00 ,产值确认,45601.00 ,550000.00 ,45601.00 ,550000.00 ,45601.00 ,550000.00 ,45637.00 ,,湖墅单元GS0201-R21-02 地块5万；艮山门TOD项目XC0403-56上盖+白地15万；杭州市萧山区钱江世纪城北单元5万；湖墅单元GS0201-R21-03-1地块30万；,,,,,,,,,,,,250000.00 ,300000.00 ,,,,,,,,,,,,,250000.00 ,300000.00 ,,,,,,,,,,,,,,,,,,,,,,,,,
,,,,,,,,,,,,,,,,,,,,,,,,,,,,,,,,0.00 ,,,,,,,0.00 ,,,,,,,,,,,,,,,,,,,,,,,,,,,,,,,,,,,,,,,,,,,,,,,,,,,,,,,
,,,,,,,,,,,,,,,,,,,,,,,,,,,,,,,,0.00 ,,,,,,,0.00 ,,,,,,,,,,,,,,,,,,,,,,,,,,,,,,,,,,,,,,,,,,,,,,,,,,,,,,,
,华东,44799.00 ,"上海片区可研项目
（22-24年）（完结）",,"2022-2024年度项目前期强排
规划概念方案设计合作协议",CRCCRE-SJ-CZ-2022-008,可研,,上海中铁京鑫房地产有限公司,/,强排版2万；标准版5万；深化版30万。,3000000.00 ,,,1500000.00 ,1500000.00 ,,,,,,,,,,,创作一室/创作二室,1.00 ,每季度末月，根据实际完成量据实结算,,,1090000.00 ,产值确认单,44915.00 ,1090000.00 ,44915.00 ,1090000.00 ,45196.00 ,1090000.00 ,45230.00 ,,"均为自揽项目
创作一室89万：上海青浦区西虹桥沪青平公路北48-06A地块5万；上海浦东105组团F09-01地块项目5万；上海青浦区赵巷镇佳迪路西侧B4-01地块项目5万；上海东新区新场镇古镇东单元（PDXC-02）09B-02地块项目5万；上海松江佘山北基地23A-01A号地块项目5万；上海市浦东惠南A8-3地块项目27万；上海青浦赵巷佳恒路三地块项目2万；上海马陆复华园区02-01地块项目5万；上海唐镇地块项目30万。创作二室20万：上海闵行区梅陇社区03单元01-25-02地块5万；上海闵行区七宝镇18-01、22-01地块项目5万；上海青浦区西虹桥沪青平公路北侧44-15地块项目5万；上海市浦东惠南A8-3地块项目3万；上海嘉定菊园新区30-01地块项目2万",,,,,,,,,,,,890000.00 ,200000.00 ,,,,,,,,,,,,,890000.00 ,200000.00 ,,,,,,,,,,,,,,,,,,,,,,,,,
,,,,,,,,,,,,,,,,,,,,,,,,,,,,2.00 ,同上,,,1910000.00 ,产值确认单,45191.00 ,1910000.00 ,45191.00 ,1910000.00 ,45196.00 ,1910000.00 ,45230.00 ,,,,,,,,,,,,,,1560000.00 ,350000.00 ,,,,,,,,,,,,,1560000.00 ,350000.00 ,,,,,,,,,,,,,,,,,,,,,,,,,
,华东,45187.00 ,上海片区可研项目（23-25年）,,"2023-2025年度项目前期强排
规划概念方案设计合作协议",CRCCRE-SJ-CZ-2023-019,可研,,上海京沐鑫房地产有限公司,/,强排版2万；标准版5万；深化版30万。,2000000.00 ,,,1000000.00 ,1000000.00 ,,,,,,,,,,,创作一室/创作二室,1.00 ,自揽（创一）,,,170000.00 ,产值确认单,45422.00 ,170000.00 ,45422.00 ,170000.00 ,45426.00 ,170000.00 ,45475.00 ,,"创一自揽：
上海青浦区赵巷镇佳环路东侧B2-01地块项目15万；上海松江区05-02地块项目2万；",,,,,,,,,,,,170000.00 ,,,,,,,,,,,,,,170000.00 ,,,,,,,,,,,,,,170000.00 ,0.00 ,,,,,,,,,,,
,,,,,,,,,,,,,,,,,,,,,,,,,,,,2.00 ,外委（创一+创二）,,,1830000.00 ,产值确认单,45422.00 ,1830000.00 ,45422.00 ,1830000.00 ,45426.00 ,1830000.00 ,45475.00 ,,,,,,,,,,,,,,830000.00 ,1000000.00 ,,,,,,,,,,,,,830000.00 ,1000000.00 ,,,,,,,,,,,,,1830000.00 ,0.00 ,,,,,,,,,,,
,华东,45187.00 ,上海片区可研项目（23-25年）,,2023-2025年度项目前期强排规划概念方案设计合作协议,CRCCRE-SJ-CZ-2023-018,可研,,上海京淼鑫房地产有限公司,/,强排版2万；标准版5万；深化版30万。,2000000.00 ,,,1000000.00 ,1000000.00 ,,,,,,,,,,,创作一室/创作二室,1.00 ,自揽（创一）,,,20000.00 ,产值确认单,45422.00 ,20000.00 ,45422.00 ,20000.00 ,45422.00 ,20000.00 ,45988.00 ,,创一自揽：上海朱家角2地块项目2万,,,,,,,,,,,,20000.00 ,,,,,,,,,,,,,,20000.00 ,,,,,,,,,,,,,,20000.00 ,0.00 ,,,,,,,,,,,
,,,,,,,,,,,,,,,,,,,,,,,,,,,,2.00 ,外委（创一+创二）,,,520000.00 ,产值确认单,45422.00 ,520000.00 ,45422.00 ,520000.00 ,45422.00 ,520000.00 ,45988.00 ,,此部分已请款，有明细，详见区域台账,,,,,,,,,,,,260000.00 ,260000.00 ,,,,,,,,,,,,,260000.00 ,260000.00 ,,,,,,,,,,,,,520000.00 ,0.00 ,,,,,,,,,,,
,,,,,,,,,,,,,,,,,,,,,,,,,,,,3.00 ,自揽（创一+创二）,,,1280000.00 ,产值确认单,45422.00 ,1280000.00 ,45422.00 ,1070000.00 ,45422.00 ,1280000.00 ,45777.00 ,,"此部分未请款，来源可研管理台账
创作一室：
上海嘉定菊园50-01地块（嘉定区嘉定新城板块城北路东侧40亩）5万
上海静安地块5万
上海古美地块15万
上海闵行区梅陇社区MHPO-0303单元01-26-01地块5万
上海洋浦地块5万
上海浦东世博地块5万
创作二室：
上海浦江地块（上海市闵行区浦江镇板块浦申路东侧75亩）5万",,,,,,,,,,,,610000.00 ,670000.00 ,,,,,,,,,,,,,610000.00 ,670000.00 ,,,,,,,,,,,,,1280000.00 ,0.00 ,,,,,,,,,,,
,,,,,,,,,,,,,,,,,,,,,,,,,,,,,未明确项目（创一+创二）,,,180000.00 ,产值确认单,45422.00 ,180000.00 ,45422.00 ,390000.00 ,45422.00 ,180000.00 ,,,此部分未明确项目,,,,,,,,,,,,110000.00 ,70000.00 ,,,,,,,,,,,,,110000.00 ,70000.00 ,,,,,,,,,,,,,,,,,,,,,,,,,
,华东,45131.00 ,上海片区可研项目（23-25年）,,"2023-2025年度项目前期强排
规划概念方案设计合作协议",CRCCRE-SJ-CZ-2023-010,可研,,上海京泽鑫房地产开发有限公司,/,强排版2万；标准版5万；深化版30万。,2000000.00 ,,,1000000.00 ,1000000.00 ,,,,,,,,,,,创作一室/创作二室,1.00 ,外委（创一）,,,190000.00 ,产值确认单,45287.00 ,190000.00 ,45287.00 ,190000.00 ,45434.00 ,190000.00 ,45477.00 ,,,,,,,,,,,,,,190000.00 ,,,,,,,,,,,,,,190000.00 ,,,,,,,,,,,,,,190000.00 ,0.00 ,,,,,,,,,,,
,,,,,,,,,,,,,,,,,,,,,,,,,,,,3.00 ,外委（创一+创二）,,,1810000.00 ,产值确认单,45434.00 ,1810000.00 ,45434.00 ,1810000.00 ,45434.00 ,1810000.00 ,45477.00 ,,,,,,,,,,,,,,810000.00 ,1000000.00 ,,,,,,,,,,,,,810000.00 ,1000000.00 ,,,,,,,,,,,,,1810000.00 ,0.00 ,,,,,,,,,,,
,华东,45558.00 ,上海片区可研项目（24-26年）（久其立项名称：上海片区2024-2026年度强排协议CZ-2024-007）,,"2024-2026年度项目前期强排
规划概念方案设计合作协议",CRCCRE-SJ-CZ-2024-007,可研,CRCCRE-HD-SHJH-SHFXXDJDXM-KF.QQ.02.05-2024-001,上海京泓润房地产开发有限公司,,强排版2万；标准版5万；深化版30万；基坑支护0.5万,1800000.00 ,,,900000.00 ,900000.00 ,,,,,,,,,,,创作一室/创作二室,1.00 ,【创一自揽】华东户型标准化,创一,,200000.00 ,产值确认单,45615.00 ,200000.00 ,45615.00 ,200000.00 ,45615.00 ,200000.00 ,45635.00 ,,,,,,,,,,,,,,200000.00 ,,,,,,,,,,,,,,200000.00 ,,,,,,,,,,,,,,,,,,,,,,,,,,
,,,,,,,,,,,,,,,,,,,,,,,,,,,,,【创一自揽】嘉定区菊园50-01地块（5万）、闵行区梅陇社区03单元01-26-01地块（5万）、浦东上钢街道Z00-0101单元37-12地块（2万）、杨浦区平凉社区02H1-01地块（5万）、杨浦区长海社区016-02地块(长海街道337街坊)（5万）,创一,,220000.00 ,产值确认单,45615.00 ,220000.00 ,45615.00 ,220000.00 ,45615.00 ,220000.00 ,45635.00 ,,,,,,,,,,,,,,220000.00 ,,,,,,,,,,,,,,220000.00 ,,,,,,,,,,,,,,,,,,,,,,,,,,
,,,,,,,,,,,,,,,,,,,,,,,,,,,,,【创一外委】杨浦区长海社区016-02地块(长海街道337街坊),创一,,20000.00 ,产值确认单,45615.00 ,20000.00 ,45615.00 ,20000.00 ,45615.00 ,20000.00 ,45635.00 ,,,,,,,,,,,,,,20000.00 ,,,,,,,,,,,,,,20000.00 ,,,,,,,,,,,,,,,,,,,,,,,,,,
,,,,,,,,,,,,,,,,,,,,,,,,,,,,,【创一自揽】杭州市萧山区钱江世纪城北单元,创一,,120000.00 ,产值确认单,45615.00 ,120000.00 ,45615.00 ,120000.00 ,45615.00 ,120000.00 ,45635.00 ,,,,,,,,,,,,,,120000.00 ,,,,,,,,,,,,,,120000.00 ,,,,,,,,,,,,,,,,,,,,,,,,,,
,,,,,,,,,,,,,,,,,,,,,,,,,,,,,【创一自揽】杭州萧山世纪城核心区块单元19号地块,创一,,20000.00 ,产值确认单,45615.00 ,20000.00 ,45615.00 ,20000.00 ,45615.00 ,20000.00 ,45635.00 ,,,,,,,,,,,,,,20000.00 ,,,,,,,,,,,,,,20000.00 ,,,,,,,,,,,,,,,,,,,,,,,,,,
,,,,,,,,,,,,,,,,,,,,,,,,,,,,,【创一外委】杭州萧山世纪城核心区块单元19号地块,创一,,10000.00 ,产值确认单,45615.00 ,10000.00 ,45615.00 ,10000.00 ,45615.00 ,10000.00 ,45635.00 ,,,,,,,,,,,,,,10000.00 ,,,,,,,,,,,,,,10000.00 ,,,,,,,,,,,,,,,,,,,,,,,,,,
,,,,,,,,,,,,,,,,,,,,,,,,,,,,,【创一外委】徐汇区长桥街道xh315-10、xh313-16地块、川沙新镇C05-20地块,创一,,200000.00 ,产值确认单,45615.00 ,200000.00 ,45615.00 ,200000.00 ,45615.00 ,200000.00 ,45635.00 ,,,,,,,,,,,,,,200000.00 ,,,,,,,,,,,,,,200000.00 ,,,,,,,,,,,,,,,,,,,,,,,,,,
,,,,,,,,,,,,,,,,,,,,,,,,,,,,,【创二外委】详可研台账,创二,,770000.00 ,产值确认单,45615.00 ,770000.00 ,45615.00 ,770000.00 ,45615.00 ,770000.00 ,45635.00 ,,,,,,,,,,,,,,,770000.00 ,,,,,,,,,,,,,,770000.00 ,,,,,,,,,,,,,,,,,,,,,,,,,
,,,,,,,,,,,,,,,,,,,,,,,,,,,,2.00 ,【创一外委】基坑,创一,,60000.00 ,产值确认单,45678.00 ,60000.00 ,45678.00 ,60000.00 ,45678.00 ,60000.00 ,45708.00 ,,,,,,,,,,,,,,60000.00 ,,,,,,,,,,,,,,60000.00 ,60000.00 ,,,,,,,,,,,,,,,,,,,,,,,,,
,,,,,,,,,,,,,,,,,,,,,,,,,,,,,【创二外委】基坑,创二,,60000.00 ,产值确认单,45678.00 ,60000.00 ,45678.00 ,60000.00 ,45678.00 ,60000.00 ,45708.00 ,,,,,,,,,,,,,,,60000.00 ,,,,,,,,,,,,,,,,,,,,,,,,,,,,,,,,,,,,,,,
,,,,,,,,,,,,,,,,,,,,,,,,,,,,,,,,0.00 ,,,,,,,,,,,,,,,,,,,,,,,,,,,,,,,,,,,,,,,,,,,,,,,,,,,,,,,,,,,,,,
,,,,,,,,,,,,,,,,,,,,,,,,,,,,,,,,0.00 ,,,,,,,,,,,,,,,,,,,,,,,,,,,,,,,,,,,,,,,,,,,,,,,,,,,,,,,,,,,,,,
,,,,,,,,,,,,,,,,,,,,,,,,,,,,,,,,0.00 ,,,,,,,,,,,,,,,,,,,,,,,,,,,,,,,,,,,,,,,,,,,,,,,,,,,,,,,,,,,,,,
,,,,,,,,,,,,,,,,,,,,,,,,,,,,,,,,0.00 ,,,,,,,0.00 ,,,,,,,,,,,,,,,,,,,,,,,,,,,,,,,,,,,,,,,,,,,,,,,,,,,,,,,
,华东,44867.00 ,南京片区可研项目,,"2022-2024年度项目前期强排
规划概念方案设计合作协议",CRCCRE-SJ-CZ-2022-015,可研,,南京京城房地产开发有限公司,/,强排版2万；标准版5万；深化版30万。,1500000.00 ,,,750000.00 ,750000.00 ,,,,,,,,,,,创作一室/创作二室,1.00 ,每季度末月，根据实际完成量据实结算（自揽）,,,260000.00 ,产值确认单,44915.00 ,260000.00 ,44915.00 ,260000.00 ,44992.00 ,260000.00 ,45075.00 ,,"均为自揽项目
创作一室17万：南京市江北中央商务区地块项目5万；南京新城校场大道以南汇景西路以西地块5万；南京南部新城地块项目5万；南京建邺牡丹江街东地块项目2万。创作二室9万：南京河西地块项目5万；南京江心洲中心大道项目2万；熙怡路以西、文泰街以北地块2万",,,,,,,,,,,,170000.00 ,90000.00 ,,,,,,,,,,,,,170000.00 ,90000.00 ,,,,,,,,,,,,,,,,,,,,,,,,,
,,,,,,,,,,,,,,,,,,,,,,,,,,,,,外委（创一+创二）,,,350000.00 ,产值确认单,44992.00 ,350000.00 ,44992.00 ,350000.00 ,44992.00 ,350000.00 ,45075.00 ,,"均为外委项目
创作一室10万：中铁建-浦口区丰子河路以北，康健路以东04号地块5万；中铁建-雨花台区横一路以北，迎江路以西地块(NJZCf030-11-12)-徐工A地块5万；创作二室25万：中铁建-栖霞区仙林白象片区仙林大道以北，天佑路以西（EAc030-12-48）地块5万；中铁建-栖霞区仙林白象片区仙林大道以北，天佑路以西（EAc030-12-49）地块5万；中铁建-河西南28-3号地块5万；中铁建-河西南28-5号地块5万；中铁建-河西南建邺区邺城路以北，平良大街以东地块5万",,,,,,,,,,,,100000.00 ,250000.00 ,,,,,,,,,,,,,100000.00 ,250000.00 ,,,,,,,,,,,,,,,,,,,,,,,,,
,,,,,,,,,,,,,,,,,,,,,,,,,,,,,自揽,,,100000.00 ,产值确认单,45275.00 ,100000.00 ,45275.00 ,100000.00 ,45303.00 ,100000.00 ,45317.00 ,,"均为自揽项目：
创作一室10万元：南京河西南部5-3地块项目、南京龙翔地块项目",,,,,,,,,,,,100000.00 ,,,,,,,,,,,,,,100000.00 ,,,,,,,,,,,,,,,,,,,,,,,,,,
,,,,,,,,,,,,,,,,,,,,,,,,,,,,,外委（创一+创二）,,,250000.00 ,产值确认单,45275.00 ,250000.00 ,45275.00 ,250000.00 ,45303.00 ,250000.00 ,45317.00 ,,"均为外委项目：
创作一室：浩森5地块1.5万元（未计入）；绿都2地块10万元；易墨5万
创作二室：长江都市2地块10万元",,,,,,,,,,,,150000.00 ,100000.00 ,,,,,,,,,,,,,150000.00 ,100000.00 ,,,,,,,,,,,,,,,,,,,,,,,,,
,,,,,,,,,,,,,,,,,,,,,,,,,,,,,,,,,,,,,,,,,,,,,,,,,,,,,,,,,,,,,,,,,,,,,,,,,,,,,,,,,,,,,,,,,,,,,,
,南沙,45985.00 ,可研-南沙2025年度强排协议SJ-2025-003,,"2025年度项目前期强排
规划概念方案设计合作协议",CRCCRE-SJ-SJ-2025-003,可研,CRCCRE-NS-NSPQ-KF.QQ.02.01-2025-003,广州南沙中铁实业发展有限公司,,强排2万、标准5万、深化30万,1500000.00 ,,,,,,,,,,,,,1500000.00 ,,,1.00 ,甲乙双方就实际发生的工作量，按季度结算，单价按合同约定单价执行，乙方在25日前，按甲方管理部门要求提交本季度请款资料和增值税专用发票并经甲方审核确认后，甲方于次月底向乙方支付本季度进度款,,1200000.00 ,400000.00 ,预估,46052.00 ,,,,,400000.00 ,46078.00 ,,,,,,,,,,,,,,,,,,,,,,,,400000.00 ,,,,,,,,,,,,,,400000.00 ,,,,,,,,,,,,,,,,
,,,,,,,,,,,,,,,,,,,,,,,,,,,,,,,,,,,,,,,0.00 ,,,,,,,,,,,,,,,,,,,,,,,,,,,,,,,,,,,,,,,,,,,,,,,,,,,,,,,
,南沙,44762.00 ,规划设计及建筑方案框架协议,无,中国铁建南沙公司2022-2024年度规划设计及建筑方案设计战略合作协议,CRCCRE-SJ-XM-2022-019,方案,,中铁建南沙投资发展有限公司,/,,,,,,,,,,,,,,,,,,,,,,0.00 ,,,,,,,0.00 ,,,,,,,,,,,,,,,,,,,,,,,,,,,,,,,,,,,,,,,,,,,,,,,,,,,,,,,
,华东,44519.00 ,苏州WG-42项目(苏州花语云萃),CRCCRE-DC-XM-2021-027,"苏地2021-WG-42号地块项目
建设工程委托设计管理服务合同",CRCCRE-SJ-XM-2021-042,方案,,苏州京兆房地产开发有限公司,457311.50 ,固定总价，按单价27.3元计算，其中有管理费2元,12484603.94 ,,,,,,,,,,,,,,12484603.94 ,项目管理中心,1.00 ,合同签订后15个工作日内请款，次月30日前付款,0.20 ,2496920.79 ,2496920.79 ,产值确认单,44636.00 ,2496920.79 ,44636.00 ,2496920.79 ,44636.00 ,2496920.79 ,44662.00 ,,,,,,,,,,,,,,,,,,,,,,,,,2496920.79 ,,,,,,,,,,,,,,2496920.79 ,,,,,,,,,,,,,,,
,,,,,,,,,,,,,,,,,,,,,,,,,,,,2.00 ,总图及单体概念方案设计完成经甲方确认后15个工作日内请款，次月30日前付款,0.20 ,2496920.79 ,2496920.79 ,产值确认单,44636.00 ,2496920.79 ,44636.00 ,2496920.79 ,44636.00 ,2496920.79 ,44662.00 ,,,,,,,,,,,,,,,,,,,,,,,,,2496920.79 ,,,,,,,,,,,,,,2496920.79 ,,,,,,,,,,,,,,,
,,,,,,,,,,,,,,,,,,,,,,,,,,,,3.00 ,项目总图、建筑单专业扩初设计图纸完成，并取得政府规划方案审批通过后，15个工作日内请款，次月30日前付款,0.30 ,3745381.19 ,3745381.19 ,产值确认单,44636.00 ,3745381.19 ,44636.00 ,3745381.19 ,44636.00 ,3745381.19 ,44662.00 ,,,,,,,,,,,,,,,,,,,,,,,,,3745381.19 ,,,,,,,,,,,,,,3745381.19 ,,,,,,,,,,,,,,,
,,,,,,,,,,,,,,,,,,,,,,,,,,,,4.00 ,配合所有施工图完成，并通过苏州市相关部门图审后15个工作日内请款，次月30日前付款,0.25 ,3121150.99 ,3121150.99 ,产值确认单,44665.00 ,3121150.99 ,44665.00 ,3121150.99 ,44666.00 ,3121150.99 ,44676.00 ,,,,,,,,,,,,,,,,,,,,,,,,,3121150.99 ,,,,,,,,,,,,,,3121150.99 ,,,,,,,,,,,,,,,
,,,,,,,,,,,,,,,,,,,,,,,,,,,,5.00 ,配合施工完成，并经苏州市相关部门验收后，竣工验收完成后15个工作日内请款，按照《建设工程规划许可证》总建筑面积进行结算，次月30日内付款,0.05 ,624230.20 ,624230.00 ,预估,,,,,,0.00 ,,,,,,,,,,,,,,,,,,,,,,,,,,624230.00 ,,,,,,,,,,,,,,,,,,,,,,,,,,,,,
,,44519.00 ,,,,,施工图管理,,苏州京兆房地产开发有限公司,457311.50 ,"固定总价，单价按30.65元计算

（含人防、海绵、绿建、PC专项）",14016754.22 ,,,,,,,,,,,,,,14016754.22 ,项目管理中心,1.00 ,合同签订之日起15个工作日内请款，次月30日前付款,0.20 ,2803350.84 ,2803350.84 ,产值确认单,44636.00 ,2803350.84 ,44636.00 ,2803350.84 ,44636.00 ,2803350.84 ,44662.00 ,,,,,,,,,,,,,,,,,,,,,,,,,2803350.84 ,,,,,,,,,,,,,,2803350.84 ,,,,,,,,,,,,,,,
,,,,,,,,,,,,,,,,,,,,,,,,,,,,2.00 ,拿到第一个施工图图审合格证后15个工作日内请款，次月30日前付款,0.20 ,2803350.84 ,2803350.84 ,产值确认单,44636.00 ,2803350.84 ,44636.00 ,2803350.84 ,44636.00 ,2803350.84 ,44662.00 ,,,,,,,,,,,,,,,,,,,,,,,,,2803350.84 ,,,,,,,,,,,,,,2803350.84 ,,,,,,,,,,,,,,,
,,,,,,,,,,,,,,,,,,,,,,,,,,,,3.00 ,全部正式施工图（除红线范围内综合管线施工图）交付并通过政府或审图公司批复后15个工作日内请款，次月30日前付款,0.10 ,1401675.42 ,1401675.43 ,产值确认单,44636.00 ,1401675.43 ,44636.00 ,1401675.43 ,44636.00 ,1401675.43 ,44662.00 ,,,,,,,,,,,,,,,,,,,,,,,,,1401675.43 ,,,,,,,,,,,,,,1401675.43 ,,,,,,,,,,,,,,,
,,,,,,,,,,,,,,,,,,,,,,,,,,,,4.00 ,全专业图纸根据设计咨询、BIM等意见调整优化完毕后15个工作日内请款，次月30日前付款,0.20 ,2803350.84 ,2803350.84 ,产值确认单,44665.00 ,2803350.84 ,44665.00 ,2803350.84 ,44666.00 ,2803350.84 ,44676.00 ,,,,,,,,,,,,,,,,,,,,,,,,,2803350.84 ,,,,,,,,,,,,,,2803350.84 ,,,,,,,,,,,,,,,
,,,,,,,,,,,,,,,,,,,,,,,,,,,,5.00 ,所有栋号结构封顶后15个工作日内请款，次月30日前付款,0.15 ,2102513.13 ,2102513.13 ,产值确认单,45597.00 ,2102513.13 ,45597.00 ,2102513.13 ,45603.00 ,2102513.13 ,45650.00 ,,,,,,,,,,,,,,,,,,,,,,,,,2102513.13 ,,,,,,,,,,,,,,2102513.13 ,,,,,,,,,,,,,,,
,,,,,,,,,,,,,,,,,,,,,,,,,,,,6.00 ,红线范围内综合管线施工图交付后15个工作日内请款，次月30日前付款,0.05 ,700837.71 ,700837.71 ,产值确认单,45649.00 ,,,,,,,,,,,,,,,,,,,,,,,,,,,,,,,700837.71 ,,,,,,,,,,,,,,700837.71 ,,,,,,,,,,,,,,,
,,,,,,,,,,,,,,,,,,,,,,,,,,,,7.00 ,竣工验收完成后15个工作日内请款，次月30日前付款,0.10 ,1401675.42 ,700837.50 ,预估,,,,,,0.00 ,,,,,,,,,,,,,,,,,,,,,,,,,,700837.50 ,,,,,,,,,,,,,,,,,,,,,,,,,,,,,
,,44484.00 ,,,,,景观管理,,,,固定总价，示范区单价按27.00计算,148500.00 ,,,,,,,,,,,,,,148500.00 ,项目管理中心,示范区-1,示范区概念方案完成，并经甲方确认后15个工作日内请款，次月30日前付款,0.20 ,29700.00 ,29700.00 ,产值确认单,44636.00 ,29700.00 ,44636.00 ,29700.00 ,44636.00 ,29700.00 ,44662.00 ,,,,,,,,,,,,,,,,,,,,,,,,,29700.00 ,,,,,,,,,,,,,,29700.00 ,,,,,,,,,,,,,,,
,,,,,,,,,,,,,,,,,,,,,,,,,,,,示范区-2,示范区深化方案完成，并经甲方确认后15个工作日内请款，次月30日前付款,0.30 ,44550.00 ,44550.00 ,产值确认单,44636.00 ,44550.00 ,44636.00 ,44550.00 ,44636.00 ,44550.00 ,44662.00 ,,,,,,,,,,,,,,,,,,,,,,,,,44550.00 ,,,,,,,,,,,,,,44550.00 ,,,,,,,,,,,,,,,
,,,,,,,,,,,,,,,,,,,,,,,,,,,,示范区-3,示范区扩初设计完成，并经甲方确认后15个工作日内请款，次月30日前付款,0.20 ,29700.00 ,29700.00 ,产值确认单,44636.00 ,29700.00 ,44636.00 ,29700.00 ,44636.00 ,29700.00 ,44662.00 ,,,,,,,,,,,,,,,,,,,,,,,,,29700.00 ,,,,,,,,,,,,,,29700.00 ,,,,,,,,,,,,,,,
,,,,,,,,,,,,,,,,,,,,,,,,,,,,示范区-4,示范区施工图设计完成，并经甲方确认后15个工作日内请款，次月30日前付款,0.25 ,37125.00 ,37125.00 ,产值确认单,44665.00 ,37125.00 ,44665.00 ,37125.00 ,44666.00 ,37125.00 ,44676.00 ,,,,,,,,,,,,,,,,,,,,,,,,,37125.00 ,,,,,,,,,,,,,,37125.00 ,,,,,,,,,,,,,,,
,,,,,,,,,,,,,,,,,,,,,,,,,,,,示范区-5,项目竣工交付验收完成后办理结算手续，结算手续完成后，甲方向乙方支付尾款，支付至结算总金额100%。,0.05 ,7425.00 ,7425.00 ,预估,,,,,,0.00 ,,,,,,,,,,,,,,,,,,,,,,,,,,7425.00 ,,,,,,,,,,,,,,,,,,,,,,,,,,,,,
,,44519.00 ,,,,,,,,,固定总价，大区单价按27.00计算,2901500.00 ,,,,,,,,,,,,,,2901500.00 ,项目管理中心,大区-1,大区概念方案完成，并经甲方确认后15个工作日内请款，次月30日前付款,0.20 ,580300.00 ,580300.00 ,产值确认单,44636.00 ,580300.00 ,44636.00 ,580300.00 ,44636.00 ,580300.00 ,44662.00 ,,21年未入账不包含此笔收入，包含此成本,,,,,,,,,,,,,,,,,,,,,,,580300.00 ,,,,,,,,,,,,,,580300.00 ,,,,,,,,,,,,,,,
,,,,,,,,,,,,,,,,,,,,,,,,,,,,大区-2,大区深化方案完成，并经甲方确认后15个工作日内请款，次月30日前付款,0.30 ,870450.00 ,870450.00 ,产值确认单,44665.00 ,870450.00 ,44665.00 ,870450.00 ,44666.00 ,870450.00 ,44676.00 ,,,,,,,,,,,,,,,,,,,,,,,,,870450.00 ,,,,,,,,,,,,,,870450.00 ,,,,,,,,,,,,,,,
,,,,,,,,,,,,,,,,,,,,,,,,,,,,大区-3,大区扩初设计完成，并经甲方确认后15个工作日内请款，次月30日前付款,0.20 ,580300.00 ,580300.00 ,产值确认单,44915.00 ,580300.00 ,44915.00 ,580300.00 ,44964.00 ,580300.00 ,45068.00 ,,,,,,,,,,,,,,,,,,,,,,,,,580300.00 ,,,,,,,,,,,,,,580300.00 ,,,,,,,,,,,,,,,
,,,,,,,,,,,,,,,,,,,,,,,,,,,,大区-4,大区施工图设计完成，并经甲方确认后15个工作日内请款，次月30日前付款,0.25 ,725375.00 ,337500.00 ,产值确认单,45597.00 ,337500.00 ,45597.00 ,337500.00 ,45603.00 ,337500.00 ,45650.00 ,,本次请大区的款，面积按5000平米折算,,,,,,,,,,,,,,,,,,,,,,,337500.00 ,,,,,,,,,,,,,,337500.00 ,,,337500.00 ,0.00 ,,,,,,,,,,,
,,,,,,,,,,,,,,,,,,,,,,,,,,,,大区-5,项目竣工交付验收完成后办理结算手续，结算手续完成后，甲方向乙方支付尾款，支付至结算总金额100%。,0.05 ,145075.00 ,72537.50 ,预估,,,,,,0.00 ,,,,,,,,,,,,,,,,,,,,,,,,,,72537.50 ,,,,,,,,,,,,,,,,,,,,,,,,,,,,,
,,44519.00 ,,,,,景观管理(外委补充协议，占用专项剩余金额)（集塔）,,,,,135460.00 ,,,,,,,,,,,,,,135460.00 ,项目管理中心,1.00 ,本补充协议签订完成后，乙方完成本补充协议约定工作内容的概念方案设计，经甲方书面确认后，15个工作日内请款，次月30日内甲方向乙方支付补充协议金额的20％,0.20 ,27092.00 ,27092.00 ,产值确认单,45649.00 ,27092.00 ,45649.00 ,27092.00 ,45805.00 ,27092.00 ,45910.00 ,,,,,,,,,,,,,,,,,,,,,,,,,27092.00 ,,,,,,,,,,,,,,,,,,,,,,,,,,,,,
,,,,,,,,,,,,,,,,,,,,,,,,,,,,2.00 ,乙方完成本补充协议约定工作内容的深化方案设计，经甲方书面确认后，15个工作日内请款，次月30日内甲方向乙方支付补充协议金额的30％,0.30 ,40638.00 ,40638.00 ,产值确认单,45649.00 ,40638.00 ,45649.00 ,40638.00 ,45805.00 ,40638.00 ,45910.00 ,,,,,,,,,,,,,,,,,,,,,,,,,40638.00 ,,,,,,,,,,,,,,,,,,,,,,,,,,,,,
,,,,,,,,,,,,,,,,,,,,,,,,,,,,3.00 ,乙方完成本补充协议约定工作内容的扩初方案设计，经甲方书面确认后，15个工作日内请款，次月30日内甲方向乙方支付补充协议金额的20％,0.20 ,27092.00 ,27092.00 ,产值确认单,45649.00 ,27092.00 ,45649.00 ,27092.00 ,45805.00 ,27092.00 ,45910.00 ,,,,,,,,,,,,,,,,,,,,,,,,,27092.00 ,,,,,,,,,,,,,,,,,,,,,,,,,,,,,
,,,,,,,,,,,,,,,,,,,,,,,,,,,,4.00 ,乙方完成本补充协议约定工作内容的施工图设计工作，经甲方书面确认后，15个工作日内请款，次月30日内甲方向乙方支付至补充协议金额的25％,0.25 ,33865.00 ,33865.00 ,产值确认单,45649.00 ,33865.00 ,45649.00 ,33865.00 ,45805.00 ,33865.00 ,45910.00 ,,,,,,,,,,,,,,,,,,,,,,,,,33865.00 ,,,,,,,,,,,,,,,,,,,,,,,,,,,,,
,,,,,,,,,,,,,,,,,,,,,,,,,,,,5.00 ,工程通过竣工验收，经甲方确认办理结算手续，15个工作日内请款，次月30日内甲方向乙方支付至补充协议结算金额的100％,0.05 ,6773.00 ,,,,,,,,,,,,,,,,,,,,,,,,,,,,,,,,,,,,,,,,,,,,,,,,,,,,,,,,,,,,,,,
,,44519.00 ,,,,,批量精装管理,,,,固定总价，单价按452.13元/平米 *设计面积3625.91㎡,1639387.52 ,,,,,,,,,,,,,,1639387.52 ,项目管理中心,1.00 ,完成方案设计并经甲方书面确认后15个工作日内请款，次月30日前付款,0.30 ,491816.26 ,491816.25 ,产值确认单,44636.00 ,491816.25 ,44636.00 ,491816.25 ,44636.00 ,491816.25 ,44662.00 ,,,,,,,,,,,,,,,,,,,,,,,,,491816.25 ,,,,,,,,,,,,,,491816.25 ,,,,,,,,,,,,,,,
,,,,,,,,,,,,,,,,,,,,,,,,,,,,2.00 ,完成施工图设计并经甲方书面确认后15个工作日内请款，次月30日前付款,0.30 ,491816.26 ,491816.26 ,产值确认单,44636.00 ,491816.26 ,44636.00 ,491816.26 ,44636.00 ,491816.26 ,44662.00 ,,,,,,,,,,,,,,,,,,,,,,,,,491816.26 ,,,,,,,,,,,,,,491816.26 ,,,,,,,,,,,,,,,
,,,,,,,,,,,,,,,,,,,,,,,,,,,,3.00 ,完成全部施工图工作及样板间施工配合并经甲方书面确认后15个工作日内请款，次月30日前付款,0.30 ,491816.26 ,491816.26 ,产值确认单,44788.00 ,491816.26 ,44788.00 ,491816.26 ,44788.00 ,491816.26 ,44802.00 ,,,,,,,,,,,,,,,,,,,,,,,,,491816.26 ,,,,,,,,,,,,,,491816.26 ,,,,,,,,,,,,,,,
,,,,,,,,,,,,,,,,,,,,,,,,,,,,4.00 ,工程通过竣工验收，设计人按照本合同设计内容和设计人责任的约定，完成此专项全部设计、配合、现场服务配合工作后请款，次月30日前付款,0.10 ,163938.75 ,,,,,,,,,,,,,,,,,,,,,,,,,,,,,,,,,,,,,,,,,,,,,,,,163938.75 ,,,163938.75 ,-163938.75 ,,,,,,,,,,,
,,/,,,,,批量精装管理(外委拓谷补充协议，占用专项剩余金额),,,,,120000.00 ,,,,,,,,,,,,,,120000.00 ,,1.00 ,完成方案设计并经甲方书面确认后15个工作日内请款，次月30日前付款,0.30 ,36000.00 ,36000.00 ,产值确认单,45275.00 ,72000.00 ,45275.00 ,72000.00 ,45805.00 ,36000.00 ,45910.00 ,,,,,,,,,,,,,,,,,,,,,,,,,36000.00 ,,,,,,,,,,,,,,36000.00 ,,,36000.00 ,0.00 ,,,,,,,,,,,
,,,,,,,,,,,,,,,,,,,,,,,,,,,,2.00 ,完成施工图设计并经甲方书面确认后15个工作日内请款，次月30日前付款,0.30 ,36000.00 ,36000.00 ,产值确认单,45275.00 ,,,,,36000.00 ,45910.00 ,,,,,,,,,,,,,,,,,,,,,,,,,36000.00 ,,,,,,,,,,,,,,36000.00 ,,,36000.00 ,0.00 ,,,,,,,,,,,
,,,,,,,,,,,,,,,,,,,,,,,,,,,,3.00 ,完成全部施工图工作及样板间施工配合并经甲方书面确认后15个工作日内请款，次月30日前付款,0.30 ,36000.00 ,,,,,,,,,,,,,,,,,,,,,,,,,,,,,,,,,,,,,,,,,,,,,,,,36000.00 ,,,36000.00 ,-36000.00 ,,,,,,,,,,,
,,,,,,,,,,,,,,,,,,,,,,,,,,,,4.00 ,工程通过竣工验收，设计人按照本合同设计内容和设计人责任的约定，完成此专项全部设计、配合、现场服务配合工作后请款，次月30日前付款,0.10 ,12000.00 ,,,,,,,,,,,,,,,,,,,,,,,,,,,,,,,,,,,,,,,,,,,,,,,,,,,,,,,,,,,,,,,
,,,,,,,1#～3#楼，5#～8# 楼，11#楼精装修硬装设计（占用专项剩余金额）（锐度）,,,,,261708.80 ,,,,,,,,,,,,,,,,1.00 ,合同签订并提交第一版概念性方案并经甲方认可后15个工作日内请款，乙方按照甲方审核后的金额，开具相应金额的增值税 专用发票，由甲方于审核后次月30日前进行进度款支付。,0.15 ,39256.32 ,,产值确认单,45793.00 ,58854.15 ,45804.00 ,58854.14 ,45805.00 ,58854.15 ,45910.00 ,,,,,,,,,,,,,,,,,,,,,,,,,,,,,,,,,,,,,,,,,,,,,,,,,,,,,,
,,,,,,,,,,,,,,,,,,,,,,,,,,,,2.00 ,完成精装概念设计，提交成果并得到甲方认可后15个工作日内请 款，乙方按照甲方审核后的金额，开具相应金额的增值税专用发 票，由甲方于审核后次月30日前进行进度款支付。,0.20 ,52341.76 ,58854.40 ,,,,,,,,,,,,,,,,,,,,,,,,,,,,,,,,,58854.40 ,,,,,,,,,,,,,,,,,,,,,,,,,,,,,
,,,,,,,,,,,,,,,,,,,,,,,,,,,,3.00 ,完成方案扩初设计阶段最终成果、材料选型，经甲方书面确认后 15个工作日内请款，乙方按照甲方审核后的金额，开具相应金额 的增值税专用发票，由甲方于审核后次月30日前进行进度款支 付。,0.15 ,39256.32 ,,,,,,,,,,,,,,,,,,,,,,,,,,,,,,,,,,,,,,,,,,,,,,,,,,,,,,,,,,,,,,,
,,,,,,,,,,,,,,,,,,,,,,,,,,,,4.00 ,排版图及户内门深化、橱柜深化审核完成精装施工图设计，审图 完成后并提交成果并得到甲方认可后15个工作日内请款，乙方 按照甲方审核后的金额，开具相应金额的增值税专用发票，由甲 方于审核后次月30日前进行进度款支付。,0.30 ,78512.64 ,36000.00 ,预估,46203.00 ,,,,,,,,,,,,,,,,,,,,,,,,,,,,,,,78512.64 ,,,,,,,,,,,,,,,,,,,,,,,,,,,,,
,,,,,,,,,,,,,,,,,,,,,,,,,,,,5.00 ,精装修竣工验收完成，竣工后15个工作日内请款，乙方按照甲 方审核后的金额，开具相应金额的增值税专用发票，由甲方于审 核后次月30日前进行进度款支付。,0.05 ,13085.44 ,,,,,,,,,,,,,,,,,,,,,,,,,,,,,,,,,,,,,,,,,,,,,,,,,,,,,,,,,,,,,,,
,,,,,,,,,,,,,,,,,,,,,,,,,,,,6.00 ,结算完成，后15个工作日内请款，乙方按照甲方审核后的金额， 开具相应金额的增值税专用发票，由甲方于审核后次月30日前  进行结算款支付。,0.05 ,13085.44 ,,,,,,,,,,,,,,,,,,,,,,,,,,,,,,,,,,,,,,,,,,,,,,,,,,,,,,,,,,,,,,,
,,,,,,,,,,,,,,,,,,,,,,,,,,,,7.00 ,配合完成产品创新研发工作，并经中国铁建房地产集团组织验收 通过后15个工作日内请款，由甲方于审核后次月30日前付款  (此项如未发生则该笔金额不予支付),0.10 ,26170.88 ,,,,,,,,,,,,,,,,,,,,,,,,,,,,,,,,,,,,,,,,,,,,,,,,,,,,,,,,,,,,,,,
,,44519.00 ,,,,,售楼处精装管理,,,,固定总价，单价按872.32元/平米 *设计面积2009㎡,1752500.00 ,,,,,,,,,,,,,,1752500.00 ,项目管理中心,1.00 ,完成概念方案设计并经甲方书面确认后15个工作日内请款，次月30日前付款,0.30 ,525750.00 ,525750.00 ,产值确认单,44636.00 ,525750.00 ,44636.00 ,525750.00 ,44636.00 ,525750.00 ,44662.00 ,,,,,,,,,,,,,,,,,,,,,,,,,525750.00 ,,,,,,,,,,,,,,525750.00 ,,,,,,,,,,,,,,,
,,,,,,,,,,,,,,,,,,,,,,,,,,,,2.00 ,完成扩初方案设计并经甲方书面确认后15个工作日内请款，次月30日前付款,0.30 ,525750.00 ,525750.00 ,产值确认单,44636.00 ,525750.00 ,44636.00 ,525750.00 ,44636.00 ,525750.00 ,44662.00 ,,,,,,,,,,,,,,,,,,,,,,,,,525750.00 ,,,,,,,,,,,,,,525750.00 ,,,,,,,,,,,,,,,
,,,,,,,,,,,,,,,,,,,,,,,,,,,,3.00 ,完成全部施工图工作并经甲方书面确认后15个工作日内请款，次月30日前付款,0.30 ,525750.00 ,525750.00 ,产值确认单,44636.00 ,525750.00 ,44636.00 ,525750.00 ,44636.00 ,525750.00 ,44662.00 ,,,,,,,,,,,,,,,,,,,,,,,,,525750.00 ,,,,,,,,,,,,,,525750.00 ,,,,,,,,,,,,,,,
,,,,,,,,,,,,,,,,,,,,,,,,,,,,4.00 ,工程通过竣工验收，设计人按照本合同设计内容和设计人责任的约定，完成此专项全部设计、配合、现场服务配合工作后请款，次月30日前付款,0.10 ,175250.00 ,103250.00 ,产值确认单,45597.00 ,103250.00 ,45597.00 ,103250.00 ,45603.00 ,103250.00 ,45650.00 ,,扣款7.2万元,,,,,,,,,,,,,,,,,,,,,,,103250.00 ,,,,,,,,,,,,,,103250.00 ,,,,,,,,,,,,,,,
,,44519.00 ,,,,,BIM,,,,固定单价2.65元*暂定总建面457311.5平米,1211875.48 ,,,,,,,,,1211875.48 ,,,,,,/,1.00 ,合同签订后15个工作日内请款，次月30日前付款,0.20 ,242375.10 ,242375.10 ,产值确认单,44636.00 ,242375.10 ,44636.00 ,242375.10 ,44636.00 ,242375.10 ,44662.00 ,,,,,,,,,,,,,,,,,,,,242375.10 ,,,,,,,,,,,,,,242375.10 ,,,,,,,,,,,,,,,,,,,,
,,,,,,,,,,,,,,,,,,,,,,,,,,,,2.00 ,乙方提交第一版地下室管线BIM模型后，15个工作日内请款，次月30日前付款,0.30 ,363562.64 ,363562.64 ,产值确认单,44665.00 ,363562.64 ,44665.00 ,363562.64 ,44666.00 ,363562.64 ,44676.00 ,,,,,,,,,,,,,,,,,,,,363562.64 ,,,,,,,,,,,,,,363562.64 ,,,,,,,,,,,,,,,,,,,,
,,,,,,,,,,,,,,,,,,,,,,,,,,,,3.00 ,乙方提交第一版地下室管线优化BIM模型后15个工作日内请款，次月30日前付款,0.40 ,484750.19 ,484750.19 ,产值确认单,44915.00 ,484750.19 ,44915.00 ,484750.19 ,45603.00 ,484750.19 ,45650.00 ,,,,,,,,,,,,,,,,,,,,484750.19 ,,,,,,,,,,,,,,484750.19 ,,,,,,,,,,,,,,,,,,,,
,,,,,,,,,,,,,,,,,,,,,,,,,,,,4.00 ,乙方提交园区场地和小市政管线BIM管综优化模型和地下室、园区场地和小市政管线BIM优化报告后，15个工作日内请款，次月30日前付款,0.10 ,121187.55 ,121187.55 ,产值确认单,45275.00 ,,,,,,,,,,,,,,,,,,,,,,,,,,121187.55 ,,,,,,,,,,,,,,,,,,,121187.55 ,,,,,,,,,,,,,,,
,,44519.00 ,,,,,咨询,,,,固定单价7元*暂定总建面457311.5平米,3201180.50 ,,,200012.48 ,,,,,2131104.53 ,66258.29 ,,,,,803805.20 ,/,1.00 ,合同签订后15个工作日内,0.20 ,640236.10 ,1920708.30 ,产值确认单,44636.00 ,1920708.30 ,44636.00 ,1920708.30 ,44636.00 ,1920708.30 ,44662.00 ,,,,,,,,,,,,,,127261.38 ,,,,,1272681.43 ,39754.98 ,,,,,481010.51 ,,,127261.38 ,,,,,1272681.43 ,39754.98 ,,,,,481010.51 ,,,,,,,,,,,,,,,
,,,,,,,,,,,,,,,,,,,,,,,,,,,,2.00 ,乙方完成施工图阶段的设计咨询工作，向甲方提交优化成果（包括但不限于优化后的设计文件、设计咨询意见）之日起15个工作日内,0.40 ,1280472.20 ,,,,,,,,,,,,,,,,,,,,,,,,,,,,,,,,,,,,,,,,,,,,,,,,,,,,,,,,,,,,,,,
,,,,,,,,,,,,,,,,,,,,,,,,,,,,3.00 ,取得施工图审查合格书之日起15个工作日内付款至全过程咨询优化费的100%,0.40 ,1280472.20 ,1274336.00 ,产值确认单,44665.00 ,1274336.00 ,44665.00 ,1274336.00 ,44666.00 ,1274336.00 ,44676.00 ,,,,,,,,,,,,,,84434.35 ,,,,,844388.38 ,26376.31 ,,,,,319136.96 ,,,84434.35 ,,,,,844388.38 ,26376.31 ,,,,,319136.96 ,,,,,,,,,,,,,,,
,,44519.00 ,,,,,专项-泛光照明设计,,,,,320000.00 ,,,,,,,,,,,,,,320000.00 ,项目管理中心,1.00 ,本项价格明确、提交此专项工作方案并在甲方均审核通过后15个工作日内请款，次月30日内付款,0.20 ,64000.00 ,64000.00 ,产值确认单,44636.00 ,64000.00 ,44636.00 ,64000.00 ,44636.00 ,64000.00 ,44662.00 ,,,,,,,,,,,,,,,,,,,,,,,,,64000.00 ,,,,,,,,,,,,,,64000.00 ,,,,,,,,,,,,,,,
,,,,,,,,,,,,,,,,,,,,,,,,,,,,2.00 ,此专项设计工作完成并经过甲方确认后15个工作日内请款，次月30日内付款,0.60 ,192000.00 ,192000.00 ,产值确认单,44636.00 ,192000.00 ,44636.00 ,192000.00 ,44636.00 ,192000.00 ,44662.00 ,,,,,,,,,,,,,,,,,,,,,,,,,192000.00 ,,,,,,,,,,,,,,192000.00 ,,,,,,,,,,,,,,,
,,,,,,,,,,,,,,,,,,,,,,,,,,,,3.00 ,竣工验收完成后15个工作日内请款，次月30日内付款,0.20 ,64000.00 ,32000.00 ,,,,,,,0.00 ,,,,,,,,,,,,,,,,,,,,,,,,,,32000.00 ,,,,,,,,,,,,,,,,,,,,,,,,,,,,,
,,44519.00 ,,,,,专项-节能优化,,,,,854000.00 ,,,,,,,,,,,,,,854000.00 ,项目管理中心,1.00 ,本项价格明确、提交此专项工作方案并在甲方均审核通过后15个工作日内请款，次月30日内付款,0.20 ,170800.00 ,170800.00 ,产值确认单,44747.00 ,170800.00 ,44747.00 ,170800.00 ,44747.00 ,170800.00 ,44802.00 ,,,,,,,,,,,,,,,,,,,,,,,,,170800.00 ,,,,,,,,,,,,,,170800.00 ,,,,,,,,,,,,,,,
,,,,,,,,,,,,,,,,,,,,,,,,,,,,2.00 ,此专项设计工作完成并经过甲方确认后15个工作日内请款，次月30日内付款,0.60 ,512400.00 ,512400.00 ,产值确认单,44747.00 ,512400.00 ,44747.00 ,512400.00 ,44747.00 ,512400.00 ,44802.00 ,,,,,,,,,,,,,,,,,,,,,,,,,512400.00 ,,,,,,,,,,,,,,512400.00 ,,,,,,,,,,,,,,,
,,,,,,,,,,,,,,,,,,,,,,,,,,,,3.00 ,竣工验收完成后15个工作日内请款，次月30日内付款,0.20 ,170800.00 ,85400.00 ,预估,,,,,,0.00 ,,,,46021.00 ,,,,,,,,,,,,,,,,,,,,,,85400.00 ,,,,,,,,,,,,,,,,,,,,,,,,,,,,,
,,44519.00 ,,,,,专项-门窗幕墙设计,,,,,200000.00 ,,,,,,,,,,,,,,200000.00 ,项目管理中心,1.00 ,本项价格明确、提交此专项工作方案并在甲方均审核通过后15个工作日内请款，次月30日内付款,0.20 ,40000.00 ,40000.00 ,产值确认单,45275.00 ,40000.00 ,45275.00 ,40000.00 ,45603.00 ,40000.00 ,45650.00 ,,,,,,,,,,,,,,,,,,,,,,,,,40000.00 ,,,,,,,,,,,,,,40000.00 ,,,,,,,,,,,,,,,
,,,,,,,,,,,,,,,,,,,,,,,,,,,,2.00 ,此专项设计工作完成并经过甲方确认后15个工作日内请款，次月30日内付款,0.60 ,120000.00 ,120000.00 ,产值确认单,45275.00 ,120000.00 ,45275.00 ,120000.00 ,45603.00 ,170000.00 ,45650.00 ,,,,,,,,,,,,,,,,,,,,,,,,,120000.00 ,,,,,,,,,,,,,,170000.00 ,,,,,,,,,,,,,,,
,,,,,,,,,,,,,,,,,,,,,,,,,,,,3.00 ,竣工验收完成后15个工作日内请款，次月30日内付款,0.20 ,40000.00 ,20000.00 ,,,40000.00 ,,,,0.00 ,,,,,,,,,,,,,,,,,,,,,,,,,,20000.00 ,,,,,,,,,,,,,,,,,,,,,,,,,,,,,
,,44519.00 ,,,,,专项-标识标牌设计,,,,,205000.00 ,,,,,,,,,,,,,,205000.00 ,项目管理中心,1.00 ,本项价格明确、提交此专项工作方案并在甲方均审核通过后15个工作日内请款，次月30日内付款,0.20 ,41000.00 ,41000.00 ,产值确认单,44788.00 ,120000.00 ,44788.00 ,41000.00 ,44788.00 ,41000.00 ,44802.00 ,,,,,,,,,,,,,,,,,,,,,,,,,41000.00 ,,,,,,,,,,,,,,41000.00 ,,,,,,,,,,,,,,,
,,,,,,,,,,,,,,,,,,,,,,,,,,,,2.00 ,此专项设计工作完成并经过甲方确认后15个工作日内请款，次月30日内付款,0.60 ,123000.00 ,123000.00 ,产值确认单,44788.00 ,123000.00 ,44788.00 ,123000.00 ,44788.00 ,123000.00 ,44802.00 ,,,,,,,,,,,,,,,,,,,,,,,,,123000.00 ,,,,,,,,,,,,,,123000.00 ,,,,,,,,,,,,,,,
,,,,,,,,,,,,,,,,,,,,,,,,,,,,3.00 ,竣工验收完成后15个工作日内请款，次月30日内付款,0.20 ,41000.00 ,41000.00 ,,,,,,,0.00 ,,,,,,,,,,,,,,,,,,,,,,,,,,20500.00 ,,,,,,,,,,,,,,,,,,,,,,,,,,,,,
,,44519.00 ,,,,,专项-幕墙深化,,,,,200000.00 ,,,,,,,,,,,,,,200000.00 ,项目管理中心,1.00 ,本项价格明确、提交此专项工作方案并在甲方均审核通过后15个工作日内请款，次月30日内付款,0.20 ,40000.00 ,40000.00 ,产值确认单,45275.00 ,40000.00 ,45275.00 ,40000.00 ,45603.00 ,40000.00 ,45650.00 ,,,,,,,,,,,,,,,,,,,,,,,,,40000.00 ,,,,,,,,,,,,,,40000.00 ,,,,,,,,,,,,,,,
,,,,,,,,,,,,,,,,,,,,,,,,,,,,2.00 ,此专项设计工作完成并经过甲方确认后15个工作日内请款，次月30日内付款,0.60 ,120000.00 ,120000.00 ,产值确认单,45275.00 ,120000.00 ,45275.00 ,120000.00 ,45603.00 ,70000.00 ,45650.00 ,,,,,,,,,,,,,,,,,,,,,,,,,120000.00 ,,,,,,,,,,,,,,70000.00 ,,,,,,,,,,,,,,,
,,,,,,,,,,,,,,,,,,,,,,,,,,,,3.00 ,竣工验收完成后15个工作日内请款，次月30日内付款,0.20 ,40000.00 ,,,,,,,,0.00 ,,,,,,,,,,,,,,,,,,,,,,,,,,20000.00 ,,,,,,,,,,,,,,,,,,,,,,,,,,,,,
,,44519.00 ,,,,,专项-智能化设计,,,,,365849.20 ,,,,,,,,,,,,,,365849.20 ,项目管理中心,1.00 ,本项价格明确、提交此专项工作方案并在甲方均审核通过后15个工作日内请款，次月30日内付款,0.20 ,73169.84 ,73169.84 ,产值确认单,44665.00 ,73169.84 ,44665.00 ,73169.84 ,44666.00 ,73169.84 ,44676.00 ,,,,,,,,,,,,,,,,,,,,,,,,,73169.84 ,,,,,,,,,,,,,,73169.84 ,,,,,,,,,,,,,,,
,,,,,,,,,,,,,,,,,,,,,,,,,,,,2.00 ,此专项设计工作完成并经过甲方确认后15个工作日内请款，次月30日内付款,0.60 ,219509.52 ,219509.52 ,产值确认单,44915.00 ,219509.52 ,44915.00 ,219509.52 ,44964.00 ,219509.52 ,45068.00 ,,,,,,,,,,,,,,,,,,,,,,,,,219509.52 ,,,,,,,,,,,,,,219509.52 ,,,,,,,,,,,,,,,
,,,,,,,,,,,,,,,,,,,,,,,,,,,,3.00 ,竣工验收完成后15个工作日内请款，次月30日内付款,0.20 ,73169.84 ,36584.92 ,,,,,,,0.00 ,,,,,,,,,,,,,,,,,,,,,,,,,,36584.92 ,,,,,,,,,,,,,,,,,,,,,,,,,,,,,
,,44519.00 ,,,,,专项-基坑支护设计,,,,,600000.00 ,,,,,,,,,,,,,,600000.00 ,项目管理中心,1.00 ,本项价格明确、提交此专项工作方案并在甲方均审核通过后15个工作日内请款，次月30日内付款,0.20 ,120000.00 ,120000.00 ,产值确认单,44665.00 ,120000.00 ,44665.00 ,120000.00 ,44666.00 ,120000.00 ,44676.00 ,,,,,,,,,,,,,,,,,,,,,,,,,120000.00 ,,,,,,,,,,,,,,120000.00 ,,,,,,,,,,,,,,,
,,,,,,,,,,,,,,,,,,,,,,,,,,,,2.00 ,此专项设计工作完成并经过甲方确认后15个工作日内请款，次月30日内付款,0.60 ,360000.00 ,360000.00 ,产值确认单,44665.00 ,360000.00 ,44665.00 ,360000.00 ,44666.00 ,360000.00 ,44676.00 ,,,,,,,,,,,,,,,,,,,,,,,,,360000.00 ,,,,,,,,,,,,,,360000.00 ,,,,,,,,,,,,,,,
,,,,,,,,,,,,,,,,,,,,,,,,,,,,3.00 ,竣工验收完成后15个工作日内请款，次月30日内付款,0.20 ,120000.00 ,60000.00 ,,,,,,,0.00 ,,,,,,,,,,,,,,,,,,,,,,,,,,60000.00 ,,,,,,,,,,,,,,,,,,,,,,,,,,,,,
,,44519.00 ,,,,,专项-地库划线设计,,,,,,,,,,,,,,,,,,,,项目管理中心,1.00 ,本项价格明确、提交此专项工作方案并在甲方均审核通过后15个工作日内请款，次月30日内付款,0.20 ,,0.00 ,,,,,,,0.00 ,,,,,,,,,,,,,,,,,,,,,,,,,,,,,,,,,,,,,,,,,,,,,,,,,,,,,,,
,,,,,,,,,,,,,,,,,,,,,,,,,,,,2.00 ,此专项设计工作完成并经过甲方确认后15个工作日内请款，次月30日内付款,0.60 ,,0.00 ,,,,,,,0.00 ,,,,,,,,,,,,,,,,,,,,,,,,,,,,,,,,,,,,,,,,,,,,,,,,,,,,,,,
,,,,,,,,,,,,,,,,,,,,,,,,,,,,3.00 ,竣工验收完成后15个工作日内请款，次月30日内付款,0.20 ,,0.00 ,,,,,,,0.00 ,,,,,,,,,,,,,,,,,,,,,,,,,,,,,,,,,,,,,,,,,,,,,,,,,,,,,,,
,,44519.00 ,,,,,专项剩余,,,,,934690.80 ,,,,,,,,,,,,,,934690.80 ,,1.00 ,本项价格明确、提交此专项工作方案并在甲方均审核通过后15个工作日内请款，次月30日内付款,0.20 ,,0.00 ,,,,,,,,,,,,,,,,,,,,,,,,,,,,,,,,,,,,,,,,,,,,,,,,,,,,,,,,,,,,,,
,,,,,,,,,,,,,,,,,,,,,,,,,,,,2.00 ,此专项设计工作完成并经过甲方确认后15个工作日内请款，次月30日内付款,0.60 ,,0.00 ,,,,,,,,,,,,,,,,,,,,,,,,,,,,,,,,,,,,,,,,,,,,,,,,,,,,,,,,,,,,,,
,,,,,,,,,,,,,,,,,,,,,,,,,,,,3.00 ,竣工验收完成后15个工作日内请款，次月30日内付款,0.20 ,,0.00 ,,,,,,,,,,,,,,,,,,,,,,,,,,,,,,,,,,,,,,,,,,,,,,,,,,,,,,,,,,,,,,
,华东,44757.00 ,苏州车坊项目（苏州星樾湖滨）,CRCCRE-DC-XM-2022-009,苏地2022-WG-8号地块项目建设工程委托设计管理服务合同,CRCCRE-SJ-XM-2022-018,方案,,苏州京发房地产开发有限公司,总建面133344.61㎡（其中洋房46483.86㎡高层46706.68㎡地库面积38323.77）,综合单价19.55元/平米（洋房20元/平米；高层17元/平米；标准化售楼处方案费20万元/项；标准化售楼处施工图设计30万元/项；地下车库方案优化设计以及图纸修改（柱网，单车位指标优化）10元/平米）,2606928.46 ,,,2004309.17 ,,,,,84615.91 ,,,,,,518003.38 ,创作一室/项目管理中心,1.00 ,合同签订后15个工作日内请款，次月30日前付款,0.20 ,521385.69 ,1824849.92 ,成果确认单,44810.00 ,1824849.92 ,44810.00 ,1824849.92 ,44811.00 ,1824849.92 ,44833.00 ,0.00 ,,,,,,,,,,,,,1403016.42 ,,,,,59231.14 ,,,,,,362602.36 ,,,1403016.42 ,,,,,59231.14 ,,,,,,362602.36 ,,,,,,,,,,,,,,,
,,,,,,,,,,,,,,,,,,,,,,,,,,,,2.00 ,总图及单体概念方案设计完成经甲方确认后15个工作日内请款，次月30日前付款,0.20 ,521385.69 ,,,,,,,,,,,,,,,,,,,,,,,,,,,,,,,,,,,,,,,,,,,,,,,,,,,,,,,,,,,,,,,
,,,,,,,,,,,,,,,,,,,,,,,,,,,,3.00 ,项目总图、建筑单专业扩初设计图纸完成，并取得政府规划方案审批通过后，15个工作日内请款，次月30日前付款,0.30 ,782078.54 ,,,,,,,,,,,,,,,,,,,,,,,,,,,,,,,,,,,,,,,,,,,,,,,,,,,,,,,,,,,,,,,
,,,,,,,,,,,,,,,,,,,,,,,,,,,,4.00 ,配合所有施工图完成，并通过苏州市相关部门图审后15个工作日内请款，次月30日前付款,0.25 ,651732.12 ,651732.12 ,产值确认单,44876.00 ,651732.12 ,44876.00 ,651732.12 ,44876.00 ,651732.12 ,44907.00 ,,,,,,,,,,,,,,501077.29 ,,,,,21153.98 ,,,,,,129500.85 ,,,501077.29 ,,,,,21153.98 ,,,,,,129500.85 ,,,,,,,,,,,,,,,
,,,,,,,,,,,,,,,,,,,,,,,,,,,,5.00 ,配合施工完成，并经苏州市相关部门验收后，竣工验收完成后15个工作日内请款，按照《建设工程规划许可证》总建筑面积进行结算，次月30日内付款,0.05 ,130346.42 ,0.00 ,,,,,,,0.00 ,,,,,,,,,,,,,,,,,,,,,,,,,,,,,,,,,,,,,,,,,,,,,,,,,,,,,,,
,,,,,,,BIM管综建模,,,地下室面积39999.88㎡；用地面积45550.05㎡,BIM地下室管线综合6元/平米；园区小市政3元/平米；户型建模1万元/个,416649.43 ,,,,,,,,,416649.43 ,,,,,,,1.00 ,合同签订后15个工作日内请款，次月30日前付款,0.20 ,83329.89 ,83329.89 ,成果确认单,44810.00 ,83329.89 ,44810.00 ,83329.89 ,44811.00 ,83329.89 ,44833.00 ,0.00 ,,,,,,,,,,,,,,,,,,,83329.89 ,,,,,,,,,,,,,,83329.89 ,,,,,,,,,,,,,,,,,,,,
,,,,,,,,,,,,,,,,,,,,,,,,,,,,2.00 ,乙方提交第一版地下室管线BIM模型后，15个工作日内请款，次月30日前付款,0.30 ,124994.83 ,124994.83 ,产值确认单,44876.00 ,124994.83 ,44876.00 ,124994.83 ,44876.00 ,124994.83 ,44907.00 ,,,,,,,,,,,,,,,,,,,,124994.83 ,,,,,,,,,,,,,,124994.83 ,,,,,,,,,,,,,,,,,,,,
,,,,,,,,,,,,,,,,,,,,,,,,,,,,3.00 ,乙方提交第一版地下室管线优化BIM模型后15个工作日内请款，次月30日前付款,0.40 ,166659.77 ,166659.77 ,产值确认单,44909.00 ,166659.77 ,产值确认单,166659.77 ,45170.00 ,166659.77 ,45194.00 ,,,,,,,,,,,,,,,,,,,,166659.77 ,,,,,,,,,,,,,,166659.77 ,,,,,,,,,,,,,,,,,,,,
,,,,,,,,,,,,,,,,,,,,,,,,,,,,4.00 ,乙方提交园区场地和小市政管线BIM管综优化模型和地下室、园区场地和小市政管线BIM优化报告后，15个工作日内请款，次月30日前付款,0.10 ,41664.94 ,41664.94 ,产值确认单,45275.00 ,,,41664.94 ,45543.00 ,41664.94 ,45559.00 ,,,,,,,,,,,,,,,,,,,,41664.94 ,,,,,,,,,,,,,,41664.94 ,,,,,,,,41664.94 ,0.00 ,,,,,,,,,,,
,,,,,,,施工图优化咨询,,,总建面133344.61㎡,5元/平米,666723.05 ,,,,,,,,666723.05 ,,,,,,,,1.00 ,合同签订后15个工作日内,0.20 ,133344.61 ,133344.61 ,成果确认单,44810.00 ,133344.61 ,44810.00 ,133344.61 ,44811.00 ,133344.61 ,44833.00 ,0.00 ,,,,,,,,,,,,,,,,,,133344.61 ,,,,,,,,,,,,,,133344.61 ,,,,,,,,,,,,,,,,,,,,,
,,,,,,,,,,,,,,,,,,,,,,,,,,,,2.00 ,乙方完成施工图阶段的设计咨询工作，向甲方提交优化成果（包括但不限于优化后的设计文件、设计咨询意见）之日起15个工作日内,0.40 ,266689.22 ,266689.22 ,产值确认单,44876.00 ,266689.22 ,44876.00 ,266689.22 ,44876.00 ,266689.22 ,44907.00 ,,,,,,,,,,,,,,,,,,,266689.22 ,,,,,,,,,,,,,,266689.22 ,,,,,,,,,,,,,,,,,,,,,
,,,,,,,,,,,,,,,,,,,,,,,,,,,,3.00 ,取得施工图审查合格书之日起15个工作日内,0.40 ,266689.22 ,266689.22 ,产值确认单,44909.00 ,266689.22 ,44909.00 ,266689.22 ,45170.00 ,266689.22 ,45194.00 ,,,,,,,,,,,,,,,,,,,266689.22 ,,,,,,,,,,,,,,266689.22 ,,,,,,,,,,,,,,,,,,,,,
,,,,,,,管理费,,,/,委托管理部分的设计费用的5%,342730.45 ,,,,,,,,,,,,,,342730.45 ,0.00 ,1.00 ,合同签订后15个工作日内请款，次月30日前付款,0.20 ,68546.09 ,68546.09 ,产值确认单,44876.00 ,68546.09 ,44876.00 ,68546.09 ,44876.00 ,68546.09 ,44907.00 ,,,,,,,,,,,,,,,,,,,,,,,,,68546.09 ,,,,,,,,,,,,,,68546.09 ,,,,,,,,,,,,,,,
,,,,,,,,,,,,,,,,,,,,,,,,,,,,2.00 ,总图及单体概念方案设计完成经甲方确认后15个工作日内请款，次月30日前付款,0.20 ,68546.09 ,68546.09 ,产值确认单,44876.00 ,68546.09 ,44876.00 ,68546.09 ,44876.00 ,68546.09 ,44907.00 ,,,,,,,,,,,,,,,,,,,,,,,,,68546.09 ,,,,,,,,,,,,,,68546.09 ,,,,,,,,,,,,,,,
,,,,,,,,,,,,,,,,,,,,,,,,,,,,3.00 ,项目总图、建筑单专业扩初设计图纸完成，并取得政府规划方案审批通过后，15个工作日内请款，次月30日前付款,0.30 ,102819.14 ,102819.14 ,产值确认单,44876.00 ,102819.14 ,44876.00 ,102819.14 ,44876.00 ,102819.14 ,44907.00 ,,,,,,,,,,,,,,,,,,,,,,,,,102819.14 ,,,,,,,,,,,,,,102819.14 ,,,,,,,,,,,,,,,
,,,,,,,,,,,,,,,,,,,,,,,,,,,,4.00 ,配合所有施工图完成，并通过苏州市相关部门图审后15个工作日内请款，次月30日前付款,0.25 ,85682.61 ,85682.61 ,产值确认单,44876.00 ,85682.61 ,44876.00 ,85682.61 ,44876.00 ,85682.61 ,44907.00 ,,,,,,,,,,,,,,,,,,,,,,,,,85682.61 ,,,,,,,,,,,,,,85682.61 ,,,,,,,,,,,,,,,
,,,,,,,,,,,,,,,,,,,,,,,,,,,,5.00 ,配合施工完成，并经苏州市相关部门验收后，竣工验收完成后15个工作日内请款，按照《建设工程规划许可证》总建筑面积进行结算，次月30日内付款,0.05 ,17136.52 ,0.00 ,,,,,,,0.00 ,,,,,,,,,,,,,,,,,,,,,,,,,,,,,,,,,,,,,,,,,,,,,,,,,,,,,,,
,,,,,,,"施工图设计
管理",,,总建面133344.61㎡（其中人防面积9935㎡；住宅面积89607.36㎡；地下非人防面积28388.77㎡；配套面积1492.74㎡；用地面积45550.05㎡ 住宅面积89607.36㎡）,含前期报建1元/平米；地下人防工程施工图设计；38元/平米；住宅扩初和施工图设计18.00元/平米；非人防地下室扩初和施工图设计16元/平米；配套公建扩初和施工图设计25元/平米；用地红线内室外市政道路和综合管网设计及优化修改配合1元/平米；其他服务：全项目精装修二次机电设计配合2元/平米；装配式设计6.00元/平米,3459767.12 ,,,,,,,,,,,,,,,,1.00 ,合同签订之日起15个工作日内请款，次月30日前付款,0.20 ,691953.42 ,1729883.56 ,成果确认单,44810.00 ,1729883.56 ,44810.00 ,1729883.56 ,44811.00 ,1729883.56 ,44833.00 ,0.00 ,,,,,,,,,,,,,,,,,,,,,,,,1729883.56 ,,,,,,,,,,,,,,1729883.56 ,,,,,,,,,,,,,,,
,,,,,,,,,,,,,,,,,,,,,,,,,,,,2.00 ,拿到第一个施工图图审合格证后15个工作日内请款，次月30日前付款,0.20 ,691953.42 ,,,,,,,,,,,,,,,,,,,,,,,,,,,,,,,,,,,,,,,,,,,,,,,,,,,,,,,,,,,,,,,
,,,,,,,,,,,,,,,,,,,,,,,,,,,,3.00 ,全部正式施工图（除红线范围内综合管线施工图）交付并通过政府或审图公司批复后15个工作日内请款，次月30日前付款,0.10 ,345976.71 ,,,,,,,,,,,,,,,,,,,,,,,,,,,,,,,,,,,,,,,,,,,,,,,,,,,,,,,,,,,,,,,
,,,,,,,,,,,,,,,,,,,,,,,,,,3459767.12 ,项目管理中心,4.00 ,全专业图纸根据设计咨询、BIM等意见调整优化完毕后15个工作日内请款，次月30日前付款,0.20 ,691953.42 ,691953.42 ,产值确认单,44876.00 ,691953.42 ,44876.00 ,691953.42 ,44876.00 ,691953.42 ,44907.00 ,,,,,,,,,,,,,,,,,,,,,,,,,691953.42 ,,,,,,,,,,,,,,691953.42 ,,,,,,,,,,,,,,,
,,,,,,,,,,,,,,,,,,,,,,,,,,,,5.00 ,所有栋号结构封顶后15个工作日内请款，次月30日前付款,0.15 ,518965.07 ,518965.07 ,产值确认单,45267.00 ,518965.07 ,45267.00 ,518965.07 ,45293.00 ,518965.07 ,45308.00 ,,,,,,,,,,,,,,,,,,,,,,,,,518965.07 ,,,,,,,,,,,,,,518965.07 ,,,,,,,,,,,,,,,
,,,,,,,,,,,,,,,,,,,,,,,,,,,,6.00 ,红线范围内综合管线施工图交付后15个工作日内请款，次月30日前付款,0.05 ,172988.36 ,172988.36 ,产值确认单,45539.00 ,,,172988.36 ,45541.00 ,172988.36 ,45559.00 ,,,,,,,,,,,,,,,,,,,,,,,,,172988.36 ,,,,,,,,,,,,,,172988.36 ,,,,,,,,,,,,,,,
,,,,,,,,,,,,,,,,,,,,,,,,,,,,7.00 ,竣工验收完成后15个工作日内请款，次月30日前付款,0.10 ,345976.71 ,0.00 ,,,,,,,0.00 ,,,,,,,,,,,,,,,,,,,,,,,,,,,,,,,,,,,,,,,,,,,,,,,,,,,,,,,
,,,,,,,"施工图设计
管理（补充协议）",,,/,/,98000.00 ,,,,,,,,,,,,,,98000.00 ,,1.00 ,乙方完成精装送审备案后7个工作日内，甲方确认后支付补充设计费的90%,0.90 ,88200.00 ,88200.00 ,产值确认单,45539.00 ,,,88200.00 ,45541.00 ,88200.00 ,45559.00 ,,,,,,,,,,,,,,,,,,,,,,,,,88200.00 ,,,,,,,,,,,,,,88200.00 ,,,,,,,,,,,,,,,
,,,,,,,,,,,,,,,,,,,,,,,,,,,,2.00 ,工程竣工备案通过后7个工作日内，甲方支付补充设计费的10%,0.10 ,9800.00 ,,,,,,,,0.00 ,,,,,,,,,,,,,,,,,,,,,,,,,,,,,,,,,,,,,,,,,,,,,,,,,,,,,,,
,,,,,,,景观设计管理,,,景观占地面积37070.23㎡（示范区3000㎡；交付大区33729.07㎡；红线外景观3500.00㎡）,示范区29元/平米；2 交付大区29元/平米；红线外景观15元/平米,1116800.00 ,,,,,,,,,,,,,,1116800.00 ,,示范区部分-1,完成示范区景观方案设计并提交成果后15个工作日内请款，次月30日前付款,0.20 ,223360.00 ,223360.00 ,成果确认单,44810.00 ,223360.00 ,44810.00 ,223360.00 ,44811.00 ,223360.00 ,44833.00 ,,,,,,,,,,,,,,,,,,,,,,,,,223360.00 ,,,,,,,,,,,,,,223360.00 ,,,,,,,,,,,,,,,
,,,,,,,,,,,,,,,,,,,,,,,,,,,,示范区部分-2,完成示范区景观施工图设计并提交成果后15个工作日内请款，次月30日前付款,0.10 ,111680.00 ,111680.00 ,产值确认单,44876.00 ,111680.00 ,44876.00 ,111680.00 ,44876.00 ,111680.00 ,44907.00 ,,,,,,,,,,,,,,,,,,,,,,,,,111680.00 ,,,,,,,,,,,,,,111680.00 ,,,,,,,,,,,,,,,
,,,,,,,,,,,,,,,,,,,,,,,,,,,,示范区部分-3,示范区竣工后15个工作日内请款，次月30日前付款,0.05 ,55840.00 ,55840.00 ,产值确认单,44876.00 ,55840.00 ,44876.00 ,55840.00 ,44876.00 ,55840.00 ,44907.00 ,,,,,,,,,,,,,,,,,,,,,,,,,55840.00 ,,,,,,,,,,,,,,55840.00 ,,,,,,,,,,,,,,,
,,,,,,,,,,,,,,,,,,,,,,,,,,,项目管理中心,交付大区部分-1,完成大区景观方案设计并提交成果后15个工作日内请款，次月30日前付款,0.25 ,279200.00 ,279200.00 ,产值确认单,44876.00 ,279200.00 ,44876.00 ,279200.00 ,44876.00 ,279200.00 ,44907.00 ,,,,,,,,,,,,,,,,,,,,,,,,,279200.00 ,,,,,,,,,,,,,,279200.00 ,,,,,,,,,,,,,,,
,,,,,,,,,,,,,,,,,,,,,,,,,,,,交付大区部分-2,完成大区景观施工图设计并提交成果后15个工作日内请款，次月30日前付款,0.30 ,335040.00 ,335040.00 ,产值确认单,45267.00 ,335040.00 ,45267.00 ,335040.00 ,45293.00 ,335040.00 ,45308.00 ,,,,,,,,,,,,,,,,,,,,,,,,,335040.00 ,,,,,,,,,,,,,,335040.00 ,,,,,,,,,,,,,,,
,,,,,,,,,,,,,,,,,,,,,,,,,,,,交付大区部分-3,工程通过竣工验收，设计人按照本合同设计内容和设计人责任的约定，完成此专项全部设计、配合、现场服务配合工作后15个工作日内请款，次月30日前付款,0.10 ,111680.00 ,0.00 ,,,,,,,0.00 ,,,,,,,,,,,,,,,,,,,,,,,,,,,,,,,,,,,,,,,,,,,,,,,,,,,,,,,
,,,,,,,批量精装设计管理,,,,,1304150.00 ,,,,,,,,,,,,,,1304150.00 ,项目管理中心,1.00 ,完成方案设计并经甲方书面确认后15个工作日内请款，次月30日前付款,0.30 ,391245.00 ,391245.00 ,产值确认单,44876.00 ,391245.00 ,44876.00 ,391245.00 ,44876.00 ,391245.00 ,44907.00 ,,,,,,,,,,,,,,,,,,,,,,,,,391245.00 ,,,,,,,,,,,,,,391245.00 ,,,,,,,,,,,,,,,
,,,,,,,,,,,,,,,,,,,,,,,,,,,,2.00 ,完成施工图设计并经甲方书面确认后15个工作日内请款，次月30日前付款,0.30 ,391245.00 ,391245.00 ,产值确认单,45170.00 ,391245.00 ,45154.00 ,391245.00 ,45170.00 ,391245.00 ,45194.00 ,,,,,,,,,,,,,,,,,,,,,,,,,391245.00 ,,,,,,,,,,,,,,391245.00 ,,,,,,,,,,,,,,,
,,,,,,,,,,,,,,,,,,,,,,,,,,,,3.00 ,完成全部施工图工作及样板间施工配合并经甲方书面确认后15个工作日内请款，次月30日前付款,0.30 ,391245.00 ,391245.00 ,产值确认单,45267.00 ,391245.00 ,45267.00 ,391245.00 ,45293.00 ,391245.00 ,45308.00 ,,,,,,,,,,,,,,,,,,,,,,,,,391245.00 ,,,,,,,,,,,,,,391245.00 ,,,,,,,,,,,,,,,
,,,,,,,,,,,,,,,,,,,,,,,,,,,,4.00 ,工程通过竣工验收，设计人按照本合同设计内容和设计人责任的约定，完成此专项全部设计、配合、现场服务配合工作后请款，次月30日前付款,0.10 ,130415.00 ,0.00 ,,,,,,,0.00 ,,,,,,,,,,,,,,,,,,,,,,,,,,,,,,,,,,,,,,,,,,,,,,,,,,,,,,,
,,,,,,,售楼处精装设计管理,,,,,,,,,,,,,,,,,,,0.00 ,项目管理中心,1.00 ,完成概念方案设计并经甲方书面确认后15个工作日内请款，次月30日前付款,0.30 ,,0.00 ,,,,,,,0.00 ,,,,,,,,,,,,,,,,,,,,,,,,,,,,,,,,,,,,,,,,,,,,,,,,,,,,,,,
,,,,,,,,,,,,,,,,,,,,,,,,,,,,2.00 ,完成扩初方案设计并经甲方书面确认后15个工作日内请款，次月30日前付款,0.30 ,,0.00 ,,,,,,,0.00 ,,,,,,,,,,,,,,,,,,,,,,,,,,,,,,,,,,,,,,,,,,,,,,,,,,,,,,,
,,,,,,,,,,,,,,,,,,,,,,,,,,,,3.00 ,完成全部施工图工作并经甲方书面确认后15个工作日内请款，次月30日前付款,0.30 ,,0.00 ,,,,,,,0.00 ,,,,,,,,,,,,,,,,,,,,,,,,,,,,,,,,,,,,,,,,,,,,,,,,,,,,,,,
,,,,,,,,,,,,,,,,,,,,,,,,,,,,4.00 ,工程通过竣工验收，设计人按照本合同设计内容和设计人责任的约定，完成此专项全部设计、配合、现场服务配合工作后请款，次月30日前付款,0.10 ,,0.00 ,,,,,,,0.00 ,,,,,,,,,,,,,,,,,,,,,,,,,,,,,,,,,,,,,,,,,,,,,,,,,,,,,,,
,,,,,,,售楼处研发方案,,,,,,,,,,,,,,,,,,,,,,,,,,,,,,,,,,,,,,,,,,,,,,,,,,,,,,,,,,,,,,,,,,,,,,,,,,,,,,,,,,,,,,,
,,,,,,,,,,,,,,,,,,,,,,,,,,,,,,,,,,,,,,,,,,,,,,,,,,,,,,,,,,,,,,,,,,,,,,,,,,,,,,,,,,,,,,,,,,,,,,
,,,,,,,,,,,,,,,,,,,,,,,,,,,,,,,,,,,,,,,,,,,,,,,,,,,,,,,,,,,,,,,,,,,,,,,,,,,,,,,,,,,,,,,,,,,,,,
,,,,,,,泛光照明,,,项,,130000.00 ,,,,,,,,,,,,,,,,1.00 ,本项价格明确、提交此专项工作方案并在甲方均审核通过后15个工作日内请款，次月30日内付款（至泛光照明专项的20%）,0.20 ,26000.00 ,26000.00 ,产值确认单,44876.00 ,26000.00 ,44876.00 ,26000.00 ,44876.00 ,26000.00 ,44907.00 ,,,,,,,,,,,,,,,,,,,,,,,,,26000.00 ,,,,,,,,,,,,,,26000.00 ,,,,,,,,,,,,,,,
,,,,,,,,,,,,,,,,,,,,,,,,,,130000.00 ,项目管理中心,2.00 ,乙方完成泛光照明施工图设计工作，经相关机构审查通过且甲方收到本项目业主方（苏州京发房地产开发有限公司）相应款项后15个工作日内请款，次月30日内甲方向乙方支付合同额的60％；,0.60 ,78000.00 ,78000.00 ,产值确认单,44909.00 ,78000.00 ,44909.00 ,78000.00 ,45054.00 ,78000.00 ,45097.00 ,,从项管补创二苏州深度可研产值30万元，成本记项管,,,,,,,,,,,,,78000.00 ,,,,,,,,,,,,,,78000.00 ,,,,,,,,,,,,,,,,,,,,,,,,,
,,,,,,,,,,,,,,,,,,,,,,,,,,,,3.00 ,整体项目竣工验收完成且甲方收到本项目业主方（苏州京发房地产开发有限公司）相应款项后15个工作日内请款，次月30日内甲方向乙方支付合同额的20％。,0.20 ,26000.00 ,,,,,,,,,,,,,,,,,,,,,,,,,,,,,,,,,,,,,,,,,,,,,,,,135000.00 ,,,,,,,,,,,,,,,
,,,,,,,节能优化,,,地上建筑面积,,225000.00 ,,,,,,,,,,,,,,,,1.00 ,本项价格明确、提交此专项工作方案并在甲方均审核通过后15个工作日内请款，次月30日内付款（至节能优化专项的20%）,0.20 ,45000.00 ,45000.00 ,产值确认单,44876.00 ,45000.00 ,44876.00 ,45000.00 ,44876.00 ,45000.00 ,44907.00 ,,,,,,,,,,,,,,,,,,,,,,,,,45000.00 ,,,,,,,,,,,,,,45000.00 ,,,,,,,,,,,,,,,
,,,,,,,,,,,,,,,,,,,,,,,,,,225000.00 ,项目管理中心,2.00 ,"完成节能优化工作并通过政府相关部门审查、建设单位审查及施工图审查机构的审查后,且甲方收到本项目业主方（苏州京发房地产开发有限公司）相应款项后后15个工作日内请款，次月30日内付款",0.60 ,135000.00 ,135000.00 ,产值确认单,44909.00 ,135000.00 ,44909.00 ,135000.00 ,45054.00 ,135000.00 ,45097.00 ,,,,,,,,,,,,,,,135000.00 ,,,,,,,,,,,,,,135000.00 ,,,,,,,,,,,,,,,,,,,,,,,,,
,,,,,,,,,,,,,,,,,,,,,,,,,,,,3.00 ,乙方完成现场服务工作且整体项目竣工验收完成且甲方收到本项目业主方（苏州京发房地产开发有限公司）相应款项后15个工作日内请款，次月30日内付款,0.20 ,45000.00 ,,,,,,,,,,,,,,,,,,,,,,,,,,,,,,,,,,,,,,,,,,,,,,,,,,,,,,,,,,,,,,,
,,,,,,,门窗栏杆幕墙等外立面设计,,,项,,100000.00 ,,,,,,,,,,,,,,,,1.00 ,本项价格明确、提交此专项工作方案并在甲方均审核通过后15个工作日内请款，次月30日内付款（至门窗栏杆幕墙等外立面设计专项的20%）,0.20 ,20000.00 ,20000.00 ,产值确认单,44876.00 ,20000.00 ,44876.00 ,20000.00 ,44876.00 ,20000.00 ,44907.00 ,,,,,,,,,,,,,,,,,,,,,,,,,20000.00 ,,,,,,,,,,,,,,20000.00 ,,,,,,,,,,,,,,,
,,,,,,,,,,,,,,,,,,,,,,,,,,100000.00 ,项目管理中心,2.00 ,乙方完成此专项工作施工图设计文件，经本项目业主方（苏州京发房地产开发有限公司）确认，且甲方收到本项目业主方（苏州京发房地产开发有限公司）相应款项后15个工作日内请款，次月30日内甲方向乙方支付合同额的60％；,0.60 ,60000.00 ,60000.00 ,产值确认单,44909.00 ,60000.00 ,44909.00 ,60000.00 ,45054.00 ,60000.00 ,45097.00 ,,,,,,,,,,,,,,,60000.00 ,,,,,,,,,,,,,,60000.00 ,,,,,,,,,,,,,,,,,,,,,,,,,
,,,,,,,,,,,,,,,,,,,,,,,,,,,,3.00 ,苏地2022-WG-8号地块项目整体竣工验收完成且甲方收到本项目业主方（苏州京发房地产开发有限公司）相应款项后15个工作日内请款，次月30日内甲方向乙方支付合同额的20％。,0.20 ,20000.00 ,,,,,,,,,,,,,,,,,,,,,,,,,,,,,,,,,,,,,,,,,,,,,,,,,,,,,,,,,,,,,,,
,,,,,,,标识标牌,,,项,,42800.00 ,,,,,,,,,,,,,,,,1.00 ,完成标准化设计提交设计图纸并经甲方深化图通过且甲方收到本项目业主方相应款项后15个工作日内付款,0.80 ,34240.00 ,34240.00 ,产值确认单,45052.00 ,34240.00 ,45052.00 ,34240.00 ,45054.00 ,34240.00 ,45097.00 ,,,,,,,,,,,,,,,,,,,,,,,,,34240.00 ,,,,,,,,,,,,,,34240.00 ,,,,,,,,,,,,,,,
,,,,,,,,,,,,,,,,,,,,,,,,,,42800.00 ,项目管理中心,2.00 ,完成楼标识设计提交设计图纸并经甲方审核通过且甲方收到本项目业主方相应款项后15个工作日内付款,0.20 ,8560.00 ,,,,,,,,8560.00 ,,,,,,,,,,,,,,,,,,,,,,,,,,8560.00 ,,,,,,,,,,,,,,8560.00 ,,,8560.00 ,0.00 ,,,,,,,,,,,
,,,,,,,智能化设计,,,项,,130000.00 ,,,,,,,,,,,,,,,,1.00 ,本项价格明确、提交此专项工作方案并在甲方均审核通过后15个工作日内请款，次月30日内付款（至智能化专项的20%）,0.20 ,26000.00 ,26000.00 ,产值确认单,44876.00 ,26000.00 ,44876.00 ,26000.00 ,44876.00 ,26000.00 ,44907.00 ,,,,,,,,,,,,,,,,,,,,,,,,,26000.00 ,,,,,,,,,,,,,,26000.00 ,,,,,,,,,,,,,,,
,,,,,,,,,,,,,,,,,,,,,,,,,,130000.00 ,项目管理中心,2.00 ,乙方完成此专项设计顾问服务工作，经相关机构审查通过，且甲方收到本项目业主方（苏州京发房地产开发有限公司）相应款项后15个工作日内请款，次月30日内甲方向乙方支付合同额的60％；,0.60 ,78000.00 ,78000.00 ,产值确认单,44909.00 ,78000.00 ,44909.00 ,78000.00 ,45054.00 ,78000.00 ,45097.00 ,,,,,,,,,,,,,,,27000.00 ,,,,,,,,,,51000.00 ,,,,27000.00 ,,,,,,,,,,51000.00 ,,,,,,,,,,,,,,,
,,,,,,,,,,,,,,,,,,,,,,,,,,,,3.00 ,整体工程竣工验收完成后办理结算，自甲方收到本项目业主方（苏州京发房地产开发有限公司）相应款项后15个工作日内请款，次月30日内甲方向乙方支付合同额的20％。,0.20 ,26000.00 ,,,,,,,,,,,,,,,,,,,,,,,,,,,,,,,,,,,,,,,,,,,,,,,,,,,,,,,,,,,,,,,
,,,,,,,其他,,,,,346091.89 ,,,,,,,,,,,,,,346091.89 ,,,,,,,,,,,,,,,,,,,,,,,,,,,,,,,,,,,,,,,,,,,,,,,,,,,,,,,,,,,,,,,,,,,,
,,,,,,,地库划线,,,项,,,,,,,,,,,,,,,,,,,,,,,,,,,,,,,,,,,,,,,,,,,,,,,,,,,,,,,,,,,,,,,,,,,,,,,,,,,,,,,,,,,,
,,,,,,,,,,,,,,,,,,,,,,,,,,0.00 ,项目管理中心,,,,,,,,,,,,,,,,,,,,,,,,,,,,,,,,,,,,,,,,,,,,,,,,,,,,,,,,,,,,,,,,,,,
,,,,,,,,,,,,,,,,,,,,,,,,,,,,,,,,,,,,,,,,,,,,,,,,,,,,,,,,,,,,,,,,,,,,,,,,,,,,,,,,,,,,,,,,,,,,,,
,华东,45118.00 ,苏州车坊项目（苏州星樾湖滨）,,苏州工业园区2022-WG-8号地块（DK20210160）中铁建华东区域创新型销售中心方案设计研发合同,CRCCRE-SJ-XM-2023-021,创新型销售中心方案设计研发,,苏州京发房地产开发有限公司,/,一口价20万元,200000.00 ,,,,,,,,,,,,,,200000.00 ,,1.00 ,本合同签订后30个工作日内，甲方支付合同总额的20%,0.20 ,40000.00 ,40000.00 ,产值确认单,45170.00 ,40000.00 ,45168.00 ,40000.00 ,45170.00 ,40000.00 ,45245.00 ,,,,,,,,,,,,,,,,,,,,,,,,,40000.00 ,,,,,,,,,,,,,,40000.00 ,,,,,,,,,,,,,,,
,,,,,,,,,,,,,,,,,,,,,,,,,,,,2.00 ,乙方完成 概念设计 ，得到甲方确认后30个工作日内，甲方支付研发服务费用总额的30%,0.30 ,60000.00 ,60000.00 ,产值确认单,45170.00 ,60000.00 ,45168.00 ,60000.00 ,45170.00 ,60000.00 ,45245.00 ,,,,,,,,,,,,,,,,,,,,,,,,,60000.00 ,,,,,,,,,,,,,,60000.00 ,,,,,,,,,,,,,,,
,,,,,,,,,,,,,,,,,,,,,,,,,,,,3.00 ,乙方完成 方案设计 ，得到甲方确认并配合甲方完成结题汇报后30个工作日内，甲方支付研发服务费用总额的50%,0.50 ,100000.00 ,100000.00 ,产值确认单,45653.00 ,,,,,100000.00 ,,,,,,,,,,,,,,,,,,,,,,,,,,100000.00 ,,,,,,,,,,,,,,100000.00 ,,,100000.00 ,0.00 ,,,,,,,,,,,
,华东,44844.00 ,上海泗泾08-01项目（中国铁建·星樾云栖）,CRCCRE-DC-XM-2022-011,"新建松江区泗泾镇SJSB0003单元08-01号地块商品住宅项目
建设工程委托设计管理服务合同",CRCCRE-SJ-XM-2022-030,建筑方案设计+BIM建模及BIM全过程咨询+设计优化咨询+管理,,上海京淼鑫房地产有限公司,121099.00 ,,16307902.40 ,,,316819.85 ,1193402.43 ,,,,668305.65 ,1755935.50 ,,,,,12373438.97 ,项目管理中心,1.00 ,取得方案批复后15个工作日内请款，次月30日前付款,0.10 ,1630790.24 ,13046321.92 ,产值确认单,44835.00 ,13046321.92 ,44835.00 ,13046321.92 ,44860.00 ,11306000.00 ,44865.00 ,0.00 ,,,,,,,,,,,,,285137.86 ,1074062.19 ,,,,631749.84 ,1229154.91 ,,,,,9826217.12 ,,,285137.86 ,1074062.19 ,,,,631749.84 ,1229154.91 ,,,,,8085895.20 ,,,,,,,,,,,,,,,
,,,,,,,,,,,,,,,,,,,,,,,,,,,,2.00 ,取得审图合格证后15个工作日内请款，次月30日前付款,0.40 ,6523160.96 ,,,,,,,,,,,,,,,,,,,,,,,,,,,,,,,,,,,,,,,,,,,,,,,,,,,,,,,,,,,,,,,
,,,,,,,,,,,,,,,,,,,,,,,,,,,,3.00 ,完成精装、景观示范区方案汇报文本后15个工作日内请款，次月30日前付款,0.15 ,2446185.36 ,,,,,,,,,,,,,,,,,,,,,,,,,,,,,,,,,,,,,,,,,,,,,,,,,,,,,,,,,,,,,,,
,,,,,,,,,,,,,,,,,,,,,,,,,,,,4.00 ,完成施工图联合校审（BIM组、咨询组出具修改、优化意见，完成修改）后15个工作日内请款，次月30日前付款,0.15 ,2446185.36 ,,,,,,,,,,,,,,,,,,,,,,,,,,,,,,,,,,,,,,,,,,,,,,,,,,,,,,,,,,,,,,,
,,,,,,,,,,,,,,,,,,,,,,,,,,,,,,,,,,,,,,,1740321.92 ,45279.00 ,,,,,,,,,,,,,,,,,,,,,,,,,,,,,,,,,,,,,,,1740321.92 ,,,,,,,,,,,,,,,
,,,,,,,,,,,,,,,,,,,,,,,,,,,,5.00 ,全部结构封顶后15个工作日内请款，次月30日前付款,0.10 ,1630790.24 ,1630790.24 ,产值确认单,45250.00 ,1630790.24 ,45250.00 ,1630790.24 ,45250.00 ,1630790.24 ,45457.00 ,,,,,,,,,,,,,,,,,,,,34900.00 ,,,,,1595890.24 ,,,,,,,,,34900.00 ,,,,,1595890.24 ,,,,,,,,,,,,,,,
,,,,,,,,,,,,,,,,,,,,,,,,,,,,6.00 ,项目竣工验收后15个工作日内请款，次月30日前付款,0.10 ,1630790.24 ,1630790.24 ,产值确认单,45418.00 ,1630790.24 ,45418.00 ,1630790.24 ,45420.00 ,1630790.24 ,45988.00 ,,,一期计划首次交付时间：23.12.28,,,,,,,,,,,1586.39 ,28333.05 ,,,,13601.11 ,175593.55 ,,,,,1411676.14 ,,,1586.39 ,28333.05 ,,,,13601.11 ,175593.55 ,,,,,1411676.14 ,,,1630790.24 ,0.00 ,,,,,,,,,,,
,,,,,,,,,,,,,,,,,,,,,,,,,,,,,,,,-869466.76 ,产值确认单,45945.00 ,-869466.76 ,45945.00 ,-869466.76 ,45945.00 ,-869466.76 ,45988.00 ,,,,,,,,,,,,,,,,,,,,,,,,,-869466.76 ,,,,,,,,,,,,,,-869466.76 ,,,,,,,,,,,,,,,
,华东,44844.00 ,上海泗泾01-02项目（中国铁建·花语天境）,CRCCRE-DC-XM-2022-012,新建松江区泗泾镇SJSB0003单元01-02号地块商品住宅项目建设工程委托设计管理服务合同,CRCCRE-SJ-XM-2022-027,建筑方案设计+BIM建模及BIM全过程咨询+设计优化咨询+精装设计，精装修图纸送审的配合工作(包括图框使用、图纸审查等)+管理,,上海京沐鑫房地产有限公司,146010.00 ,,18664509.10 ,,,2753748.60 ,,,,,867299.40 ,2117145.00 ,,,1410114.10 ,,11516202.00 ,项目管理中心,1.00 ,取得方案批复后15个工作日内请款，次月30日前付款,0.10 ,1866450.91 ,14931607.28 ,产值确认单,44835.00 ,14931607.28 ,44835.00 ,14931607.28 ,44860.00 ,13272000.00 ,44865.00 ,1659607.28 ,,,,,,,,,,,,,2478373.74 ,,,,,817071.96 ,1482001.50 ,,,,,9449103.03 ,,,2478373.74 ,,,,,817071.96 ,1482001.50 ,,,705057.05 ,,7789495.75 ,,,,,,,,,,,,,,,
,,,,,,,,,,,,,,,,,,,,,,,,,,,,2.00 ,取得审图合格证后15个工作日内请款，次月30日前付款,0.40 ,7465803.64 ,,,,,,,,,,,,,,,,,,,,,,,,,,,,,,,,,,,,,,,,,,,,,,,,,,,,,,,,,,,,,,,
,,,,,,,,,,,,,,,,,,,,,,,,,,,,3.00 ,完成精装、景观示范区方案汇报文本后15个工作日内请款，次月30日前付款,0.15 ,2799676.37 ,,,,,,,,,,,,,,,,,,,,,,,,,,,,,,,,705057.05 ,,,,,,,,,,,,,,,,,,,,,,,,,,,,,,,
,,,,,,,,,,,,,,,,,,,,,,,,,,,,4.00 ,完成施工图联合校审（BIM组、咨询组出具修改、优化意见，完成修改）后15个工作日内请款，次月30日前付款,0.15 ,2799676.37 ,,,,,,,,,,,,,,,,,,,,,,,,,,,,,,,,,,,,,,,,,,,,,,,,,,,,,,,,,,,,,,,
,,,,,,,,,,,,,,,,,,,,,,,,,,,,,,,,,,,,,,,1659607.28 ,45225.00 ,,,,,,,,,,,,,,,,,,,,,,,,,,,,,,,,,,,,,,,1659607.28 ,,,,,,,,,,,,,,,
,,,,,,,,,,,,,,,,,,,,,,,,,,,,5.00 ,全部结构封顶后15个工作日内请款，次月30日前付款,0.10 ,1866450.91 ,1866450.91 ,产值确认单,45255.00 ,1866450.91 ,45255.00 ,1866450.91 ,45257.00 ,1866450.91 ,45317.00 ,,,,,,,,,,,,,,,,,,,,211900.00 ,,,,,1654550.91 ,,,,,,,,,211900.00 ,,,,,1654550.91 ,,,,,,,,,,,,,,,
,,,,,,,,,,,,,,,,,,,,,,,,,,,,6.00 ,项目竣工验收后15个工作日内请款，次月30日前付款,0.10 ,1866450.91 ,1866450.91 ,产值确认单,45407.00 ,1728763.48 ,45407.00 ,1728763.48 ,45408.00 ,,,,,一期计划首次交付时间：23.12.28,,,,,,,,,,,137687.43 ,,,,,43364.97 ,211900.00 ,,,82045.73 ,,1391452.78 ,,,,,,,,,,,,,,,,,,,,,,,,,,,,,
,华东,44867.00 ,上海松江中山街道C07-01地块项目（中国铁建·星樾云涧）,CRCCRE-DC-XM-2022-013,松江区中山街道新城主城C单元C07-01地块商品房项目建设工程委托设计管理服务合同,CRCCRE-SJ-XM-2022-039,立面设计+管理,,上海京泽鑫房地产开发有限公司,138403.00 ,立面设计8.67+设计管理125.36,18550000.00 ,,,300000.00 ,,,,,,,,,,,18250000.00 ,项目管理中心,1.00 ,取得政府规划部门对设计方案的批复后15个工作日内请款，次月30日前付款,0.10 ,1855000.00 ,14840000.00 ,产值确认单,44908.00 ,14840000.00 ,44908.00 ,14840000.00 ,44909.00 ,14840000.00 ,44944.00 ,,,,,,,,,,,,,,300000.00 ,,,,,,,,,,,14540000.00 ,,,300000.00 ,,,,,,,,,,,14540000.00 ,,,,,,,,,,,,,,,
,,,,,,,,,,,,,,,,,,,,,,,,,,,,2.00 ,取得施工图审查机构的审图合格证后15个工作日内请款，次月30日前付款,0.40 ,7420000.00 ,,,,,,,,,,,,,,,,,,,,,,,,,,,,,,,,,,,,,,,,,,,,,,,,,,,,,,,,,,,,,,,
,,,,,,,,,,,,,,,,,,,,,,,,,,,,3.00 ,完成精装、景观示范区方案汇报文本后15个工作日内请款，次月30日前付款,0.15 ,2782500.00 ,,,,,,,,,,,,,,,,,,,,,,,,,,,,,,,,,,,,,,,,,,,,,,,,,,,,,,,,,,,,,,,
,,,,,,,,,,,,,,,,,,,,,,,,,,,,4.00 ,完成施工图联合校审（BIM组、咨询组出具修改、优化意见，完成修改）后15个工作日内请款，次月30日前付款,0.15 ,2782500.00 ,,,,,,,,,,,,,,,,,,,,,,,,,,,,,,,,,,,,,,,,,,,,,,,,,,,,,,,,,,,,,,,
,,,,,,,,,,,,,,,,,,,,,,,,,,,,5.00 ,全部结构封顶后15个工作日内请款，次月30日前付款,0.10 ,1855000.00 ,1855000.00 ,产值确认单,45275.00 ,1855000.00 ,45275.00 ,1789625.80 ,45849.00 ,1789625.80 ,45868.00 ,,,,,,,,,,,,,,,,,,,,,,,,,1855000.00 ,,,,,,,,,,,,,,1789625.80 ,,,,1789625.80 ,,,,,,,,,,,
,,,,,,,,,,,,,,,,,,,,,,,,,,,,6.00 ,项目竣工验收后15个工作日内请款，次月30日前付款,0.10 ,1855000.00 ,656052.40 ,产值确认单,45650.00 ,656052.40 ,45650.00 ,,,0.00 ,,,,,,,,,,,,,,,,,,,,,,,,,,656052.40 ,,,,,,,,,,,,,,,,,,,,,,,,,,,,,
,,,,,,,,,,,,,,,,,,,,,,,,,,,,,,,,-721426.60 ,产值确认单,45848.00 ,-721426.60 ,45848.00 ,,,0.00 ,,,,一期计划首次交付时间：23.12.28,,,,,,,,,,,,,,,,,,,,,,-721426.60 ,,,,,,,,,,,,,,,,,,,,,,,,,,,,,
,华东,45176.00 ,上海奉贤区西渡街道D-01-11区域地块项目（中国铁建熙语）,CRCCRE-DC-XM-2023-004,奉贤区西渡街道D-01-11区域地块项目委托设计管理服务合同,CRCCRE-SJ-XM-2023-027,建筑方案设计、建筑施工图设计、景观设计、精装设计、BIM技术应用、施工图优化咨询、专项设计（基坑支护、人防设计、海绵城市、绿色建筑、智能化设计、门窗栏杆幕墙等外立面设计、综合图及产品手册、标识设计等）,,上海京泓润房地产开发有限公司,"180674.52
（其中地上123281.20，地下57393.32）",,22932039.97 ,,,4468704.87 ,,,,,994257.35 ,2897959.34 ,,,,,14571118.41 ,"创作一室：1512173.5
项目管理中心",1.00 ,取得方案批复后15个工作日内请款，次月30日前付款,0.10 ,2293204.00 ,14905825.98 ,产值确认单,45187.00 ,14905825.98 ,45187.00 ,14905825.98 ,45230.00 ,14905825.98 ,45250.00 ,,,,,,,,,,,,,,4021834.39 ,,,,,668988.46 ,1448979.67 ,,,,,8766023.46 ,,,4021834.39 ,,,,,668988.46 ,1448979.67 ,,,,,8766023.46 ,,,,,,,,,,,,,,,
,,,,,,,,,,,,,,,,,,,,,,,,,,,,2.00 ,取得审图合格证后15个工作日内请款，次月30日前付款,0.40 ,9172815.99 ,,,,,,,,,,,,,,,,,,,,,,,,,,,,,,,,,,,,,,,,,,,,,,,,,,,,,,,,,,,,,,,
,,,,,,,,,,,,,,,,,,,,,,,,,,,,3.00 ,完成精装、景观示范区方案汇报文本后15个工作日内请款，次月30日前付款,0.15 ,3439806.00 ,,,,,,,,,,,,,,,,,,,,,,,,,,,,,,,,,,,,,,,,,,,,,,,,,,,,,,,,,,,,,,,
,,,,,,,,,,,,,,,,,,,,,,,,,,,,4.00 ,完成施工图联合校审（BIM组、咨询组出具修改、优化意见，完成修改）后15个工作日内请款，次月30日前付款,0.15 ,3439806.00 ,3439806.00 ,产值确认单,45239.00 ,3439806.00 ,45239.00 ,3439806.00 ,45441.00 ,3439806.00 ,45469.00 ,,,,,,,,,,,,,,,,,,,135505.89 ,434693.90 ,,,,,2869606.21 ,,,,,,,,135505.89 ,434693.90 ,,,,,2869606.21 ,,,,,,,,,,,,,,,
,,,,,,,,,,,,,,,,,,,,,,,,,,,,5.00 ,全部结构封顶后15个工作日内请款，次月30日前付款,0.10 ,2293204.00 ,200000.00 ,产值确认单,45280.00 ,200000.00 ,45280.00 ,200000.00 ,45845.00 ,200000.00 ,45868.00 ,,,,,,,,,,,,,,,,,,,,,,200000.00 ,,,,,,,,,,,,,,200000.00 ,,,,,,,,,,,,,,,,,,
,,,,,,,,,,,,,,,,,,,,,,,,,,,,,,,,2093204.00 ,产值确认单,45646.00 ,2093204.00 ,45646.00 ,2093204.00 ,45845.00 ,2093204.00 ,45868.00 ,,,,,,,,,,,,,,182398.93 ,,,,,122393.32 ,139611.24 ,,,,,1648800.51 ,,,182398.93 ,,,,,122393.32 ,139611.24 ,,,,,1648800.51 ,,,,,,,,,,,,,,,
,,,,,,,,,,,,,,,,,,,,,,,,,,,,6.00 ,项目竣工验收后15个工作日内请款，次月30日前付款,0.10 ,2293204.00 ,2293204.00 ,预估,46203.00 ,,,,,0.00 ,,,,,,,,,,,,,,,221275.44 ,,,,,102987.52 ,224809.43 ,,,,,1744131.61 ,,,,,,,,,,,,,,,,,,,,,,,,,,,,,
,华东,45251.00 ,上海闵行区华漕镇项目（花语前湾）,CRCCRE-DC-XM-2023-014,闵行区华漕镇MHPO-1402单元16-05、17-04地块项目委托设计管理服务合同,CRCCRE-SJ-XM-2023-062,设计总包,,上海京闵房地产有限公司,230558.13（地上160518.84，地下70039.29）,自揽部分：方案（含地库）20.23元/平米；BIM（全过程+地上地下建模及管综优化+园区小市政+多维方案汇报）12.35元/平米；施工图优化咨询3.5元/平米,28510000.00 ,,,4356445.28 ,,,,,1085879.04 ,2846697.56 ,,,,,20220978.12 ,"创作一室：2478713.74
项目管理中心",1.00 ,取得方案批复后15个工作日内请款，次月30日前付款,"支付至暂估
合同额的10%",2851000.00 ,21078522.80 ,产值确认单,45261.00 ,21078522.80 ,45261.00 ,21078522.80 ,45252.00 ,21078522.80 ,45257.00 ,,,,,,,,,,,,,,3920800.75 ,,,,,1017235.33 ,1972761.41 ,,,,,14167725.31 ,,,3920800.75 ,,,,,1017235.33 ,1972761.41 ,,,,,14167725.31 ,,,,,,,,,,,,,,,
,,,,,,,,,,,,,,,,,,,,,,,,,,,,2.00 ,取得审图合格证后15个工作日内请款，次月30日前付款,"支付至暂估
合同额的50%",11404000.00 ,,,,,,,,,,,,,,,,,,,,,,,,,,,,,,,,,,,,,,,,,,,,,,,,,,,,,,,,,,,,,,,
,,,,,,,,,,,,,,,,,,,,,,,,,,,,3.00 ,完成精装、景观示范区方案汇报文本后15个工作日内请款，次月30日前付款,"支付至暂估
合同额的65%",4276500.00 ,,,,,,,,,,,,,,,,,,,,,,,,,,,,,,,,,,,,,,,,,,,,,,,,,,,,,,,,,,,,,,,
,,,,,,,,,,,,,,,,,,,,,,,,,,,,4.00 ,完成施工图联合校审（BIM组、咨询组出具修改、优化意见，完成修改）后15个工作日内请款，次月30日前付款,支付至暂估合同额的80%,4276500.00 ,,,,,,,,,,,,,,,,,,,,,,,,,,,,,,,,,,,,,,,,,,,,,,,,,,,,,,,,,,,,,,,
,,,,,,,,,,,,,,,,,,,,,,,,,,,,,,,,1729477.20 ,产值确认单,45275.00 ,1729477.20 ,45275.00 ,1729477.20 ,45365.00 ,1729477.20 ,45470.00 ,,,,,,,,,,,,,,,,,,,,,,,,,1729477.20 ,,,,,,,,,,,,,,1729477.20 ,,,,,,,,,,,,,,,
,,,,,,,,,,,,,,,,,,,,,,,,,,,,5.00 ,全部结构封顶后15个工作日内请款，次月30日前付款,"支付至暂估
合同额的90%",2851000.00 ,2851000.00 ,产值确认单,45593.00 ,2851000.00 ,45593.00 ,2851000.00 ,45593.00 ,2851000.00 ,45624.00 ,,,,,,,,,,,,,,,,,,,,563646.12 ,,,,,2287353.88 ,,,,,,,,,563646.12 ,,,,,2287353.88 ,,,,,,,,,,,,,,,
,,,,,,,,,,,,,,,,,,,,,,,,,,,,6.00 ,项目竣工验收后15个工作日内请款，次月30日前付款,"支付至合同
结算金额的100%",2851000.00 ,1425500.00 ,预估,,,,,,,,,西地块24年竣工，面积约12.9万平米,,,,,,,,,,,,131681.92 ,,,,,-10965.70 ,140911.53 ,,,,,1163872.26 ,,,,,,,,,,,,,,,,,,,,,,,,,,,,,
,,,,,,,,,,,,,,,,,,,,,,,,,,,,,,,,1425500.00 ,预估,,,,,,,,,,,,,,,,,,,,,131681.92 ,,,,,-10965.70 ,140911.53 ,,,,,1163872.26 ,,,,,,,,,,,,,,,,,,,,,,,,,,,,,
,外部,45940.00 ,内蒙古国际会议中心项目,CRCCRE-DC-XM-2025-009,钢结构深化设计合同,CRCCRE-SJ-BIM-2025-005,BIM智慧建造,NMG-TPSH-01,北京城建精工钢结构工程有限公司,钢结构总量1100吨,135元/吨,148500.00 ,,,,,,,,,,,,,,,,1.00 ,合同生效之日起3日内支付乙方暂定深化设计费的预付款,0.25 ,37125.00 ,37125.00 ,预估,46203.00 ,,,,,,,,,,,,,,,,,,,,,,,,,,,37125.00 ,,,,,,,,,,,,,,,,,,,,,,,,,,,,,,,,,
,,,,,,,,,,,,,,,,,,,,,,,,,,,,2.00 ,乙方交付第一批次图之后支付暂定深化设计费的25%,0.25 ,37125.00 ,0.00 ,,,,,,,,,,,,,,,,,,,,,,,,,,,,,,,,,,,,,,,,,,,,,,,,,,,,,,,,,,,,,,
,,,,,,,,,,,,,,,,,,,,,,,,,,,,3.00 ,乙方交付第二批次图之后支付暂定深化设计费的25%,0.25 ,37125.00 ,0.00 ,,,,,,,,,,,,,,,,,,,,,,,,,,,,,,,,,,,,,,,,,,,,,,,,,,,,,,,,,,,,,,
,,,,,,,,,,,,,,,,,,,,,,,,,,,,4.00 ,乙方交付第三批次图之后支付最终结算的深化设计费的100%,0.25 ,37125.00 ,0.00 ,,,,,,,,,,,,,,,,,,,,,,,,,,,,,,,,,,,,,,,,,,,,,,,,,,,,,,,,,,,,,,
,华东,45849.00 ,上海松江新城C03A-04地块项目,CRCCRE-DC-XM-2025-007,上海市松江区中山街道C03A-04地块项目委托设计管理服务合同,CRCCRE-SJ-XM-2025-018,设计总包,CRCCRE-HD-SHJJ-ZS-QQ-2025-005,上海京涧房地产有限公司,150392（地上102392，地下48000）,自揽部分（BIM地下管综，6元/㎡）,19001085.24 ,,,,,,,,,288000.00 ,,,,,18713085.24 ,项管,1.00 ,取得方案批复后15个工作日内请款，次月30日前付款,"支付至暂估
合同额的10%",1900108.52 ,1900108.52 ,产值确认单,45884.00 ,1900108.52 ,45884.00 ,1900108.52 ,45887.00 ,1900108.52 ,45896.00 ,0.00 ,,,,,,,,,,,,,,,,,,,,,,,,1900108.52 ,,,,,,,,,,,,,,1900108.52 ,,,,,,,,,,,,,,,
,,,,,,,,,,,,,,,,,,,,,,,,,,,,2.00 ,取得审图合格证后15个工作日内请款，次月30日前付款,"支付至暂估
合同额的50%",7600434.10 ,7600434.10 ,产值确认单,45884.00 ,7600434.10 ,45884.00 ,7600434.10 ,45887.00 ,7600434.10 ,45896.00 ,0.00 ,,,,,,,,,,,,,,,,,,,,,,,,7600434.10 ,,,,,,,,,,,,,,7600434.10 ,,,,,,,,,,,,,,,
,,,,,,,,,,,,,,,,,,,,,,,,,,,,3.00 ,完成精装、景观示范区方案汇报文本后15个工作日内请款，次月30日前付款,"支付至暂估
合同额的65%",2850162.79 ,2850162.79 ,产值确认单,45884.00 ,2850162.79 ,45884.00 ,2850162.79 ,45887.00 ,2850162.79 ,45896.00 ,0.00 ,,,,,,,,,,,,,,,,,,,144000.00 ,,,,,2706162.79 ,,,,,,,,,144000.00 ,,,,,2706162.79 ,,,,,,,,,,,,,,,
,,,,,,,,,,,,,,,,,,,,,,,,,,,,4.00 ,完成施工图联合校审（BIM组、咨询组出具修改、优化意见，完成修改）后15个工作日内请款，次月30日前付款,支付至暂估合同额的80%,2850162.79 ,2850162.79 ,预估,46052.00 ,,,,,2850162.79 ,46052.00 ,,,,,,,,,,,,,,,,,,,,86400.00 ,,,,,2763762.79 ,,,,,,,,,86400.00 ,,,,,2763762.79 ,,,,,,,,,,,,,,,
,,,,,,,,,,,,,,,,,,,,,,,,,,,,5.00 ,全部结构封顶后15个工作日内请款，次月30日前付款,"支付至暂估
合同额的90%",1900108.52 ,,,,,,,,,,,,,,,,,,,,,,,,,,,,,,,,,,,,,,,,,,,,,,,,,,,,,,,,,,,,,,,
,,,,,,,,,,,,,,,,,,,,,,,,,,,,6.00 ,项目竣工验收后15个工作日内请款，次月30日前付款,"支付至合同
结算金额的100%",1900108.52 ,,,,,,,,,,,,,,,,,,,,,,,,,,,,,,,,,,,,,,,,,,,,,,,,,,,,,,,,,,,,,,,
,华东,45503.00 ,上海澄江路项目,,"中国铁建澄江路项目绿色智慧化方案策划咨询服务合同
","CRCCRE-SJ-TOD-2024-001
",TOD,CRCCRE-HD-SHGJ-KT-2024-003,上海广泾建设发展有限公司,/,项目前期策划咨询37.5万元；绿色低碳及智慧化专题方案咨询37.5万元,750000.00 ,,,,,,137500.00 ,,,,,612500.00 ,,,,,1.00 ,完成项目总体定位策划咨询服务并经甲方确认后，项目前期总体定位策划报告相关内容,0.50 ,375000.00 ,375000.00 ,产值确认单,45559.00 ,375000.00 ,45559.00 ,375000.00 ,45562.00 ,375000.00 ,45638.00 ,,,,,,,,,,,,,,,,,43750.00 ,,,,,231250.00 ,,,100000.00 ,,,,,,43750.00 ,,,,,231250.00 ,,,100000.00 ,,,,,,,,,,,,,,,
,,,,,,,,,,,,,,,,,,,,,,,,,,,,2.00 ,协助编制完成智慧化场景和绿色低碳方案，得到甲方确认后，绿色化智慧化方案成果各阶段审核意见报告，及最终方案成果报告,0.50 ,375000.00 ,375000.00 ,产值确认单,45646.00 ,375000.00 ,45646.00 ,37500.00 ,,375000.00 ,45729.00 ,,,,,,,,,,,,,,,,,93750.00 ,,,,,181250.00 ,,,100000.00 ,,,,,,93750.00 ,,,,,181250.00 ,,,100000.00 ,,,,,,,,,,,,,,,
,华东,44519.00 ,苏州WG-50项目(苏州花语澜苑),CRCCRE-DC-XM-2021-026,苏地2021-WG-50号地块项目建设工程委托设计管理服务合同,CRCCRE-SJ-XM-2021-043,方案+管理+BIM,CRCCRE-HD-SZJH-SJ-2021-003,苏州京宏房地产开发有限公司,151831.46 ,,10300000.00 ,,,1475795.00 ,,,,,73555.00 ,350000.00 ,,,,,8400650.00 ,项目管理中心,1.00 ,取得《建设工程规划许可证》后15个工作日内请款，次月30日前付款,0.20 ,2060000.00 ,6180000.00 ,产值确认单,44670.00 ,6180000.00 ,44670.00 ,6180000.00 ,44670.00 ,6180000.00 ,44711.00 ,,,,,,,,,,,,,,1380960.04 ,,,,,17677.86 ,70000.00 ,,,,,4711362.10 ,,,1380960.04 ,,,,,17677.86 ,70000.00 ,,,,,4711362.10 ,,,,,,,,,,,,,,,
,,,,,,,,,,,,,,,,,,,,,,,,,,,,2.00 ,取得审图合格证后15个工作日内请款，次月30日前付款,0.30 ,3090000.00 ,,,,,,,,,,,,,,,,,,,,,,,,,,,,,,,,,,,,,,,,,,,,,,,,,,,,,,,,,,,,,,,
,,,,,,,,,,,,,,,,,,,,,,,,,,,,3.00 ,完成精装、景观示范区方案汇报文本后15个工作日内请款，次月30日前付款,0.10 ,1030000.00 ,,,,,,,,,,,,,,,,,,,,,,,,,,,,,,,,,,,,,,,,,,,,,,,,,,,,,,,,,,,,,,,
,,,,,,,,,,,,,,,,,,,,,,,,,,,,4.00 ,示范区开放，取得首批预售证后15个工作日内请款，次月30日前付款,0.10 ,1030000.00 ,3090000.00 ,产值确认单,44817.00 ,3090000.00 ,44817.00 ,3090000.00 ,44818.00 ,3090000.00 ,44937.00 ,,,,,,,,,,,,,,,,,,,,245000.00 ,,,,,2845000.00 ,,,,,,,,,245000.00 ,,,,,2845000.00 ,,,,,,,,,,,,,,,
,,,,,,,,,,,,,,,,,,,,,,,,,,,,5.00 ,完成大区土建、精装、景观各专业施工图联合校审及现场图纸技术交底，配合成本完成大区土建、精装、景观各专业图纸转固及相关变更后15个工作日内请款，次月30日前付款,0.20 ,2060000.00 ,,,,,,,,,,,,,,,,,,,,,,,,,,,,,,,,,,,,,,,,,,,,,,,,,,,,,,,,,,,,,,,
,,,,,,,,,,,,,,,,,,,,,,,,,,,,6.00 ,配合完成所有现场变更，竣工图审核并加盖印章，竣工验收完成且进行设计合同结算后15个工作日内请款，次月30日前付款,0.10 ,600000.00 ,600000.00 ,产值确认单,45651.00 ,,,,,0.00 ,,,,,,,,,,,,,,,94834.96 ,,,,,7355.50 ,34289.50 ,,,,,463520.04 ,,,,,,,,,,,,,,,,,,,,,,,,,,,,,
,,,,,,,,,,,,,,,,,,,,,,,,,,,,,,,430000.00 ,,,,,,,,,,,,,,,,,,,,,,,,,,,,,,,,,,,,,,,,,,,,,,,,,,,,,,,,,,,,,,,
,外部,45225.00 ,阿美达赫兰企业学院大楼项目,,阿美企业学院大楼项目4D施工模拟及动画服务合同,CRCCRE-SJ-BIM-2023-019,BIM,,中国铁建股份公司沙特分公司,/,一口价,105000.00 ,,,,,,,,,95000.00 ,10000.00 ,,,,,,1.00 ,施工论证完成后支付合同总价的20%,0.20 ,21000.00 ,21000.00 ,,,21000.00 ,,,,0.00 ,,21000.00 ,,,,,,,,,,,,,,,,,,,11000.00 ,10000.00 ,,,,,,,,,,,,,,,,,,,,,,,,,,,,,,,,,
,,,,,,,,,,,,,,,,,,,,,,,,,,,,2.00 ,根据基线完成4D模拟后支付合同总价40%,0.40 ,42000.00 ,42000.00 ,产值确认单,45267.00 ,42000.00 ,45266.00 ,39900.00 ,45519.00 ,39900.00 ,45701.00 ,2100.00 ,第一笔发票5466.30美元，按照合同汇率计算为人民币39900元，5466.30/0.137=39900，2025年2月回款39900元，财务通报39731.10为扣除手续费后金额，与财务统一按扣除前的39900记账,,,,,,,,,,,,,,,,,,42000.00 ,,,,,,,,,,,,,,39900.00 ,,,,,,,,,,,,,,,,,,,,
,,,,,,,,,,,,,,,,,,,,,,,,,,,,3.00 ,根据CRCC SA代表批准的月度进度报告，按月度实际进度支付20%的中期费用,0.20 ,21000.00 ,,,,21000.00 ,,,,0.00 ,,0.00 ,,,,,,,,,,,,,,,,,,,21000.00 ,,,,,,,,,,,,,,,,,,,,,,,,,,,,,,,,,,
,,,,,,,,,,,,,,,,,,,,,,,,,,,,4.00 ,在收到所有可交付成果并经CRCC SA代表批准后的20%,0.20 ,21000.00 ,,,,21000.00 ,,,,0.00 ,,0.00 ,,,,,,,,,,,,,,,,,,,21000.00 ,,,,,,,,,,,,,,,,,,,,,,,,,,,,,,,,,,
,外部,45243.00 ,三一全球科创中心项目,,三一全球科创中心项目（1号楼15项）钢结构深化设计合同,CRCCRE-SJ-BIM-2023-055,BIM智慧建造工作室,中建科工041120232300803022,中建科工集团有限公司,10800.00吨,46元/吨,496800.00 ,,,,,,,,,,496800.00 ,,,,,,1.00 ,乙方每月的15日前向甲方提交当月完成（获得业主及设计方审批通过）施工详图设计的工作量，经甲方审核后的1个月内，甲方向乙方支付该次审核工作量设计费的95%。,0.95 ,471960.00 ,207191.01 ,产值确认单,45261.00 ,207191.01 ,45261.00 ,207191.01 ,45262.00 ,196831.46 ,45303.00 ,10359.55 ,,,,,,,,,,,,,,,,,,,,207191.01 ,,,,,,,,,,,,,,196831.46 ,,,,,,,,,,,,,,,,,,,
,,,,,,,,,,,,,,,,,,,,,,,,,,,,,,,,264768.99 ,"产值确认单
",45307.00 ,264768.99 ,45307.00 ,264768.99 ,45308.00 ,150000.00 ,45423.00 ,114768.99 ,,,,,,,,,,,,,,,,,,,,264768.99 ,,,,,,,,,,,,,,150000.00 ,,,,,,,,,,,,,,,,,,,
,,,,,,,,,,,,,,,,,,,,,,,,,,,,2.00 ,全部深化工作结束后，付至审核工作量设计费的95%，安装完毕后双方办理结算，除保留5%质保金外结清尾款。本工程钢结构安装完毕后 30  天内支付乙方剩余的5%,0.05 ,24840.00 ,24840.00 ,"产值确认单
",45307.00 ,24840.00 ,45307.00 ,24840.00 ,45308.00 ,100000.00 ,45644.00 ,,回10万保理，扣除手续费金额为97798.61,,,,,,,,,,,,,,,,,,,24840.00 ,,,,,,,,,,,,,,100000.00 ,,,,,,,,,,,,,,,,,,,
,,,,,,,,,,,,,,,,,,,,,,,,,,,,,,,,,,,,,,,14840.00 ,,,,,,,,,,,,,,,,,,,,,,,,,,,,,,,,,,,,14840.00 ,,,,,,,,,,,,,,,,,,,
,外部,45621.00 ,三一全球科创中心项目,,三一全球科创中心（1号楼15项）施工总承包项目钢结构深化设计合同补充协议,CRCCRE-SJ-BIM-2023-055-B1,BIM智慧建造工作室,中建科工041120242300828020,中建科工集团有限公司,1598.00吨,46元/吨,73508.00 ,,,,,,,,,,73508.00 ,,,,,,1.00 ,新增设计费：变更签证,1.00 ,73508.00 ,63600.00 ,产值确认单,45261.00 ,63600.00 ,45601.00 ,60420.00 ,46007.00 ,60420.00 ,,0.00 ,,,,,,,,,,,,,,,,,,,,63600.00 ,,,,,,,,,,,,,,60420.00 ,,,,,,,,,,,,,,,,,,,
,,,,,,,,,,,,,,,,,,,,,,,,,,,,,,,,-3180.00 ,产值确认单,46007.00 ,-3180.00 ,46007.00 ,,,,,,,,,,,,,,,,,,,,,,,,,-3180.00 ,,,,,,,,,,,,,,-3180.00 ,,,,,,,,,,,,,,,,,,,
,,,,,,,,,,,,,,,,,,,,,,,,,,,,,,,,0.00 ,,,,,,,0.00 ,,0.00 ,,,,,,,,,,,,,,,,,,,,,,,,,,,,,,,,,,,,,,,,,,,,,,,,,,,,,
,外部,45958.00 ,光大太原金碧天下项目,,中国铁建·太原花语雅颂项目立面方案设计及施工图优化服务合同,CRCCRE-SJ-SJ-2025-002,立面设计+咨询,TYJB-QT-202509-014,太原恒颖房地产开发有限公司,278998.36 ,"立面设计
4元/㎡
商业立面
9元/㎡
售楼处
62元/㎡
大门优化
92元/㎡
咨询优化
10%",845980.78 ,,,,775980.78 ,,,,70000.00 ,,,,,,,,1-立面,合同签订后，甲方在15个工作日内支付给乙方,0.10 ,77598.08 ,77598.08 ,产值确认单,46011.00 ,,,,,77598.08 ,46021.00 ,77598.08 ,,,,,,,,,,,,,,,,,,,,,,,77598.08 ,,,,,,,,,,,,,,77598.08 ,,,,,,,,,,,,,,,,
,,,,,,,,,,,,,,,,,,,,,,,,,,,,2-立面,立面（1-11号楼及商业）、售楼处、大门概念方案完成后，经甲方书面确认后15个工作日内,0.15 ,116397.12 ,116397.12 ,产值确认单,46011.00 ,,,,,116397.12 ,46021.00 ,116397.12 ,,,,,,,,,,,,,,,,,,,,,,,116397.12 ,,,,,,,,,,,,,,116397.12 ,,,,,,,,,,,,,,,,
,,,,,,,,,,,,,,,,,,,,,,,,,,,,3-立面,立面（1-11号楼及商业）、售楼处、大门方案深化完成后，经甲方书面确认后15个工作日内；,0.25 ,193995.20 ,193995.20 ,预估,46111.00 ,,,,,193995.20 ,46081.00 ,-193995.20 ,,,,,,,,,,,,,,,,,,,,,,,193995.20 ,,,,,,,,,,,,,,193995.20 ,,,,,,,,,,,,,,,,
,,,,,,,,,,,,,,,,,,,,,,,,,,,,4-立面,方案通过政府相关审批（规划复函）后，经甲方书面确认后15个工作日内；,0.20 ,155196.16 ,155196.16 ,预估,46142.00 ,,,,,155196.16 ,46081.00 ,-155196.16 ,,,,,,,,,,,,,,,,,,,,,,,155196.16 ,,,,,,,,,,,,,,155196.16 ,,,,,,,,,,,,,,,,
,,,,,,,,,,,,,,,,,,,,,,,,,,,,5-立面,项目总图、建筑单专业扩初设计图纸完成，并取得《建设工程规划许可证》后，经甲方书面确认后15个工作日内。,0.20 ,155196.16 ,155196.16 ,预估,46172.00 ,,,,,155196.16 ,46142.00 ,-155196.16 ,,,,,,,,,,,,,,,,,,,,,,,155196.16 ,,,,,,,,,,,,,,155196.16 ,,,,,,,,,,,,,,,,
,,,,,,,,,,,,,,,,,,,,,,,,,,,,6-立面,配合施工完成，至竣工验收完成后按照《建设工程规划许可证》各项建筑面积结算，经甲方书面确认并办理完结算工作后15个工作日内,0.10 ,77598.08 ,77598.08 ,,,,,,,77598.08 ,,-77598.08 ,,,,,,,,,,,,,,,,,,,,,,,77598.08 ,,,,,,,,,,,,,,77598.08 ,,,,,,,,,,,,,,,,
,,,,,,,,,,,,,,,,,,,,,,,,,,,,1-咨询,合同签订并提交第一版全专业施工图优化设计咨询报告后，甲方在15个工作日内支付给乙方,0.20 ,14000.00 ,14000.00 ,产值确认单,46011.00 ,,,,,14000.00 ,46081.00 ,14000.00 ,,,,,,,,,,,,,,,,,,,,,,,14000.00 ,,,,,,,,,,,,,,14000.00 ,,,,,,,,,,,,,,,,
,,,,,,,,,,,,,,,,,,,,,,,,,,,,2-咨询,甲方完成施工图审查并取得审查合格证后，甲乙双方根据本项目实际已实现的降本增效价值进行计价，经双方书面确认后15个工作日内支付给乙方,0.60 ,42000.00 ,42000.00 ,,,,,,,42000.00 ,,-42000.00 ,,,,,,,,,,,,,,,,,,,,,,,42000.00 ,,,,,,,,,,,,,,42000.00 ,,,,,,,,,,,,,,,,
,,,,,,,,,,,,,,,,,,,,,,,,,,,,3-咨询,乙方按合同要求完成全部工作内容，并按甲方要求报送结算资料，并经甲方认可后，经甲方书面确认并办理完结算工作后15个工作日内支付剩余经济性咨询费用给乙方,0.20 ,14000.00 ,14000.00 ,,,,,,,14000.00 ,,-14000.00 ,,,,,,,,,,,,,,,,,,,,,,,14000.00 ,,,,,,,,,,,,,,14000.00 ,,,,,,,,,,,,,,,,
,外部,45357.00 ,珠海新澳半岛三期项目（澳屿花园项目）,,澳屿花园项目设计优化咨询服务合同,CRCCRE-SJ-ZX-2024-001,咨询,,南光濠江(珠海)房地产有限公司,159518.60 ,精审：2元/㎡；施工图设计咨询：费率4.48%,489277.20 ,,,,,,,,490000.00 ,,,,,,,0.00 ,精审,本合同签订且乙方开展精细化审查工作并提供精细化审查意见且经甲方确认后经甲方确认后，15个工作日内请款，次月30个工作日内甲方向乙方支付精细化审核费用的50% ,0.50 ,159518.60 ,159518.60 ,产值确认单,45426.00 ,159518.60 ,/,159518.60 ,45426.00 ,159518.60 ,45559.00 ,0.00 ,,,,,,,,,,,,,,,,,,159518.60 ,,,,,,,,,,,,,,159518.60 ,,,,,,,,,159518.60 ,0.00 ,,,,,,,,,,,
,,,,,,,,,,,,,,,,,,,,,,,,,,,,精审,提交最终版精细化审查总结报告且经甲方确认，本项目办理完成结算后，15个工作日内请款，次月30个工作日内甲方向乙方支付精细化审核费用的100% ,0.50 ,159518.60 ,0.00 ,,,,,,,,,0.00 ,,,,,,,,,,,,,,,,,,,,,,,,,,,,,,,,,,,,,,,,,,,,,,,,,,,,,
,,,,,,,,,,,,,,,,,,,,,,,,,,,,设计咨询,合同签订且乙方开展设计咨询工作并提供设计咨询优化意见后15个工作日内请款，次月30个工作日内甲方向乙方支付咨询优化费用的20%,0.20 ,34048.00 ,34048.00 ,产值确认单,45426.00 ,34048.00 ,/,34048.00 ,45426.00 ,34048.00 ,45559.00 ,0.00 ,,,,,,,,,,,,,,,,,,34048.00 ,,,,,,,,,,,,,,34048.00 ,,,,,,,,,34048.00 ,0.00 ,,,,,,,,,,,
,,,,,,,,,,,,,,,,,,,,,,,,,,,,设计咨询,乙方提交施工图设计咨询报告且本项目施工图图审合格后，15个工作日内请款，次月30日前支付至咨询优化费用的60%,0.60 ,102144.00 ,102144.00 ,预估,,,/,,,102144.00 ,,-102144.00 ,,,,,,,,,,,,,,,,,,102144.00 ,,,,,,,,,,,,,,102144.00 ,,,,,,,,,,,,,,,,,,,,,
,,,,,,,,,,,,,,,,,,,,,,,,,,,,设计咨询,甲乙双方根据本项目实现的咨询优化价值进行结算，经双方确认后，15个工作日内请款，次月30日前支付至咨询优化费用的100%,0.20 ,34048.00 ,0.00 ,,,,,,,,,0.00 ,,,,,,,,,,,,,,,,,,,,,,,,,,,,,,,,,,,,,,,,,,,,,,,,,,,,,
,外部,45857.00 ,济南遥墙机场项目,,济南遥墙机场二期改扩建工程T2航站楼、综合交通中心行李系统项目钢平台设计服务合同,CRCCRE-SJ-BIM-2025-004,BIM智慧建造,,德利九州物流自动化系统（北京）有限公司,,,446000.00 ,,,,,,,,,,446000.00 ,,,,,,1.00 ,第一批：完成1区钢结构计算书编制、布局图（4661㎡）；5区钢结构计算书、布局图（8299㎡）；2-4区、7区、GTC区布局图（16355㎡，单价6.4）,0.62 ,274744.00 ,274744.00 ,产值确认单,45908.00 ,274744.00 ,45908.00 ,274744.00 ,45908.00 ,274744.00 ,45917.00 ,0.00 ,非权益部分100000；权益部分346000；权益部分BIM85%，咨询结构15%,,,,,,,,,,,,,,,,,31971.33 ,,242772.67 ,,,,,,,,,,,,31971.33 ,,242772.67 ,,,,,,,,,,,,,,,,,,,
,,,,,,,,,,,,,,,,,,,,,,,,,,,,2.00 ,2-4、7、GTC区钢结构计算书,0.35 ,157008.00 ,157008.00 ,预估,46021.00 ,,,,,157008.00 ,46052.00 ,-157008.00 ,,,,,,,,,,,,,,,,,,18270.66 ,,138737.34 ,,,,,,,,,,,,18270.66 ,,138737.34 ,,,,,,,,,,,,,,,,,,,
,,,,,,,,,,,,,,,,,,,,,,,,,,,,3.00 ,其他部分,0.03 ,14248.00 ,0.00 ,预估,,,,,,0.00 ,,0.00 ,,,,,,,,,,,,,,,,,,,,,,,,,,,,,,,,,,,,,,,,,,,,,,,,,,,,,
,外部,45862.00 ,济南遥墙机场项目,,济南遥墙机场二期改扩建工程T2航站楼、综合交通中心行李系统项目钢平台设计服务合同补充协议（一）,CRCCRE-SJ-BIM-2025-004-B1,BIM智慧建造,,德利九州物流自动化系统（北京）有限公司,,,45900.00 ,,,,,,,,,18150.00 ,27750.00 ,,,,,,1.00 ,7月驻场设计结算,1.00 ,45900.00 ,45900.00 ,产值确认单,45877.00 ,45900.00 ,45877.00 ,45900.00 ,45880.00 ,45900.00 ,45888.00 ,0.00 ,,,,,,,,,,,,,,,,,,,18150.00 ,27750.00 ,,,,,,,,,,,,,18150.00 ,27750.00 ,,,,,,,,,,,,,,,,,,,
,外部,45954.00 ,济南遥墙机场项目,,济南遥墙机场二期改扩建工程T2航站楼、综合交通中心行李系统项目钢平台设计服务合同补充协议（二）,CRCCRE-SJ-BIM-2025-004-B2,BIM智慧建造,,德利九州物流自动化系统（北京）有限公司,,"埋件图：1区5元/㎡，23305.00；2、3、4、5、7、GTC区2元/㎡，49308.00；
布局图出图：7328.75",79941.75 ,,,,,,,,,,79941.75 ,,,,,,1.00 ,埋件图：1区23305.00的80%；2、3、4、5、7、GTC区49308.00的60%,0.60 ,48228.80 ,48228.80 ,预估,46021.00 ,,,,,48228.80 ,46052.00 ,-48228.80 ,BIM85%，咨询结构15%,,,,,,,,,,,,,,,,,7234.32 ,,40994.48 ,,,,,,,,,,,,7234.32 ,,40994.48 ,,,,,,,,,,,,,,,,,,,
,,,,,,,,,,,,,,,,,,,,,,,,,,,,2.00 ,其他部分,,,,,,,,,,,,,,,,,,,,,,,,,,,,,,,,,,,,,,,,,,,,,,,,,,,,,,,,,,,,,,,,,
,城市运营,45427.00 ,北京房山文娱运营公司(7F-8F)精装项目,CRCCRE-DC-XM-2024-002,"房山区长阳镇起步区6号地文化娱乐用地
项目南楼7~8层精装修设计合同",CRCCRE-SJ-JZ-2024-002,精装,,中铁房地产集团城市运营管理有限公司,2756.00 ,,400000.00 ,,,,,,88000.00 ,,,,,,312000.00 ,,,,1.00 ,乙方完成方案设计之日起且经甲方审核确认后30日内。,0.40 ,160000.00 ,160000.00 ,产值确认,45464.00 ,160000.00 ,45464.00 ,160000.00 ,45464.00 ,160000.00 ,45499.00 ,,实际总结算金额预计为30万元,,,,,,,,,,,,,,,35200.00 ,,,,,,124800.00 ,,,,,,,,35200.00 ,,,,,,124800.00 ,,,直委,OA,160000.00 ,0.00 ,,,,,,,,,,,
,,,,,,,,,,,,,,,,,,,,,,,,,,,,2.00 ,乙方完成施工图设计且经甲方审核确认后30日内。,0.30 ,120000.00 ,120000.00 ,产值确认,45600.00 ,120000.00 ,45600.00 ,120000.00 ,45601.00 ,120000.00 ,45624.00 ,,,,,,,,,,,,,,,,,26400.00 ,,,,,,93600.00 ,,,,,,,,26400.00 ,,,,,,93600.00 ,,,,,,,,,,,,,,,,,
,,,,,,,,,,,,,,,,,,,,,,,,,,,,3.00 ,乙方完成顶层隔音降噪设计服务且经甲方审核确认后30日内。,0.25 ,100000.00 ,,,,,,,,,,,,,,,,,,,,,,,,,,,,,,,,,,,,,,,,,,,,,,,,,,,,,,,,,,,,,,,
,,,,,,,,,,,,,,,,,,,,,,,,,,,,4.00 ,乙方完成精装修施工配合工作，甲方完成内部验收工作并确认后30日内，需向乙方支付剩余尾款。,0.05 ,20000.00 ,20000.00 ,产值确认单,45845.00 ,20000.00 ,45845.00 ,20000.00 ,45848.00 ,20000.00 ,45861.00 ,,,,,,,,,,,,,,,,,4400.00 ,,,,,,15600.00 ,,,,,,,,4400.00 ,,,,,,15600.00 ,,,,,,,,,,,,,,,,,
,外部,45922.00 ,西安港务区代建108亩项目,,"西安港时代国港项目BIM设计项目
建筑工程协作服务合同",CRCCRE-SJ-BIM-2025-007,BIM地下室管综建模,XA-20250067-XZ06,西安基准方中建筑设计有限公司,53439.76 ,7元/㎡,374078.32 ,,,,,,,,,374078.32 ,,,,,,BIM中心,1.00 ,完成方案设计、取得政府方案设计阶段审批文件或通过专家评审后，支付暂定设计费总价的30%,0.30 ,112223.50 ,0.00 ,,,,,,,0.00 ,,0.00 ,,,,,,,,,,,,,,,,,,,,,,,,,,,,,,,,,,,,,,,,,,,,,,,,,,,,,
,,,,,,,,,,,,,,,,,,,,,,,,,,,,2.00 ,完成施工图审查，取得相应审图成果文件，提交地下室BIM模型且经过甲方确认后，支付暂定设计费总价的20%,0.20 ,74815.66 ,0.00 ,,,,,,,0.00 ,,0.00 ,,,,,,,,,,,,,,,,,,,,,,,,,,,,,,,,,,,,,,,,,,,,,,,,,,,,,
,,,,,,,,,,,,,,,,,,,,,,,,,,,,3.00 ,出具主体（建筑、结构、给排水、采暖通风、电气照明）施工蓝图，根据优化后的施工图纸提交BIM咨询优化报告，并经发包人确认完成施工交底后，支付暂定设计费总价的20%,0.20 ,74815.66 ,0.00 ,,,,,,,0.00 ,,0.00 ,,,,,,,,,,,,,,,,,,,,,,,,,,,,,,,,,,,,,,,,,,,,,,,,,,,,,
,,,,,,,,,,,,,,,,,,,,,,,,,,,,4.00 ,完成全部专项设计，出具全部专项设计施工蓝图，并经发包人确认完成施工交底后，支付暂定设计费总价的10%,0.10 ,37407.83 ,0.00 ,,,,,,,0.00 ,,0.00 ,,,,,,,,,,,,,,,,,,,,,,,,,,,,,,,,,,,,,,,,,,,,,,,,,,,,,
,,,,,,,,,,,,,,,,,,,,,,,,,,,,5.00 ,项目整体竣工验收合格，并完成结算后支付至结算价的97%,0.17 ,63593.31 ,0.00 ,,,,,,,0.00 ,,0.00 ,,,,,,,,,,,,,,,,,,,,,,,,,,,,,,,,,,,,,,,,,,,,,,,,,,,,,
,,,,,,,,,,,,,,,,,,,,,,,,,,,,6.00 ,项目投入使用两个月且无设计相关问题后支付剩余的3%,0.03 ,11222.35 ,0.00 ,,,,,,,0.00 ,,0.00 ,,,,,,,,,,,,,,,,,,,,,,,,,,,,,,,,,,,,,,,,,,,,,,,,,,,,,
,外部,45672.00 ,国际集团机电工程研究路线规划报告项目,,打造“专精特新”技术发展研究服务合同,CRCCRE-SJ-ZX-2024-002,咨询,,中国铁建国际集团有限公司,/,/,60000.00 ,,,,,,,,60000.00 ,,,,,,,,1.00 ,合同签订后，乙方提交研究报告初稿，经甲方确认，并在收到乙方提供的合法有效的增值税专用发票后支付合同价款的50%;,0.50 ,30000.00 ,30000.00 ,产值确认单,45674.00 ,30000.00 ,45674.00 ,30000.00 ,45679.00 ,30000.00 ,45765.00 ,0.00 ,,,,,,,,,,,,,,,,,,30000.00 ,,,,,,,,,,,,,,30000.00 ,,,,,,,直委,OA,,,,,,,,,,,,,
,,,,,,,,,,,,,,,,,,,,,,,,,,,,2.00 ,完成中期汇报，提交符合任务书内容的要求的成果，经甲方书面确认并在收到乙方提供的合法有效的增值税专用发票后支付合同价款的 40%，累计付至 90%;,0.40 ,24000.00 ,24000.00 ,产值确认单,45674.00 ,24000.00 ,45674.00 ,24000.00 ,45679.00 ,24000.00 ,45765.00 ,0.00 ,,,,,,,,,,,,,,,,,,24000.00 ,,,,,,,,,,,,,,24000.00 ,,,,,,,,,,,,,,,,,,,,,
,,,,,,,,,,,,,,,,,,,,,,,,,,,,3.00 ,完成终稿汇报，提交满足任务书内容要求的科研内容并通过甲方审核验收，经甲方书面确认并在收到乙方提供的合法有效的增值税专用发票后支付合同价款的 10%，累计支付至结算价的 100%。,0.10 ,6000.00 ,6000.00 ,产值确认单,45674.00 ,6000.00 ,45674.00 ,6000.00 ,45679.00 ,6000.00 ,45765.00 ,0.00 ,,,,,,,,,,,,,,,,,,6000.00 ,,,,,,,,,,,,,,6000.00 ,,,,,,,,,,,,,,,,,,,,,
,,,,,,,,,,,,,,,,,,,,,,,,,,,,,,,,,,,,,,,,,,,,,,,,,,,,,,,,,,,,,,,,,,,,,,,,,,,,,,,,,,,,,,,,,,,,,,
,,,,,,,,,,,,,,,,,,,,,,,,,,,,,,,,,,,,,,,,,,,,,,,,,,,,,,,,,,,,,,,,,,,,,,,,,,,,,,,,,82,,,,,,,,,,,,,
